wordnet_id,Unnamed: 0,subset,core_synset,core_lemma,hypernym_synsets,cohyponym_synsets,wikimedia_images,image_filename,definition,model_a,model_b,assessor_vitya
29148617,1595,predict_hypernym,genetic_disease.n.01,genetic_disease,['disease.n.01'],"['animal_disease.n.01', 'anthrax.n.02', 'aspergillosis.n.03', 'autoimmune_disease.n.01', 'blackwater.n.01', 'cat_scratch_disease.n.01', 'communicable_disease.n.01', 'complication.n.03', 'crud.n.03', 'deficiency_disease.n.01', 'disease_of_the_neuromuscular_junction.n.01', 'endemic.n.01', 'enteropathy.n.01', 'exanthema_subitum.n.01', 'eye_disease.n.01', 'fibrocystic_breast_disease.n.01', 'filariasis.n.01', 'goiter.n.01', 'incompetence.n.02', 'inflammatory_disease.n.01', 'kawasaki_disease.n.01', 'liver_disease.n.01', 'malignancy.n.01', 'marseilles_fever.n.01', ""meniere's_disease.n.01"", 'milk_sickness.n.02', 'mimesis.n.02', 'occupational_disease.n.01', 'onychosis.n.01', 'ozena.n.01', 'periarteritis_nodosa.n.01', 'periodontal_disease.n.01', 'plant_disease.n.01', 'pycnosis.n.01', 'respiratory_disease.n.01', 'rheumatism.n.01', 'sandfly_fever.n.01', 'skin_disease.n.01']","['https://upload.wikimedia.org/wikipedia/commons/1/11/A_boy_with_Down_syndrome_using_cordless_drill_to_assemble_a_book_case.jpg?20060827174519', 'https://upload.wikimedia.org/wikipedia/commons/thumb/0/0e/Inborn_errors_of_metabolism.svg/800px-Inborn_errors_of_metabolism.svg.png?20100221001102', 'https://upload.wikimedia.org/wikipedia/commons/thumb/6/69/Overlapping_clinical_phenotypes_in_genes_associated_with_monogenic_forms_of_autism_spectrum_disorder_%28ASD%29%2C_dystonia%2C_epilepsy_and_schizophrenia.svg/713px-Overlapping_clinical_phenotypes_in_genes_associated_with_monogenic_forms_of_autism_spectrum_disorder_%28ASD%29%2C_dystonia%2C_epilepsy_and_schizophrenia.svg.png?20240210072029', 'https://upload.wikimedia.org/wikipedia/commons/thumb/e/ed/Genetic_transmission_of_hemophilia_%28HY%29.svg/512px-Genetic_transmission_of_hemophilia_%28HY%29.svg.png?20221118063755', 'https://upload.wikimedia.org/wikipedia/commons/thumb/3/34/Summit_Charts_a_Course_to_Uncover_the_Origins_of_Genetic_Diseases.png/800px-Summit_Charts_a_Course_to_Uncover_the_Origins_of_Genetic_Diseases.png?20201129142824']",A boy with Down syndrome using cordless drill to assemble a book case.jpg,a disease or disorder that is inherited genetically,black-forest-labs_FLUX.1-dev,Tencent-Hunyuan_HunyuanDiT-v1.2-Diffusers,0
2053030,1598,predict_hypernym,surpass.v.02,surpass,['beat.v.01'],"['cheat.v.02', 'checkmate.v.01', 'cream.v.02', 'eliminate.v.06', 'get_the_best.v.01', 'get_the_jump.v.01', 'immobilize.v.03', 'outdo.v.02', 'outfight.v.01', 'outplay.v.01', 'outpoint.v.02', 'overcome.v.02', 'overpower.v.01', 'spread-eagle.v.05', 'walk_over.v.01', 'whomp.v.02', 'worst.v.01']","['https://upload.wikimedia.org/wikipedia/commons/thumb/a/a5/Anabuki_Surpass_Joto_at_Osaka.jpg/450px-Anabuki_Surpass_Joto_at_Osaka.jpg?20240618165540', 'https://upload.wikimedia.org/wikipedia/commons/1/1e/June_2022_stayover_arrivals_surpass_Full-Year_2021.png?20220804205242', 'https://upload.wikimedia.org/wikipedia/commons/thumb/7/79/OMNY_Surpasses_100_Million_Taps_%2851293503572%29.jpg/760px-OMNY_Surpasses_100_Million_Taps_%2851293503572%29.jpg?20210709131044', 'https://upload.wikimedia.org/wikipedia/commons/thumb/d/de/OMNY_Surpasses_100_Million_Taps_%2851294250306%29.jpg/497px-OMNY_Surpasses_100_Million_Taps_%2851294250306%29.jpg?20210709131050', 'https://upload.wikimedia.org/wikipedia/commons/thumb/b/b7/OMNY_Surpasses_100_Million_Taps_%2851294966554%29.jpg/800px-OMNY_Surpasses_100_Million_Taps_%2851294966554%29.jpg?20210709131044']",Anabuki Surpass Joto at Osaka.jpg,be or do something to a greater degree,prompthero_openjourney,black-forest-labs_FLUX.1-dev,3
93221214,1603,predict_hypernym,plaything.n.01,plaything,['artifact.n.01'],"['americana.n.01', 'anachronism.n.02', 'antiquity.n.03', 'article.n.02', 'block.n.01', 'building_material.n.01', 'button.n.07', 'commodity.n.01', 'cone.n.01', 'covering.n.02', 'creation.n.02', 'decker.n.02', 'decoration.n.01', 'electroplate.n.01', 'excavation.n.03', 'extra.n.03', 'fabric.n.01', 'facility.n.01', 'facility.n.04', 'fixture.n.01', 'float.n.06', 'insert.n.02', 'instrumentality.n.03', 'layer.n.01', 'lemon.n.05', 'line.n.18', 'marker.n.01', 'mystification.n.02', 'opening.n.10', 'padding.n.01', 'paving.n.01', 'ready-made.n.01', 'restoration.n.05', 'sheet.n.06', 'sphere.n.02', 'square.n.07', 'squeaker.n.01', 'strip.n.02', 'structure.n.01', 'surface.n.01', 'thing.n.04', 'track.n.03', 'way.n.06', 'weight.n.04']","['https://upload.wikimedia.org/wikipedia/commons/thumb/0/05/Mexican_guitars_and_toys.jpg/753px-Mexican_guitars_and_toys.jpg?20170730063458', 'https://upload.wikimedia.org/wikipedia/commons/thumb/8/8e/Man%27s_Plaything_%281920%29_-_1.jpg/504px-Man%27s_Plaything_%281920%29_-_1.jpg?20160810135229', 'https://upload.wikimedia.org/wikipedia/commons/thumb/b/bc/Man%27s_Plaything_%281920%29_-_3.jpg/449px-Man%27s_Plaything_%281920%29_-_3.jpg?20161003223523', 'https://upload.wikimedia.org/wikipedia/commons/thumb/a/a4/Rich_Man%27s_Plaything_lobby_card.jpg/764px-Rich_Man%27s_Plaything_lobby_card.jpg?20170402202328', 'https://upload.wikimedia.org/wikipedia/commons/thumb/4/48/Man%27s_Plaything_%281920%29_-_2.jpg/445px-Man%27s_Plaything_%281920%29_-_2.jpg?20160929125941']",Mexican guitars and toys.jpg,an artifact designed to be played with,runwayml_stable-diffusion-v1-5,black-forest-labs_FLUX.1-dev,1
3818090,1606,simple_triplet_2parent,neomycin.n.01,neomycin,"['antibiotic.n.01', 'antiseptic.n.01']","['actinomycin.n.01', 'amphotericin.n.01', 'antimycin.n.01', 'antineoplastic_antibiotic.n.01', 'aztreonam.n.01', 'bacitracin.n.01', 'carbomycin.n.01', 'cephaloglycin.n.01', 'cephaloridine.n.01', 'cephalosporin.n.01', 'chloramphenicol.n.01', 'chlortetracycline.n.01', 'ciprofloxacin.n.01', 'cycloserine.n.01', 'dihydrostreptomycin.n.01', 'doxorubicin.n.01', 'doxycycline.n.01', 'erythromycin.n.01', 'gentamicin.n.01', 'gramicidin.n.01', 'kanamycin.n.01', 'lincomycin.n.01', 'mitomycin.n.01', 'mycomycin.n.01', 'novobiocin.n.01', 'nystatin.n.01', 'oxytetracycline.n.01', 'penicillin.n.01', 'polymyxin.n.01', 'primaxin.n.01', 'pyocyanase.n.01', 'pyocyanin.n.01', 'spectinomycin.n.01', 'streptomycin.n.01', 'streptothricin.n.01', 'subtilin.n.01', 'tobramycin.n.01', 'tyrocidine.n.01', 'tyrothricin.n.01', 'vancomycin.n.01', 'viomycin.n.01', 'chloramine.n.01', 'chlorhexidine.n.01', 'gramicidin.n.01', 'iodoform.n.02', 'merbromine.n.01', 'mild_silver_protein.n.01', 'neomycin.n.01', 'thimerosal.n.01', 'tincture_of_iodine.n.01']","['https://upload.wikimedia.org/wikipedia/commons/thumb/4/4f/Neomycin_B_C.svg/620px-Neomycin_B_C.svg.png?20090624185656', 'https://upload.wikimedia.org/wikipedia/commons/thumb/1/12/Neomycin_B.png/458px-Neomycin_B.png?20160530024025', 'https://upload.wikimedia.org/wikipedia/commons/thumb/3/3a/Selective_diazotransfer_to_neomycin_B.png/800px-Selective_diazotransfer_to_neomycin_B.png?20150103012135', 'https://upload.wikimedia.org/wikipedia/commons/thumb/6/69/Neomycin_ball-and-stick.png/800px-Neomycin_ball-and-stick.png?20130714131444', 'https://upload.wikimedia.org/wikipedia/commons/thumb/2/2f/Neomycin.svg/800px-Neomycin.svg.png?20240316005201']",Neomycin B C.svg,an antibiotic obtained from an actinomycete and used (as a sulphate under the trade name Neobiotic) as an intestinal antiseptic in surgery,black-forest-labs_FLUX.1-dev,playgroundai_playground-v2.5-1024px-aesthetic,1
4259202,1613,simple_triplet_2parent,solenoid.n.01,solenoid,"['coil.n.06', 'magnet.n.01']","['armature.n.01', 'astatic_coils.n.01', 'choke.n.01', 'field_coil.n.01', 'induction_coil.n.01', 'primary_coil.n.01', 'read/write_head.n.01', 'secondary_coil.n.01', 'tickler_coil.n.01', 'bar_magnet.n.01', 'electromagnet.n.01', 'field_magnet.n.01', 'magnetic_needle.n.01', 'paramagnet.n.01', 'permanent_magnet.n.01', 'solenoid.n.01']","['https://upload.wikimedia.org/wikipedia/commons/thumb/4/45/Solenoid-1.png/800px-Solenoid-1.png?20091002222929', 'https://upload.wikimedia.org/wikipedia/commons/thumb/6/6a/Solenoid_Valve_Open.png/800px-Solenoid_Valve_Open.png?20221124220533', 'https://upload.wikimedia.org/wikipedia/commons/thumb/d/d7/Solenoid_with_3_loops.svg/709px-Solenoid_with_3_loops.svg.png?20220321131012', 'https://upload.wikimedia.org/wikipedia/commons/thumb/0/07/Solenoid_Valve_Closed.png/800px-Solenoid_Valve_Closed.png?20221124220533', 'https://upload.wikimedia.org/wikipedia/commons/thumb/0/0d/VFPt_Solenoid_correct2.svg/490px-VFPt_Solenoid_correct2.svg.png?20190914202900']",Solenoid-1.png,a coil of wire around an iron core; becomes a magnet when current passes through the coil,black-forest-labs_FLUX.1-dev,stabilityai_sdxl-turbo,1
7036307,1617,predict_hypernym,change_by_reversal.v.01,change_by_reversal,['change.v.02'],"['acetylate.v.01', 'adjust.v.03', 'alkalinize.v.01', 'americanize.v.02', 'ascend.v.08', 'assibilate.v.02', 'assimilate.v.05', 'assume.v.03', 'barbarize.v.01', 'boil.v.02', 'break.v.22', 'break_into.v.02', 'brutalize.v.03', 'calcify.v.02', 'capacitate.v.02', 'carbonate.v.01', 'caseate.v.01', 'caseate.v.02', 'catch.v.12', 'catch_on.v.02', 'change_integrity.v.01', 'change_magnitude.v.01', 'change_posture.v.01', 'change_shape.v.01', 'change_state.v.01', 'change_surface.v.01', 'clinker.v.02', 'collapse.v.01', 'come.v.04', 'come_in.v.03', 'come_round.v.01', 'commute.v.01', 'complexify.v.01', 'concretize.v.02', 'conjugate.v.03', 'convert.v.03', 'convert.v.11', 'cool.v.03', 'crack.v.01', 'crack.v.13', 'crash.v.11', 'creolize.v.01', 'cure.v.04', 'damage.v.02', 'darken.v.01', 'dawn.v.03', 'deaden.v.05', 'decalcify.v.01', 'decarboxylate.v.01', 'decay.v.02', 'decay.v.03', 'decrepitate.v.01', 'deepen.v.04', 'defervesce.v.01', 'democratize.v.01', 'deoxidize.v.01', 'desalinate.v.01', 'destabilize.v.01', 'develop.v.03', 'develop.v.14', 'die.v.09', 'digest.v.04', 'dim.v.02', 'discolor.v.01', 'discolor.v.03', 'dissimilate.v.01', 'dissimilate.v.03', 'distill.v.02', 'dress.v.01', 'drift.v.09', 'drop.v.20', 'dry.v.02', 'dull.v.02', 'evaporate.v.03', 'fail.v.04', 'fall.v.26', 'fall.v.27', 'fall_for.v.01', 'felt.v.03', 'feminize.v.01', 'flip.v.10', 'flocculate.v.01', 'fly.v.07', 'fold.v.05', 'form.v.07', 'format.v.01', 'foul.v.07', 'freshen.v.02', 'gel.v.01', 'gelatinize.v.02', 'give_way.v.03', 'glaze.v.02', 'go_out.v.05', 'gradate.v.02', 'grow.v.08', 'grow.v.10', 'gum.v.03', 'harden.v.01', 'harden.v.02', 'have.v.11', 'hush.v.01', 'hydrate.v.02', 'hydrolyze.v.01', 'ice_up.v.01', 'incandesce.v.02', 'indurate.v.01', 'industrialize.v.02', 'introject.v.01', 'ionize.v.01', 'isomerize.v.02', 'keratinize.v.02', 'leave.v.08', 'liberalize.v.02', 'lighten.v.05', 'make.v.30', 'mature.v.03', 'mellow.v.02', 'modernize.v.02', 'modify.v.01', 'mold.v.02', 'move.v.13', 'mutate.v.01', 'narrow.v.01', 'normalize.v.01', 'obsolesce.v.01', 'occult.v.02', 'opacify.v.02', 'oxidise.v.02', 'oxidize.v.02', 'pall.v.01', 'pass.v.18', 'plasticize.v.01', 'play_out.v.04', 'prim.v.01', 'professionalize.v.01', 'promote.v.04', 'purify.v.03', 'recede.v.03', 'receive.v.02', 'recombine.v.01', 'reflate.v.01', 'regenerate.v.08', 'regress.v.01', 'rejuvenate.v.02', 'relax.v.07', 'reorient.v.03', 'repress.v.04', 'resume.v.02', 'reticulate.v.01', 'rise.v.11', 'roll.v.18', 'salinate.v.01', 'saponify.v.01', 'separate.v.12', 'sequester.v.03', 'settle.v.15', 'shade.v.05', 'shallow.v.02', 'shear.v.04', 'shift.v.06', 'shift.v.11', 'smoothen.v.03', 'soften.v.07', 'solarize.v.02', 'spot.v.05', 'stabilize.v.03', 'stagnate.v.02', 'steepen.v.01', 'stiffen.v.01', 'stratify.v.03', 'strengthen.v.02', 'sublime.v.01', 'suburbanize.v.01', 'suffuse.v.02', 'superannuate.v.03', 'swing.v.08', 'synthesize.v.02', 'tighten.v.02', 'transaminate.v.02', 'transform.v.03', 'transpire.v.03', 'turn.v.07', 'turn_on.v.04', 'ulcerate.v.01', 'undergo.v.01', 'undulate.v.04', 'vascularize.v.01', 'vesiculate.v.01', 'vitrify.v.02', 'vulcanize.v.01', 'warm.v.01', 'warm_up.v.02']","['https://upload.wikimedia.org/wikipedia/commons/thumb/1/16/Phase_change_-_eu.svg/429px-Phase_change_-_eu.svg.png?20101130044202', 'https://upload.wikimedia.org/wikipedia/commons/thumb/a/a5/Polarity_reversal_curve.svg/800px-Polarity_reversal_curve.svg.png?20140214164746', 'https://upload.wikimedia.org/wikipedia/commons/thumb/5/52/Phase_change_-_pt.svg/493px-Phase_change_-_pt.svg.png?20161018003051', 'https://upload.wikimedia.org/wikipedia/commons/thumb/7/7b/Phase_change_-_es.svg/429px-Phase_change_-_es.svg.png?20110816141810', 'https://upload.wikimedia.org/wikipedia/commons/thumb/b/be/Curve_polarity_reversal_svg.svg/780px-Curve_polarity_reversal_svg.svg.png?20140108200807']",Phase change - eu.svg,change to the contrary,runwayml_stable-diffusion-v1-5,black-forest-labs_FLUX.1-dev,1
42231109,1621,predict_hypernym,skin.n.01,skin,"['body_covering.n.01', 'connective_tissue.n.01']","['epicranium.n.01', 'exoskeleton.n.01', 'exuviae.n.01', 'feather.n.01', 'hair.n.01', 'headful.n.02', 'hide.n.02', 'protective_covering.n.02', 'areolar_tissue.n.01', 'bone.n.01', 'elastic_tissue.n.01', 'endoneurium.n.01', 'fascia.n.01', 'granulation.n.01', 'ligament.n.01', 'marrow.n.01', 'perimysium.n.01', 'perineurium.n.01', 'scar_tissue.n.01', 'skin.n.01', 'submucosa.n.01', 'tendon.n.01']","['https://upload.wikimedia.org/wikipedia/commons/thumb/b/b5/Komodo_dragon_skin.jpg/800px-Komodo_dragon_skin.jpg?20050518191042', 'https://upload.wikimedia.org/wikipedia/commons/thumb/d/df/Elephant_skin_%283689577529%29.jpg/800px-Elephant_skin_%283689577529%29.jpg?20130129091956', 'https://upload.wikimedia.org/wikipedia/commons/1/13/Human_skin_structure.jpg?20060331161843', 'https://upload.wikimedia.org/wikipedia/commons/thumb/2/27/Skin.png/583px-Skin.png?20121216053705', 'https://upload.wikimedia.org/wikipedia/commons/thumb/a/ac/Elephant_Skin.jpg/800px-Elephant_Skin.jpg?20071213012713']",Komodo dragon skin.jpg,a natural protective body covering and site of the sense of touch,black-forest-labs_FLUX.1-dev,prompthero_openjourney,0
660783,1625,simple_triplet_2parent,manicure.n.01,manicure,"['beauty_treatment.n.01', 'care.n.01']","['facial.n.02', 'makeover.n.01', 'pedicure.n.01', 'babysitting.n.01', 'dental_care.n.01', 'faith_healing.n.01', 'first_aid.n.01', 'hair_care.n.01', 'healthcare.n.01', 'incubation.n.01', 'livery.n.03', 'manicure.n.01', 'maternalism.n.02', 'nourishment.n.02', 'nursing.n.01', 'nurturance.n.01', 'pedicure.n.01', 'personal_care.n.01', 'pet_sitting.n.01', 'skin_care.n.01', 'tender_loving_care.n.01', 'treatment.n.01', 'tree_surgery.n.01']","['https://upload.wikimedia.org/wikipedia/commons/e/e0/Ex-servicewomen_learning_manicure_techniques.jpg?20070226002037', 'https://upload.wikimedia.org/wikipedia/commons/thumb/3/3f/Manicure_kit_late_1940s.jpg/800px-Manicure_kit_late_1940s.jpg?20120515034350', 'https://upload.wikimedia.org/wikipedia/commons/thumb/e/e7/Hastings_County_Archives_OSD_1938-1939-54_%2839912414015%29.jpg/800px-Hastings_County_Archives_OSD_1938-1939-54_%2839912414015%29.jpg?20180426212828', 'https://upload.wikimedia.org/wikipedia/commons/8/80/Manicure_closeup.jpg?20080603013004', 'https://upload.wikimedia.org/wikipedia/commons/thumb/4/41/Manicure_in_Simplicity.jpg/450px-Manicure_in_Simplicity.jpg?20171011092909']",Ex-servicewomen learning manicure techniques.jpg,professional care for the hands and fingernails,black-forest-labs_FLUX.1-dev,prompthero_openjourney,1
56160608,1627,predict_hypernym,upper_deck.n.01,upper_deck,['deck.n.01'],"['afterdeck.n.01', 'flight_deck.n.01', 'foredeck.n.01', 'gun_deck.n.01', 'hurricane_deck.n.01', 'lido_deck.n.01', 'lower_deck.n.01', 'main_deck.n.01', 'orlop_deck.n.01', 'quarterdeck.n.01']","['https://upload.wikimedia.org/wikipedia/commons/thumb/0/04/Upper_Deck_Logo.svg/302px-Upper_Deck_Logo.svg.png?20190105022657', 'https://upload.wikimedia.org/wikipedia/commons/4/46/Upper_deck_first_logo.png?20190109092652', 'https://upload.wikimedia.org/wikipedia/commons/thumb/b/b1/Kaleetan_upper_deck_cabin.JPG/800px-Kaleetan_upper_deck_cabin.JPG?20121229222827', 'https://upload.wikimedia.org/wikipedia/commons/thumb/4/40/HK_tram_95_upper_deck_interior_November_2021_SS2_02.jpg/800px-HK_tram_95_upper_deck_interior_November_2021_SS2_02.jpg?20211128071515', 'https://upload.wikimedia.org/wikipedia/commons/thumb/d/d9/Upper-deck_of_Dom_Luis_I_bridge_with_Eurotram%2C_2023.jpg/800px-Upper-deck_of_Dom_Luis_I_bridge_with_Eurotram%2C_2023.jpg?20230708074432']",Upper Deck Logo.svg,a higher deck,black-forest-labs_FLUX.1-dev,PixArt-alpha_PixArt-Sigma-XL-2-512-MS,0
8703165,1636,simple_triplet_2parent,christmas.n.02,Christmas,"['holy_day_of_obligation.n.01', 'legal_holiday.n.01']","['circumcision.n.01', 'id_al-adha.n.01', 'id_al-fitr.n.01', 'movable_feast.n.01', 'rosh_hashanah.n.01', 'thanksgiving.n.01', ""all_saints'_day.n.01"", 'ascension.n.01', 'assumption.n.04', 'christmas.n.02', 'immaculate_conception.n.01', 'solemnity_of_mary.n.01', 'bank_holiday.n.01', 'bastille_day.n.01', 'boxing_day.n.01', 'christmas.n.02', 'columbus_day.n.01', 'commonwealth_day.n.01', 'dominion_day.n.01', 'independence_day.n.01', 'labor_day.n.01', ""martin_luther_king_jr's_birthday.n.01"", 'memorial_day.n.01', ""new_year's_day.n.01"", ""presidents'_day.n.01"", 'thanksgiving.n.01', 'veterans_day.n.01', 'victoria_day.n.01', 'annunciation.n.01', 'candlemas.n.01', 'christmas.n.02', 'lammas.n.01', 'martinmas.n.01', 'michaelmas.n.01', 'midsummer_day.n.01', 'pentecost.n.01']","['https://upload.wikimedia.org/wikipedia/commons/thumb/1/19/Dyker_Lights_%2862317%29.jpg/800px-Dyker_Lights_%2862317%29.jpg?20171217033342', 'https://upload.wikimedia.org/wikipedia/commons/thumb/3/3a/Christmas_tree_sxc_hu.jpg/450px-Christmas_tree_sxc_hu.jpg?20041224093439', 'https://upload.wikimedia.org/wikipedia/commons/thumb/1/18/Adoration_of_the_Shepherds%2C_Murillo_%28Prado_Museum%29.jpg/727px-Adoration_of_the_Shepherds%2C_Murillo_%28Prado_Museum%29.jpg?20230823003443', 'https://upload.wikimedia.org/wikipedia/commons/thumb/8/8f/NativityChristmasLights2.jpg/800px-NativityChristmasLights2.jpg?20191214172529', 'https://upload.wikimedia.org/wikipedia/commons/thumb/9/90/Fra_Bartolomeo_-_Holy_Family_-_BStGS_WAF_191.jpg/593px-Fra_Bartolomeo_-_Holy_Family_-_BStGS_WAF_191.jpg?20211225205223']",Dyker Lights (62317).jpg,"a Christian holiday celebrating the birth of Christ; a quarter day in England, Wales, and Ireland",black-forest-labs_FLUX.1-dev,kandinsky-community_kandinsky-3,0
14055408,1644,predict_hypernym,ailment.n.01,ailment,['disorder.n.01'],"['abocclusion.n.01', 'abruptio_placentae.n.01', 'achlorhydria.n.01', 'acholia.n.01', 'achylia.n.01', 'acute_brain_disorder.n.01', 'bladder_disorder.n.01', 'cardiovascular_disease.n.01', 'celiac_disease.n.01', 'cheilosis.n.01', 'choking.n.01', 'colpoxerosis.n.01', 'degenerative_disorder.n.01', 'dysaphia.n.01', 'dysosmia.n.01', 'dysphagia.n.01', 'dysuria.n.01', 'eating_disorder.n.01', 'failure.n.07', 'fantods.n.01', 'functional_disorder.n.01', 'glandular_disease.n.01', 'hematocolpometra.n.01', 'hematocolpos.n.01', 'hydrocele.n.01', 'hyperactivity.n.01', 'idiopathic_disease.n.01', 'immunological_disorder.n.01', 'impaction.n.02', 'impaction.n.03', 'learning_disorder.n.01', 'malocclusion.n.01', 'mental_disorder.n.01', 'metabolic_disorder.n.01', 'nervous_disorder.n.01', 'organic_disorder.n.01', 'sleep_disorder.n.01', 'speech_disorder.n.01', 'sprue.n.01', 'strangulation.n.02']","['https://upload.wikimedia.org/wikipedia/commons/thumb/c/cb/Mycobacterium_tuberculosis.jpg/621px-Mycobacterium_tuberculosis.jpg?20190621153116', 'https://upload.wikimedia.org/wikipedia/commons/9/9a/Egyptian_plague_of_boils_in_the_Toggenburg_Bible_%28black_and_white%29.jpg?20060402193357', 'https://upload.wikimedia.org/wikipedia/commons/thumb/4/46/Cruikshank_-_The_Head_Ache.png/736px-Cruikshank_-_The_Head_Ache.png?20050803154519', 'https://upload.wikimedia.org/wikipedia/commons/thumb/8/8e/La_visita_de_la_madre_al_hospital%2C_de_Enrique_Paternina_Garc%C3%ADa_Cid_%28Museo_del_Prado%29.jpg/800px-La_visita_de_la_madre_al_hospital%2C_de_Enrique_Paternina_Garc%C3%ADa_Cid_%28Museo_del_Prado%29.jpg?20160823143200', 'https://upload.wikimedia.org/wikipedia/commons/thumb/8/8d/Noun-disease-2078983-00449F.svg/600px-Noun-disease-2078983-00449F.svg.png?20220126150235']",Mycobacterium tuberculosis.jpg,an often persistent bodily disorder or disease; a cause for complaining,black-forest-labs_FLUX.1-dev,runwayml_stable-diffusion-v1-5,0
9794211,1649,leafs_and_no_leafs,anglophile.n.01,anglophile,['supporter.n.01'],"['believer.n.01', 'boswell.n.02', 'cheerleader.n.01', 'confederate.n.01', 'corporatist.n.01', 'enthusiast.n.01', 'francophile.n.01', 'free_trader.n.01', 'functionalist.n.01', 'jacobite.n.01', 'loyalist.n.01', 'new_dealer.n.01', 'philhellene.n.01', 'pillar.n.03', 'roundhead.n.02', 'seconder.n.01', 'shavian.n.01', 'subscriber.n.01', 'sympathizer.n.02', 'toaster.n.01', 'upholder.n.01', 'voucher.n.01', 'whig.n.02']","['https://upload.wikimedia.org/wikipedia/commons/2/2a/Plaque_to_an_anglophile_within_St_George%27s%2C_Bloomsbury_-_geograph.org.uk_-_1105107.jpg?20110224183242', 'https://upload.wikimedia.org/wikipedia/commons/thumb/2/2c/Harry_De_Paepe_author1.jpg/800px-Harry_De_Paepe_author1.jpg?20240318093105', 'https://upload.wikimedia.org/wikipedia/commons/thumb/a/ad/Harry_De_Paepe_author2.jpg/800px-Harry_De_Paepe_author2.jpg?20240318093105', 'https://upload.wikimedia.org/wikipedia/commons/thumb/f/f9/Harry_De_Paepe_author3.jpg/450px-Harry_De_Paepe_author3.jpg?20240318093105', 'https://upload.wikimedia.org/wikipedia/commons/thumb/c/ce/Harry_De_Paepe_author4.jpg/599px-Harry_De_Paepe_author4.jpg?20240318093111']","Plaque to an anglophile within St George's, Bloomsbury - geograph.org.uk - 1105107.jpg",an admirer of England and things English,black-forest-labs_FLUX.1-dev,stabilityai_stable-diffusion-3-medium-diffusers,0
2075049,1657,predict_hypernym,scat.v.01,scat,['leave.v.01'],"['come_away.v.02', 'decamp.v.03', 'depart.v.03', 'depart.v.04', 'desert.v.03', 'go_out.v.02', 'go_out.v.03', 'hightail.v.01', 'pop_off.v.01', 'pull_out.v.01', 'ride_off.v.01', 'run_off.v.02', 'rush_off.v.01', 'scram.v.01', 'slip_away.v.01', 'tarry.v.02', 'vacate.v.02', 'walk_off.v.02', 'walk_out.v.02']","['https://upload.wikimedia.org/wikipedia/commons/0/05/Russian_Porno_Comic_alphabet_%281890%29_%D0%BD_1.jpg?20190404105731', 'https://upload.wikimedia.org/wikipedia/commons/thumb/1/15/Sex_Machines_Museum_Prague_-_Coprophagy_Chair.jpg/450px-Sex_Machines_Museum_Prague_-_Coprophagy_Chair.jpg?20180813212017', 'https://upload.wikimedia.org/wikipedia/commons/thumb/0/0c/Sex_Machines_Museum_Prague_-_Coprophagy_Smother_Box.jpg/450px-Sex_Machines_Museum_Prague_-_Coprophagy_Smother_Box.jpg?20180813212017', 'https://upload.wikimedia.org/wikipedia/commons/thumb/d/dc/Russian_Porno_Comic_alphabet_%281890%29_%D0%BD.jpg/464px-Russian_Porno_Comic_alphabet_%281890%29_%D0%BD.jpg?20141228224959', 'https://upload.wikimedia.org/wikipedia/commons/a/ae/1911-05-14_Targa_Florio_SCAT_Ceirano_Momo.jpg?20201011033036']",Russian Porno Comic alphabet (1890) н 1.jpg,flee; take to one's heels; cut and run,black-forest-labs_FLUX.1-dev,stabilityai_sdxl-turbo,3
1474832,1658,predict_hypernym,gymnosperm.n.01,gymnosperm,['spermatophyte.n.01'],"['angiosperm.n.01', 'balsam.n.01', 'seedling.n.01']","['https://upload.wikimedia.org/wikipedia/commons/thumb/9/9c/Fichtennadel.jpg/512px-Fichtennadel.jpg?20061115111958', 'https://upload.wikimedia.org/wikipedia/commons/thumb/4/40/Gymnospermae.jpg/791px-Gymnospermae.jpg?20140719122328', 'https://upload.wikimedia.org/wikipedia/commons/thumb/7/7e/Gymnosperm_seed_fossil_2.jpg/800px-Gymnosperm_seed_fossil_2.jpg?20190903062538', 'https://upload.wikimedia.org/wikipedia/commons/thumb/2/2a/Gymnosperm_seed_fossil_1.jpg/800px-Gymnosperm_seed_fossil_1.jpg?20190903062535', 'https://upload.wikimedia.org/wikipedia/commons/thumb/1/1e/Araucaria_araucana_ArboretumMT_2.jpg/450px-Araucaria_araucana_ArboretumMT_2.jpg?20061204192340']",Fichtennadel.jpg,plants of the class Gymnospermae having seeds not enclosed in an ovary,black-forest-labs_FLUX.1-dev,stabilityai_stable-diffusion-xl-base-1.0,1
14940750,1665,simple_triplet_2parent,liquid_nitrogen.n.01,liquid_nitrogen,"['nitrogen.n.01', 'cryogen.n.01']","['liquid_air.n.01', 'azote.n.01', 'liquid_nitrogen.n.01']","['https://upload.wikimedia.org/wikipedia/commons/thumb/f/f5/Fluessiger_Stickstoff.jpg/400px-Fluessiger_Stickstoff.jpg?20110823155824', 'https://upload.wikimedia.org/wikipedia/commons/thumb/d/d2/Liquidnitrogen.jpg/600px-Liquidnitrogen.jpg?20091228191033', 'https://upload.wikimedia.org/wikipedia/commons/thumb/8/87/Evaporation_of_liquid_nitrogen.jpg/763px-Evaporation_of_liquid_nitrogen.jpg?20201130214800', 'https://upload.wikimedia.org/wikipedia/commons/thumb/4/4d/Manually_Cryogrinding_Black_Walnut_Shells.jpg/450px-Manually_Cryogrinding_Black_Walnut_Shells.jpg?20231207204520', 'https://upload.wikimedia.org/wikipedia/commons/thumb/2/20/%D0%91%D0%B0%D0%BB%D1%8B%D0%BA%D1%87%D1%8B%2C_%D0%B6%D0%B8%D0%B4%D0%BA%D0%B8%D0%B9_%D0%B0%D0%B7%D0%BE%D1%82.jpg/800px-%D0%91%D0%B0%D0%BB%D1%8B%D0%BA%D1%87%D1%8B%2C_%D0%B6%D0%B8%D0%B4%D0%BA%D0%B8%D0%B9_%D0%B0%D0%B7%D0%BE%D1%82.jpg?20230514120228']",Fluessiger Stickstoff.jpg,nitrogen in a liquid state,black-forest-labs_FLUX.1-dev,runwayml_stable-diffusion-v1-5,1
7125367,1676,leafs_and_no_leafs,croak.n.01,croak,['utterance.n.01'],"['cry.n.01', 'cry.n.02', 'exclamation.n.01', 'expletive.n.02', 'exultation.n.02', 'groan.n.01', 'growling.n.01', 'hem.n.02', 'howl.n.01', 'laugh.n.01', 'mumble.n.01', 'paging.n.01', 'profanity.n.01', 'pronunciation.n.01', 'rasp.n.01', 'roll_call.n.01', 'sigh.n.01', 'snarl.n.01', 'speaking.n.01', 'speech.n.03', 'sputter.n.02']","['https://upload.wikimedia.org/wikipedia/commons/thumb/e/e9/Croak%2C_James_-_Unit-_118th_Infantry%2C_Company-_D_-_Enlistment_Rank-_Pvt%2C_Discharge_Rank-_Pvt_-_DPLA_-_b9891aee1b517e4ea455e225aa5e1f5c.jpg/267px-Croak%2C_James_-_Unit-_118th_Infantry%2C_Company-_D_-_Enlistment_Rank-_Pvt%2C_Discharge_Rank-_Pvt_-_DPLA_-_b9891aee1b517e4ea455e225aa5e1f5c.jpg?20201124073808', 'https://upload.wikimedia.org/wikipedia/commons/thumb/9/9d/XIX_Commonwealth_Games-2010_Delhi_Alexandra_Croak_of_Australia_%28Bronze%29_%28cropped%29.jpg/430px-XIX_Commonwealth_Games-2010_Delhi_Alexandra_Croak_of_Australia_%28Bronze%29_%28cropped%29.jpg?20220709144441', 'https://upload.wikimedia.org/wikipedia/commons/thumb/3/36/The_Next_Three_Billion-_Marian_Croak_01.jpg/800px-The_Next_Three_Billion-_Marian_Croak_01.jpg?20181023091534', 'https://upload.wikimedia.org/wikipedia/commons/thumb/d/d7/Marian_Croak.jpg/800px-Marian_Croak.jpg?20181023091534', 'https://upload.wikimedia.org/wikipedia/commons/thumb/8/89/The_Next_Three_Billion-_Marian_Croak_speaking.jpg/599px-The_Next_Three_Billion-_Marian_Croak_speaking.jpg?20181023091800']","Croak, James - Unit- 118th Infantry, Company- D - Enlistment Rank- Pvt, Discharge Rank- Pvt - DPLA - b9891aee1b517e4ea455e225aa5e1f5c.jpg",a harsh hoarse utterance (as of a frog),prompthero_openjourney,black-forest-labs_FLUX.1-dev,1
56250900,1686,appendix_llama,coin.n.01,bee,['coinage.n.01'],[],"['https://upload.wikimedia.org/wikipedia/commons/thumb/8/81/Bee_Collecting_Pollen_2004-08-14.jpg/800px-Bee_Collecting_Pollen_2004-08-14.jpg?20041231121810', 'https://upload.wikimedia.org/wikipedia/commons/thumb/c/c8/Bee_mid_air.jpg/800px-Bee_mid_air.jpg?20050820094936', 'https://upload.wikimedia.org/wikipedia/commons/thumb/8/8f/Pollinationn.jpg/800px-Pollinationn.jpg?20110910142216', 'https://upload.wikimedia.org/wikipedia/commons/thumb/5/50/Sunflower_and_a_bee.jpg/579px-Sunflower_and_a_bee.jpg?20200921191425', 'https://upload.wikimedia.org/wikipedia/commons/thumb/9/99/Apis_mellifera_flying.jpg/800px-Apis_mellifera_flying.jpg?20090606072829']",Bee Collecting Pollen 2004-08-14.jpg,a flying insect known for its role in pollination and for producing honey and beeswax.,stabilityai_stable-diffusion-xl-base-1.0,black-forest-labs_FLUX.1-dev,1
2253406,1689,appendix_llama,coin.n.01,jewelry,['coinage.n.01'],[],"['https://upload.wikimedia.org/wikipedia/commons/thumb/d/d4/Jewelry_designing_%28edited%29.jpg/800px-Jewelry_designing_%28edited%29.jpg?20230620210012', 'https://upload.wikimedia.org/wikipedia/commons/thumb/a/a9/%EC%84%9C%EB%B4%89%EC%B4%9D_%EA%B8%88%EA%B4%80_%EA%B8%88%EC%A0%9C%EB%93%9C%EB%A6%AC%EA%B0%9C.jpg/432px-%EC%84%9C%EB%B4%89%EC%B4%9D_%EA%B8%88%EA%B4%80_%EA%B8%88%EC%A0%9C%EB%93%9C%EB%A6%AC%EA%B0%9C.jpg?20141107104701', 'https://upload.wikimedia.org/wikipedia/commons/thumb/8/80/Hindu_Bride%2C_Ahmedabad%2C_Gujarat.jpg/443px-Hindu_Bride%2C_Ahmedabad%2C_Gujarat.jpg?20120130132533', 'https://upload.wikimedia.org/wikipedia/commons/thumb/7/7a/%EA%B2%BD%EC%A3%BC_%EB%B6%80%EB%B6%80%EC%B4%9D_%EA%B8%88%EA%B7%80%EA%B1%B8%EC%9D%B4.jpg/584px-%EA%B2%BD%EC%A3%BC_%EB%B6%80%EB%B6%80%EC%B4%9D_%EA%B8%88%EA%B7%80%EA%B1%B8%EC%9D%B4.jpg?20150129054545', 'https://upload.wikimedia.org/wikipedia/commons/thumb/6/64/Parure_della_regina_maria_amelia%2C_parigi%2C_1800-15_poi_1850-75_ca.jpg/617px-Parure_della_regina_maria_amelia%2C_parigi%2C_1800-15_poi_1850-75_ca.jpg?20170106111046']",Jewelry designing (edited).jpg,"an assortment of decorative items worn for personal adornment, such as rings, necklaces, earrings, and bracelets.",black-forest-labs_FLUX.1-dev,DeepFloyd_IF-I-XL-v1.0,0
17012379,1693,appendix_llama,coin.n.01,bird of prey,['coinage.n.01'],[],"['https://upload.wikimedia.org/wikipedia/commons/thumb/c/c7/Bald.eagle.closeup.arp-sh.750pix.jpg/800px-Bald.eagle.closeup.arp-sh.750pix.jpg?20070626160520', 'https://upload.wikimedia.org/wikipedia/commons/thumb/5/56/Bubo_bubo_sibiricus_-_01.JPG/400px-Bubo_bubo_sibiricus_-_01.JPG?20141018223422', 'https://upload.wikimedia.org/wikipedia/commons/thumb/e/e2/F-22_Raptor_edit1.jpg/800px-F-22_Raptor_edit1.jpg?20090609105604', 'https://upload.wikimedia.org/wikipedia/commons/thumb/d/df/Birds_of_Prey_Diversity.jpg/800px-Birds_of_Prey_Diversity.jpg?20200214185633', 'https://upload.wikimedia.org/wikipedia/commons/thumb/4/46/Lockheed_Martin_F-22A_Raptor_JSOH.jpg/800px-Lockheed_Martin_F-22A_Raptor_JSOH.jpg?20100620233945']",Bald.eagle.closeup.arp-sh.750pix.jpg,"A bird of prey is a carnivorous bird that hunts and feeds on other animals, distinguished by keen vision and powerful talons and beaks.",black-forest-labs_FLUX.1-dev,stabilityai_stable-diffusion-xl-base-1.0,0
15889050,1698,appendix_llama,coin.n.01,coin,['coinage.n.01'],[],"['https://upload.wikimedia.org/wikipedia/commons/thumb/f/f9/India%2C_Kushan%2C_Vasudeva_II%2C_3rd_century_-_Coin_of_Kushan_King_Vasudeva_II_-_2011.212_-_Cleveland_Museum_of_Art.jpg/800px-India%2C_Kushan%2C_Vasudeva_II%2C_3rd_century_-_Coin_of_Kushan_King_Vasudeva_II_-_2011.212_-_Cleveland_Museum_of_Art.jpg?20211130202228', 'https://upload.wikimedia.org/wikipedia/commons/thumb/f/f2/Coins_of_the_Italian_Republic_%28500_Lire%29_silver_%28Caravels%29.png/800px-Coins_of_the_Italian_Republic_%28500_Lire%29_silver_%28Caravels%29.png?20170602212904', 'https://upload.wikimedia.org/wikipedia/commons/thumb/7/72/One_Rupee_East_India_Company.JPG/616px-One_Rupee_East_India_Company.JPG?20120415071655', 'https://upload.wikimedia.org/wikipedia/commons/thumb/8/81/Argentina_1828_8_Escudos.jpg/800px-Argentina_1828_8_Escudos.jpg?20160121234218', 'https://upload.wikimedia.org/wikipedia/commons/thumb/1/1f/Reverse_of_1_Qiran_Iranian_Coin_-_Fath_Ali_Shah_Qhajar_-_1830.jpg/602px-Reverse_of_1_Qiran_Iranian_Coin_-_Fath_Ali_Shah_Qhajar_-_1830.jpg?20150725134944']","India, Kushan, Vasudeva II, 3rd century - Coin of Kushan King Vasudeva II - 2011.212 - Cleveland Museum of Art.jpg",A piece of metal issued by governmental authority as money.,playgroundai_playground-v2.5-1024px-aesthetic,black-forest-labs_FLUX.1-dev,1
64856142,1699,appendix_llama,coin.n.01,penny,['coinage.n.01'],[],"['https://upload.wikimedia.org/wikipedia/commons/thumb/b/bb/Edward_I_penny_%28FindID_491318%29.jpg/411px-Edward_I_penny_%28FindID_491318%29.jpg?20170131123911', 'https://upload.wikimedia.org/wikipedia/commons/thumb/5/51/Ironbridge_Penny.jpg/800px-Ironbridge_Penny.jpg?20100923192837', 'https://upload.wikimedia.org/wikipedia/commons/thumb/2/2b/Silver_penny_of_Henry_II_%28YORYM_2000_2076%29_reverse.jpg/616px-Silver_penny_of_Henry_II_%28YORYM_2000_2076%29_reverse.jpg?20160830104720', 'https://upload.wikimedia.org/wikipedia/commons/e/e5/BendingPenny.png?20140824020436', 'https://upload.wikimedia.org/wikipedia/commons/thumb/c/cf/Edward_Rothe_Penny_coat-of-arms.png/703px-Edward_Rothe_Penny_coat-of-arms.png?20220128142522']",Edward I penny (FindID 491318).jpg,"a small unit of currency in various countries, typically the smallest denomination within the currency system.",black-forest-labs_FLUX.1-dev,retrieval,0
96455769,1713,appendix_llama,coin.n.01,fraction,['coinage.n.01'],[],"['https://upload.wikimedia.org/wikipedia/commons/thumb/b/b9/Cake_quarters.svg/504px-Cake_quarters.svg.png?20221007042125', 'https://upload.wikimedia.org/wikipedia/commons/thumb/b/b7/Fraction_Representation.jpg/800px-Fraction_Representation.jpg?20201126221522', 'https://upload.wikimedia.org/wikipedia/commons/thumb/4/4f/Cake_fractions.svg/504px-Cake_fractions.svg.png?20221005140314', 'https://upload.wikimedia.org/wikipedia/commons/1/1e/StrichrechnungBruch_05.png?20221118190700', 'https://upload.wikimedia.org/wikipedia/commons/thumb/3/3e/11.21_Fraction_continue_-_V2.png/503px-11.21_Fraction_continue_-_V2.png?20221128191905']",Cake quarters.svg,"a numerical expression representing a part of a whole, typically written with a numerator and a denominator separated by a slash.",black-forest-labs_FLUX.1-dev,DeepFloyd_IF-I-XL-v1.0,0
83847695,1714,appendix_llama,coin.n.01,reality,['coinage.n.01'],[],"['https://upload.wikimedia.org/wikipedia/commons/thumb/b/b5/Reality-bites-how-to-catch-ideas.png/800px-Reality-bites-how-to-catch-ideas.png?20210111155128', 'https://upload.wikimedia.org/wikipedia/commons/thumb/d/d2/Image_with_nested_realities_of_laptop_showing_the_same_laptop_as_in_previous_image_in_four_reality_planes.jpg/800px-Image_with_nested_realities_of_laptop_showing_the_same_laptop_as_in_previous_image_in_four_reality_planes.jpg?20220708163909', 'https://upload.wikimedia.org/wikipedia/commons/thumb/e/e6/Old_Bagan%2C_Myanmar%2C_Higher_reality.jpg/800px-Old_Bagan%2C_Myanmar%2C_Higher_reality.jpg?20210104175849', 'https://upload.wikimedia.org/wikipedia/commons/thumb/1/18/LOGO-SOCIAL-STAR-REALITY-SHOW_02.png/800px-LOGO-SOCIAL-STAR-REALITY-SHOW_02.png?20210516204056', 'https://upload.wikimedia.org/wikipedia/commons/thumb/d/d3/The_reality_of_Madagascar.jpg/684px-The_reality_of_Madagascar.jpg?20220413183815']",Reality-bites-how-to-catch-ideas.png,"the world or the state of things as they actually exist, as opposed to an idealistic or notional idea of them.",stabilityai_stable-diffusion-xl-base-1.0,black-forest-labs_FLUX.1-dev,1
61508014,1715,appendix_llama,coin.n.01,coin,['coinage.n.01'],[],"['https://upload.wikimedia.org/wikipedia/commons/thumb/f/f9/India%2C_Kushan%2C_Vasudeva_II%2C_3rd_century_-_Coin_of_Kushan_King_Vasudeva_II_-_2011.212_-_Cleveland_Museum_of_Art.jpg/800px-India%2C_Kushan%2C_Vasudeva_II%2C_3rd_century_-_Coin_of_Kushan_King_Vasudeva_II_-_2011.212_-_Cleveland_Museum_of_Art.jpg?20211130202228', 'https://upload.wikimedia.org/wikipedia/commons/thumb/f/f2/Coins_of_the_Italian_Republic_%28500_Lire%29_silver_%28Caravels%29.png/800px-Coins_of_the_Italian_Republic_%28500_Lire%29_silver_%28Caravels%29.png?20170602212904', 'https://upload.wikimedia.org/wikipedia/commons/thumb/7/72/One_Rupee_East_India_Company.JPG/616px-One_Rupee_East_India_Company.JPG?20120415071655', 'https://upload.wikimedia.org/wikipedia/commons/thumb/8/81/Argentina_1828_8_Escudos.jpg/800px-Argentina_1828_8_Escudos.jpg?20160121234218', 'https://upload.wikimedia.org/wikipedia/commons/thumb/1/1f/Reverse_of_1_Qiran_Iranian_Coin_-_Fath_Ali_Shah_Qhajar_-_1830.jpg/602px-Reverse_of_1_Qiran_Iranian_Coin_-_Fath_Ali_Shah_Qhajar_-_1830.jpg?20150725134944']","India, Kushan, Vasudeva II, 3rd century - Coin of Kushan King Vasudeva II - 2011.212 - Cleveland Museum of Art.jpg",A piece of metal stamped and issued by the authority of a government for use as money.,black-forest-labs_FLUX.1-dev,stabilityai_stable-diffusion-xl-base-1.0,0
17045773,1718,appendix_llama,coin.n.01,cuisine,['coinage.n.01'],[],"['https://upload.wikimedia.org/wikipedia/commons/thumb/d/d0/Parboiled_rice_with_chicken%2C_peppers%2C_cucurbita%2C_peas_and_tomato.jpg/800px-Parboiled_rice_with_chicken%2C_peppers%2C_cucurbita%2C_peas_and_tomato.jpg?20170616203438', 'https://upload.wikimedia.org/wikipedia/commons/thumb/8/8b/Christmas_table_%28Serbian_cuisine%29.jpg/800px-Christmas_table_%28Serbian_cuisine%29.jpg?20180119110327', 'https://upload.wikimedia.org/wikipedia/commons/thumb/a/ae/Wiener-Schnitzel02.jpg/800px-Wiener-Schnitzel02.jpg?20061220124834', 'https://upload.wikimedia.org/wikipedia/commons/thumb/3/35/Lunch_dish_%28pumpkin_sauce%2C_potatoes_and_chicken_steak%29.jpg/799px-Lunch_dish_%28pumpkin_sauce%2C_potatoes_and_chicken_steak%29.jpg?20170613103608', 'https://upload.wikimedia.org/wikipedia/commons/thumb/d/d3/Les_hu%C3%AEtres_de_Saint-Germain-sur-Ay_ERNOUF_Guillaume.JPG/800px-Les_hu%C3%AEtres_de_Saint-Germain-sur-Ay_ERNOUF_Guillaume.JPG?20120512235512']","Parboiled rice with chicken, peppers, cucurbita, peas and tomato.jpg","Cuisine refers to a style or method of cooking, especially as characteristic of a particular country, region, or establishment.",black-forest-labs_FLUX.1-dev,PixArt-alpha_PixArt-Sigma-XL-2-512-MS,2
48996398,1737,appendix_llama,overgarment.n.01,garment,['garment.n.01'],"['breechcloth.n.01', 'burqa.n.01', 'camlet.n.01', 'diaper.n.01', 'fur.n.03', 'gown.n.04', 'haik.n.01', 'hand-me-down.n.01', 'head_covering.n.01', 'hose.n.02', 'ironing.n.01', 'jump_suit.n.01', 'kanzu.n.01', 'laundry.n.01', 'legging.n.01', 'leotard.n.01', 'mending.n.01', 'motley.n.02', 'neckwear.n.01', 'peplos.n.01', 'raglan.n.01', 'reversible.n.01', 'robe.n.01', 'romper.n.02', 'sackcloth.n.01', 'scapular.n.02', 'scarf.n.01', 'sealskin.n.02', 'separate.n.02', 'shirt.n.01', 'silks.n.01', 'skirt.n.02', 'stomacher.n.01', 'straitjacket.n.02', 'suit.n.01', 'sunsuit.n.01', 'swaddling_clothes.n.01', 'sweat_suit.n.01', 'sweater.n.01', 'swimsuit.n.01', 'trouser.n.01', 'trouser.n.02', 'undergarment.n.01', 'vest.n.01', 'weeds.n.01', 'wet_suit.n.01', 'wraparound.n.01']","['https://upload.wikimedia.org/wikipedia/commons/thumb/9/96/Clothes.jpg/381px-Clothes.jpg?20060718182304', 'https://upload.wikimedia.org/wikipedia/commons/thumb/3/37/Window_shopping_in_Mexico_City.jpg/800px-Window_shopping_in_Mexico_City.jpg?20170109205050', 'https://upload.wikimedia.org/wikipedia/commons/thumb/a/a4/Well-clothed_baby.jpg/600px-Well-clothed_baby.jpg?20071226085120', 'https://upload.wikimedia.org/wikipedia/commons/thumb/f/f1/Woman%27s_shirt_from_Kutch%2C_Gujarat%2C_India%2C_IMA_55114.jpg/563px-Woman%27s_shirt_from_Kutch%2C_Gujarat%2C_India%2C_IMA_55114.jpg?20150818160410', 'https://upload.wikimedia.org/wikipedia/commons/thumb/3/33/Ladies_dresses_in_a_shop.jpg/800px-Ladies_dresses_in_a_shop.jpg?20230602095553']",Clothes.jpg,A piece of clothing that is worn on the body.,black-forest-labs_FLUX.1-dev,retrieval,0
38161491,1750,appendix_llama,coat.n.01,coat,['overgarment.n.01'],"['aba.n.01', 'cloak.n.02', 'izar.n.01', 'snowsuit.n.01']","['https://upload.wikimedia.org/wikipedia/commons/thumb/f/f9/Coat_of_arms_of_Seychelles.svg/591px-Coat_of_arms_of_Seychelles.svg.png?20240430153652', 'https://upload.wikimedia.org/wikipedia/commons/thumb/1/1c/Royal_Coat_of_Arms_of_the_United_Kingdom_%28St_Edward%27s_Crown%29.svg/620px-Royal_Coat_of_Arms_of_the_United_Kingdom_%28St_Edward%27s_Crown%29.svg.png?20220706153233', 'https://upload.wikimedia.org/wikipedia/commons/thumb/b/bc/Coat_of_arms_of_Siam.svg/500px-Coat_of_arms_of_Siam.svg.png?20221001102253', 'https://upload.wikimedia.org/wikipedia/commons/thumb/9/93/Royal_Coat_of_Arms_of_the_Kingdom_of_Scotland.svg/620px-Royal_Coat_of_Arms_of_the_Kingdom_of_Scotland.svg.png?20191114001703', 'https://upload.wikimedia.org/wikipedia/commons/thumb/9/95/Lesser_Coat_of_Arms_of_Ukraine.svg/330px-Lesser_Coat_of_Arms_of_Ukraine.svg.png?20220118191201']",Coat of arms of Seychelles.svg,A garment typically with sleeves and a long back that is worn on the upper body for warmth or fashion.,black-forest-labs_FLUX.1-dev,retrieval,0
28654925,1752,appendix_llama,coat.n.01,coat,['overgarment.n.01'],"['aba.n.01', 'cloak.n.02', 'izar.n.01', 'snowsuit.n.01']","['https://upload.wikimedia.org/wikipedia/commons/thumb/f/f9/Coat_of_arms_of_Seychelles.svg/591px-Coat_of_arms_of_Seychelles.svg.png?20240430153652', 'https://upload.wikimedia.org/wikipedia/commons/thumb/1/1c/Royal_Coat_of_Arms_of_the_United_Kingdom_%28St_Edward%27s_Crown%29.svg/620px-Royal_Coat_of_Arms_of_the_United_Kingdom_%28St_Edward%27s_Crown%29.svg.png?20220706153233', 'https://upload.wikimedia.org/wikipedia/commons/thumb/b/bc/Coat_of_arms_of_Siam.svg/500px-Coat_of_arms_of_Siam.svg.png?20221001102253', 'https://upload.wikimedia.org/wikipedia/commons/thumb/9/93/Royal_Coat_of_Arms_of_the_Kingdom_of_Scotland.svg/620px-Royal_Coat_of_Arms_of_the_Kingdom_of_Scotland.svg.png?20191114001703', 'https://upload.wikimedia.org/wikipedia/commons/thumb/9/95/Lesser_Coat_of_Arms_of_Ukraine.svg/330px-Lesser_Coat_of_Arms_of_Ukraine.svg.png?20220118191201']",Coat of arms of Seychelles.svg,"A garment worn on the upper body, usually extending to the hips or below, often with sleeves and fastenings down the front.",black-forest-labs_FLUX.1-dev,stabilityai_stable-diffusion-xl-base-1.0,2
31479295,1754,appendix_llama,adornment.n.01,ornament,['decoration.n.01'],"['arabesque.n.02', 'architectural_ornament.n.01', 'beading.n.01', 'bow.n.08', 'brass.n.05', 'centerpiece.n.02', 'christmas_tree.n.05', 'cockade.n.01', 'design.n.04', 'embellishment.n.02', 'finial.n.01', 'flower_arrangement.n.01', 'folderal.n.01', 'gargoyle.n.02', 'garnish.n.01', 'garnish.n.02', 'graffito.n.01', 'hanging.n.01', 'hood_ornament.n.01', 'incrustation.n.03', 'inlay.n.02', 'interior_decoration.n.01', 'knob.n.04', 'lunula.n.02', 'molding.n.02', 'nailhead.n.01', 'necklet.n.01', 'overlay.n.02', 'rosemaling.n.01', 'set_decoration.n.01', 'sgraffito.n.01', 'spiral.n.04', 'sprig.n.02', 'stud.n.02', 'tail_fin.n.02', 'tinsel.n.01', 'tracery.n.01', 'wind_chime.n.01']","['https://upload.wikimedia.org/wikipedia/commons/thumb/7/72/D%C3%BClmen%2C_Kreuzkapelle%2C_B%C3%A4nke_--_2021_--_7365.jpg/800px-D%C3%BClmen%2C_Kreuzkapelle%2C_B%C3%A4nke_--_2021_--_7365.jpg?20210420064840', 'https://upload.wikimedia.org/wikipedia/commons/thumb/d/d9/Orna102-laufende-Endigungen.png/391px-Orna102-laufende-Endigungen.png?20050912182355', 'https://upload.wikimedia.org/wikipedia/commons/1/17/LoG-ornament-ch10-WhitmanW.png?20200413000141', 'https://upload.wikimedia.org/wikipedia/commons/thumb/a/a0/Brown_ornaments_on_doors%2C_Reflections%2C_Rostov-on-Don%2C_Russia.jpg/800px-Brown_ornaments_on_doors%2C_Reflections%2C_Rostov-on-Don%2C_Russia.jpg?20221225145725', 'https://upload.wikimedia.org/wikipedia/commons/thumb/e/e7/Stift_Wilhering_Kirche_Orgel_01.jpg/493px-Stift_Wilhering_Kirche_Orgel_01.jpg?20190220182413']","Dülmen, Kreuzkapelle, Bänke -- 2021 -- 7365.jpg",Ornament: a decorative object used to enhance the appearance of something.,black-forest-labs_FLUX.1-dev,stabilityai_stable-diffusion-3-medium-diffusers,0
14531890,1760,appendix_llama,jewelry.n.01,jewelry,['adornment.n.01'],"['band.n.04', 'bangle.n.02', 'beauty_spot.n.01', 'boutonniere.n.01', 'circlet.n.02', 'cordon.n.03', 'epaulet.n.01', 'fob.n.02', 'frill.n.03', 'frog.n.03', 'frontlet.n.01', 'pectoral.n.02', 'pendant.n.01', 'plume.n.02', 'pompon.n.01', 'rosette.n.01', 'sequin.n.01', 'tassel.n.01', 'trimming.n.02', 'war_paint.n.01']","['https://upload.wikimedia.org/wikipedia/commons/thumb/d/d4/Jewelry_designing_%28edited%29.jpg/800px-Jewelry_designing_%28edited%29.jpg?20230620210012', 'https://upload.wikimedia.org/wikipedia/commons/thumb/a/a9/%EC%84%9C%EB%B4%89%EC%B4%9D_%EA%B8%88%EA%B4%80_%EA%B8%88%EC%A0%9C%EB%93%9C%EB%A6%AC%EA%B0%9C.jpg/432px-%EC%84%9C%EB%B4%89%EC%B4%9D_%EA%B8%88%EA%B4%80_%EA%B8%88%EC%A0%9C%EB%93%9C%EB%A6%AC%EA%B0%9C.jpg?20141107104701', 'https://upload.wikimedia.org/wikipedia/commons/thumb/8/80/Hindu_Bride%2C_Ahmedabad%2C_Gujarat.jpg/443px-Hindu_Bride%2C_Ahmedabad%2C_Gujarat.jpg?20120130132533', 'https://upload.wikimedia.org/wikipedia/commons/thumb/7/7a/%EA%B2%BD%EC%A3%BC_%EB%B6%80%EB%B6%80%EC%B4%9D_%EA%B8%88%EA%B7%80%EA%B1%B8%EC%9D%B4.jpg/584px-%EA%B2%BD%EC%A3%BC_%EB%B6%80%EB%B6%80%EC%B4%9D_%EA%B8%88%EA%B7%80%EA%B1%B8%EC%9D%B4.jpg?20150129054545', 'https://upload.wikimedia.org/wikipedia/commons/thumb/6/64/Parure_della_regina_maria_amelia%2C_parigi%2C_1800-15_poi_1850-75_ca.jpg/617px-Parure_della_regina_maria_amelia%2C_parigi%2C_1800-15_poi_1850-75_ca.jpg?20170106111046']",Jewelry designing (edited).jpg,"A collection of decorative items worn for personal adornment, such as rings, necklaces, earrings, and bracelets.",PixArt-alpha_PixArt-Sigma-XL-2-512-MS,black-forest-labs_FLUX.1-dev,0
24942232,1762,appendix_llama,jewelry.n.01,treasure,['adornment.n.01'],"['band.n.04', 'bangle.n.02', 'beauty_spot.n.01', 'boutonniere.n.01', 'circlet.n.02', 'cordon.n.03', 'epaulet.n.01', 'fob.n.02', 'frill.n.03', 'frog.n.03', 'frontlet.n.01', 'pectoral.n.02', 'pendant.n.01', 'plume.n.02', 'pompon.n.01', 'rosette.n.01', 'sequin.n.01', 'tassel.n.01', 'trimming.n.02', 'war_paint.n.01']","['https://upload.wikimedia.org/wikipedia/commons/thumb/d/d8/Treasure_of_silver_coins_of_the_XIV_-_beg._XV_century._Found_at_Chornaya_Promza_village_of_the_Bolshebereznikovsky_district%2C_Mordovia%2C_USSR_in_1961.jpg/736px-Treasure_of_silver_coins_of_the_XIV_-_beg._XV_century._Found_at_Chornaya_Promza_village_of_the_Bolshebereznikovsky_district%2C_Mordovia%2C_USSR_in_1961.jpg?20200506213719', 'https://upload.wikimedia.org/wikipedia/commons/thumb/7/7d/Illustration_by_W._Rainey_for_An_Ocean_Outlay_by_Hugh_St_Leger-opp._page-252.jpg/378px-Illustration_by_W._Rainey_for_An_Ocean_Outlay_by_Hugh_St_Leger-opp._page-252.jpg?20200722194458', 'https://upload.wikimedia.org/wikipedia/commons/thumb/8/87/Sofia_-_Panagyurishte_Thracian_Gold_Treasure.jpg/800px-Sofia_-_Panagyurishte_Thracian_Gold_Treasure.jpg?20101128190529', 'https://upload.wikimedia.org/wikipedia/commons/4/4e/Golden_Treasure_-_Bulgaria%2C_Thrace.jpg?20210510090308', 'https://upload.wikimedia.org/wikipedia/commons/thumb/d/d0/Pensive_Bodhisattva_%28National_Treasure_No._78%29_01.jpg/360px-Pensive_Bodhisattva_%28National_Treasure_No._78%29_01.jpg?20141127020932']","Treasure of silver coins of the XIV - beg. XV century. Found at Chornaya Promza village of the Bolshebereznikovsky district, Mordovia, USSR in 1961.jpg","a collection of valuable items or wealth stored or hidden, often considered irreplaceable or precious.",black-forest-labs_FLUX.1-dev,playgroundai_playground-v2.5-1024px-aesthetic,1
85416199,1774,appendix_llama,furniture.n.01,bee,['furnishing.n.02'],"['appointment.n.03', 'curtain.n.01', 'rug.n.01']","['https://upload.wikimedia.org/wikipedia/commons/thumb/8/81/Bee_Collecting_Pollen_2004-08-14.jpg/800px-Bee_Collecting_Pollen_2004-08-14.jpg?20041231121810', 'https://upload.wikimedia.org/wikipedia/commons/thumb/c/c8/Bee_mid_air.jpg/800px-Bee_mid_air.jpg?20050820094936', 'https://upload.wikimedia.org/wikipedia/commons/thumb/8/8f/Pollinationn.jpg/800px-Pollinationn.jpg?20110910142216', 'https://upload.wikimedia.org/wikipedia/commons/thumb/5/50/Sunflower_and_a_bee.jpg/579px-Sunflower_and_a_bee.jpg?20200921191425', 'https://upload.wikimedia.org/wikipedia/commons/thumb/9/99/Apis_mellifera_flying.jpg/800px-Apis_mellifera_flying.jpg?20090606072829']",Bee Collecting Pollen 2004-08-14.jpg,A flying insect known for its role in pollination and production of honey and beeswax.,black-forest-labs_FLUX.1-dev,Tencent-Hunyuan_HunyuanDiT-v1.2-Diffusers,0
98646702,1775,appendix_llama,furniture.n.01,gold coin,['furnishing.n.02'],"['appointment.n.03', 'curtain.n.01', 'rug.n.01']","['https://upload.wikimedia.org/wikipedia/commons/thumb/c/c1/Gold_coin_of_the_Kushan_empire%2C_king_Vasudeva_I.jpg/800px-Gold_coin_of_the_Kushan_empire%2C_king_Vasudeva_I.jpg?20211107155918', 'https://upload.wikimedia.org/wikipedia/commons/thumb/a/a2/Two_20kr_gold_coins.png/800px-Two_20kr_gold_coins.png?20170430103127', 'https://upload.wikimedia.org/wikipedia/commons/thumb/f/fd/Gold_coin_of_the_Kushan_empire%2C_king_Havishka_-_1999.227_-_Cleveland_Museum_of_Art.jpg/800px-Gold_coin_of_the_Kushan_empire%2C_king_Havishka_-_1999.227_-_Cleveland_Museum_of_Art.jpg?20211130204348', 'https://upload.wikimedia.org/wikipedia/commons/thumb/9/92/5_Yen_gold_coin_1873.jpg/800px-5_Yen_gold_coin_1873.jpg?20090312151208', 'https://upload.wikimedia.org/wikipedia/commons/thumb/0/0e/A_coin_of_Ashraf_Hotak_%28Ashrafi%29.jpg/800px-A_coin_of_Ashraf_Hotak_%28Ashrafi%29.jpg?20211103080246']","Gold coin of the Kushan empire, king Vasudeva I.jpg","a piece of metal, often circular in shape, composed primarily of gold and used historically and currently as currency or a store of value.",prompthero_openjourney,black-forest-labs_FLUX.1-dev,1
35817262,1780,appendix_llama,furniture.n.01,unit of account,['furnishing.n.02'],"['appointment.n.03', 'curtain.n.01', 'rug.n.01']","['https://upload.wikimedia.org/wikipedia/commons/8/82/10_cents_-_Kiangsi_Provincial_Bank_%281949%29_02.jpg?20180112102234', 'https://upload.wikimedia.org/wikipedia/commons/thumb/7/77/Unit_of_Account_of_500_roubles_of_the_FRFSR_issued_in_1919.png/800px-Unit_of_Account_of_500_roubles_of_the_FRFSR_issued_in_1919.png?20200525072848', 'https://upload.wikimedia.org/wikipedia/commons/thumb/2/27/Fragment_of_the_Journal_of_the_Necropolis%27_concerning_the_increase_in_the_number_of_workers_to_120_units_on_the_recto_and_an_account_of_the_delivery_of_supplies_on_the_verso%2C_papyrus_-_Museo_Egizio%2C_Turin_C_1891_p02.jpg/792px-thumbnail.jpg?20240312142251', 'https://upload.wikimedia.org/wikipedia/commons/thumb/9/9d/Portugal_1729_8_Escudos.jpg/800px-Portugal_1729_8_Escudos.jpg?20160220163341', 'https://upload.wikimedia.org/wikipedia/commons/thumb/6/60/US_Navy_110618-N-VF350-080_Personnel_assigned_to_Joint_POW-MIA_Accounting_Command_%28JPAC%29_and_Mobile_Diving_and_Salvage_Unit_%28MDSU%29_1_conduct_underw.jpg/800px-US_Navy_110618-N-VF350-080_Personnel_assigned_to_Joint_POW-MIA_Accounting_Command_%28JPAC%29_and_Mobile_Diving_and_Salvage_Unit_%28MDSU%29_1_conduct_underw.jpg?20110623021112']",10 cents - Kiangsi Provincial Bank (1949) 02.jpg,"A standard monetary unit of measurement used to value goods, services, or assets, making it a fundamental component of financial and economic systems.",black-forest-labs_FLUX.1-dev,PixArt-alpha_PixArt-Sigma-XL-2-512-MS,0
75673862,1781,appendix_llama,furniture.n.01,bird of prey,['furnishing.n.02'],"['appointment.n.03', 'curtain.n.01', 'rug.n.01']","['https://upload.wikimedia.org/wikipedia/commons/thumb/c/c7/Bald.eagle.closeup.arp-sh.750pix.jpg/800px-Bald.eagle.closeup.arp-sh.750pix.jpg?20070626160520', 'https://upload.wikimedia.org/wikipedia/commons/thumb/5/56/Bubo_bubo_sibiricus_-_01.JPG/400px-Bubo_bubo_sibiricus_-_01.JPG?20141018223422', 'https://upload.wikimedia.org/wikipedia/commons/thumb/e/e2/F-22_Raptor_edit1.jpg/800px-F-22_Raptor_edit1.jpg?20090609105604', 'https://upload.wikimedia.org/wikipedia/commons/thumb/d/df/Birds_of_Prey_Diversity.jpg/800px-Birds_of_Prey_Diversity.jpg?20200214185633', 'https://upload.wikimedia.org/wikipedia/commons/thumb/4/46/Lockheed_Martin_F-22A_Raptor_JSOH.jpg/800px-Lockheed_Martin_F-22A_Raptor_JSOH.jpg?20100620233945']",Bald.eagle.closeup.arp-sh.750pix.jpg,"a carnivorous bird that hunts and feeds on other animals and typically has keen vision, sharp talons, and a strong curved beak.",runwayml_stable-diffusion-v1-5,black-forest-labs_FLUX.1-dev,1
6675179,1785,appendix_llama,furniture.n.01,penny,['furnishing.n.02'],"['appointment.n.03', 'curtain.n.01', 'rug.n.01']","['https://upload.wikimedia.org/wikipedia/commons/thumb/b/bb/Edward_I_penny_%28FindID_491318%29.jpg/411px-Edward_I_penny_%28FindID_491318%29.jpg?20170131123911', 'https://upload.wikimedia.org/wikipedia/commons/thumb/5/51/Ironbridge_Penny.jpg/800px-Ironbridge_Penny.jpg?20100923192837', 'https://upload.wikimedia.org/wikipedia/commons/thumb/2/2b/Silver_penny_of_Henry_II_%28YORYM_2000_2076%29_reverse.jpg/616px-Silver_penny_of_Henry_II_%28YORYM_2000_2076%29_reverse.jpg?20160830104720', 'https://upload.wikimedia.org/wikipedia/commons/e/e5/BendingPenny.png?20140824020436', 'https://upload.wikimedia.org/wikipedia/commons/thumb/c/cf/Edward_Rothe_Penny_coat-of-arms.png/703px-Edward_Rothe_Penny_coat-of-arms.png?20220128142522']",Edward I penny (FindID 491318).jpg,"a small unit of currency in various countries, often the smallest denomination within a currency system.",stabilityai_stable-diffusion-xl-base-1.0,black-forest-labs_FLUX.1-dev,1
42849420,1787,appendix_llama,furniture.n.01,penny,['furnishing.n.02'],"['appointment.n.03', 'curtain.n.01', 'rug.n.01']","['https://upload.wikimedia.org/wikipedia/commons/thumb/b/bb/Edward_I_penny_%28FindID_491318%29.jpg/411px-Edward_I_penny_%28FindID_491318%29.jpg?20170131123911', 'https://upload.wikimedia.org/wikipedia/commons/thumb/5/51/Ironbridge_Penny.jpg/800px-Ironbridge_Penny.jpg?20100923192837', 'https://upload.wikimedia.org/wikipedia/commons/thumb/2/2b/Silver_penny_of_Henry_II_%28YORYM_2000_2076%29_reverse.jpg/616px-Silver_penny_of_Henry_II_%28YORYM_2000_2076%29_reverse.jpg?20160830104720', 'https://upload.wikimedia.org/wikipedia/commons/e/e5/BendingPenny.png?20140824020436', 'https://upload.wikimedia.org/wikipedia/commons/thumb/c/cf/Edward_Rothe_Penny_coat-of-arms.png/703px-Edward_Rothe_Penny_coat-of-arms.png?20220128142522']",Edward I penny (FindID 491318).jpg,"a small coin and monetary unit within various countries, including the United States and the United Kingdom, typically representing one-hundredth of the basic currency unit.",black-forest-labs_FLUX.1-dev,stabilityai_sdxl-turbo,0
94132969,1796,appendix_llama,pasta.n.02,jewelry,['food.n.02'],"['baked_goods.n.01', 'breakfast_food.n.01', 'butter.n.01', 'cheese.n.01', 'chocolate.n.02', 'coconut.n.01', 'convenience_food.n.01', 'dika_bread.n.01', 'fish.n.02', 'fresh_food.n.01', 'health_food.n.01', 'junk_food.n.01', 'leftovers.n.01', 'loaf.n.02', 'meat.n.01', 'produce.n.01', 'seafood.n.01', 'slop.n.04', 'yogurt.n.01']","['https://upload.wikimedia.org/wikipedia/commons/thumb/d/d4/Jewelry_designing_%28edited%29.jpg/800px-Jewelry_designing_%28edited%29.jpg?20230620210012', 'https://upload.wikimedia.org/wikipedia/commons/thumb/a/a9/%EC%84%9C%EB%B4%89%EC%B4%9D_%EA%B8%88%EA%B4%80_%EA%B8%88%EC%A0%9C%EB%93%9C%EB%A6%AC%EA%B0%9C.jpg/432px-%EC%84%9C%EB%B4%89%EC%B4%9D_%EA%B8%88%EA%B4%80_%EA%B8%88%EC%A0%9C%EB%93%9C%EB%A6%AC%EA%B0%9C.jpg?20141107104701', 'https://upload.wikimedia.org/wikipedia/commons/thumb/8/80/Hindu_Bride%2C_Ahmedabad%2C_Gujarat.jpg/443px-Hindu_Bride%2C_Ahmedabad%2C_Gujarat.jpg?20120130132533', 'https://upload.wikimedia.org/wikipedia/commons/thumb/7/7a/%EA%B2%BD%EC%A3%BC_%EB%B6%80%EB%B6%80%EC%B4%9D_%EA%B8%88%EA%B7%80%EA%B1%B8%EC%9D%B4.jpg/584px-%EA%B2%BD%EC%A3%BC_%EB%B6%80%EB%B6%80%EC%B4%9D_%EA%B8%88%EA%B7%80%EA%B1%B8%EC%9D%B4.jpg?20150129054545', 'https://upload.wikimedia.org/wikipedia/commons/thumb/6/64/Parure_della_regina_maria_amelia%2C_parigi%2C_1800-15_poi_1850-75_ca.jpg/617px-Parure_della_regina_maria_amelia%2C_parigi%2C_1800-15_poi_1850-75_ca.jpg?20170106111046']",Jewelry designing (edited).jpg,"an assortment of decorative items worn for personal adornment, such as rings, necklaces, earrings, and bracelets.",stabilityai_stable-diffusion-xl-base-1.0,black-forest-labs_FLUX.1-dev,1
53461182,1797,appendix_llama,pasta.n.02,copper-nickel alloy,['food.n.02'],"['baked_goods.n.01', 'breakfast_food.n.01', 'butter.n.01', 'cheese.n.01', 'chocolate.n.02', 'coconut.n.01', 'convenience_food.n.01', 'dika_bread.n.01', 'fish.n.02', 'fresh_food.n.01', 'health_food.n.01', 'junk_food.n.01', 'leftovers.n.01', 'loaf.n.02', 'meat.n.01', 'produce.n.01', 'seafood.n.01', 'slop.n.04', 'yogurt.n.01']","['https://upload.wikimedia.org/wikipedia/commons/thumb/b/be/Nickel_Silver_ALP_stamp_Hopeakeskus.jpg/800px-Nickel_Silver_ALP_stamp_Hopeakeskus.jpg?20230831160659', 'https://upload.wikimedia.org/wikipedia/commons/thumb/9/90/L-R%2C_front_to_back_-_Inconel_nickel-copper%3B_Beryllium-copper_%28no-spark_tools%29%3B_steel%3B_magnesium%3B_aluminum%3B_titanium.jpg/800px-L-R%2C_front_to_back_-_Inconel_nickel-copper%3B_Beryllium-copper_%28no-spark_tools%29%3B_steel%3B_magnesium%3B_aluminum%3B_titanium.jpg?20220813094842', 'https://upload.wikimedia.org/wikipedia/commons/thumb/1/1c/Alloy_and_metal_samples_-_Beryllium-Copper%2C_Inconel%2C_Steel%2C_Titanium%2C_Aluminum%2C_Magnesium.jpg/800px-Alloy_and_metal_samples_-_Beryllium-Copper%2C_Inconel%2C_Steel%2C_Titanium%2C_Aluminum%2C_Magnesium.jpg?20130906132439', 'https://upload.wikimedia.org/wikipedia/commons/thumb/8/83/Check-valve-springs-in-inconel-The-Alloy-Valve-Stockist.JPG/450px-Check-valve-springs-in-inconel-The-Alloy-Valve-Stockist.JPG?20100219170247', 'https://upload.wikimedia.org/wikipedia/commons/thumb/a/a0/Cu-alloy-colours.svg/512px-Cu-alloy-colours.svg.png?20211010064334']",Nickel Silver ALP stamp Hopeakeskus.jpg,"A metal blend combining copper and nickel, typically resistant to corrosion and used in the production of coins and marine hardware.",retrieval,black-forest-labs_FLUX.1-dev,1
39191981,1799,appendix_llama,pasta.n.02,coin,['food.n.02'],"['baked_goods.n.01', 'breakfast_food.n.01', 'butter.n.01', 'cheese.n.01', 'chocolate.n.02', 'coconut.n.01', 'convenience_food.n.01', 'dika_bread.n.01', 'fish.n.02', 'fresh_food.n.01', 'health_food.n.01', 'junk_food.n.01', 'leftovers.n.01', 'loaf.n.02', 'meat.n.01', 'produce.n.01', 'seafood.n.01', 'slop.n.04', 'yogurt.n.01']","['https://upload.wikimedia.org/wikipedia/commons/thumb/f/f9/India%2C_Kushan%2C_Vasudeva_II%2C_3rd_century_-_Coin_of_Kushan_King_Vasudeva_II_-_2011.212_-_Cleveland_Museum_of_Art.jpg/800px-India%2C_Kushan%2C_Vasudeva_II%2C_3rd_century_-_Coin_of_Kushan_King_Vasudeva_II_-_2011.212_-_Cleveland_Museum_of_Art.jpg?20211130202228', 'https://upload.wikimedia.org/wikipedia/commons/thumb/f/f2/Coins_of_the_Italian_Republic_%28500_Lire%29_silver_%28Caravels%29.png/800px-Coins_of_the_Italian_Republic_%28500_Lire%29_silver_%28Caravels%29.png?20170602212904', 'https://upload.wikimedia.org/wikipedia/commons/thumb/7/72/One_Rupee_East_India_Company.JPG/616px-One_Rupee_East_India_Company.JPG?20120415071655', 'https://upload.wikimedia.org/wikipedia/commons/thumb/8/81/Argentina_1828_8_Escudos.jpg/800px-Argentina_1828_8_Escudos.jpg?20160121234218', 'https://upload.wikimedia.org/wikipedia/commons/thumb/1/1f/Reverse_of_1_Qiran_Iranian_Coin_-_Fath_Ali_Shah_Qhajar_-_1830.jpg/602px-Reverse_of_1_Qiran_Iranian_Coin_-_Fath_Ali_Shah_Qhajar_-_1830.jpg?20150725134944']","India, Kushan, Vasudeva II, 3rd century - Coin of Kushan King Vasudeva II - 2011.212 - Cleveland Museum of Art.jpg",A piece of metal stamped and issued by the authority of a government for use as money.,black-forest-labs_FLUX.1-dev,playgroundai_playground-v2.5-1024px-aesthetic,0
30418571,1802,appendix_llama,pasta.n.02,reality,['food.n.02'],"['baked_goods.n.01', 'breakfast_food.n.01', 'butter.n.01', 'cheese.n.01', 'chocolate.n.02', 'coconut.n.01', 'convenience_food.n.01', 'dika_bread.n.01', 'fish.n.02', 'fresh_food.n.01', 'health_food.n.01', 'junk_food.n.01', 'leftovers.n.01', 'loaf.n.02', 'meat.n.01', 'produce.n.01', 'seafood.n.01', 'slop.n.04', 'yogurt.n.01']","['https://upload.wikimedia.org/wikipedia/commons/thumb/b/b5/Reality-bites-how-to-catch-ideas.png/800px-Reality-bites-how-to-catch-ideas.png?20210111155128', 'https://upload.wikimedia.org/wikipedia/commons/thumb/d/d2/Image_with_nested_realities_of_laptop_showing_the_same_laptop_as_in_previous_image_in_four_reality_planes.jpg/800px-Image_with_nested_realities_of_laptop_showing_the_same_laptop_as_in_previous_image_in_four_reality_planes.jpg?20220708163909', 'https://upload.wikimedia.org/wikipedia/commons/thumb/e/e6/Old_Bagan%2C_Myanmar%2C_Higher_reality.jpg/800px-Old_Bagan%2C_Myanmar%2C_Higher_reality.jpg?20210104175849', 'https://upload.wikimedia.org/wikipedia/commons/thumb/1/18/LOGO-SOCIAL-STAR-REALITY-SHOW_02.png/800px-LOGO-SOCIAL-STAR-REALITY-SHOW_02.png?20210516204056', 'https://upload.wikimedia.org/wikipedia/commons/thumb/d/d3/The_reality_of_Madagascar.jpg/684px-The_reality_of_Madagascar.jpg?20220413183815']",Reality-bites-how-to-catch-ideas.png,"the state of things as they actually exist, as opposed to an idealistic or notional idea of them.",black-forest-labs_FLUX.1-dev,runwayml_stable-diffusion-v1-5,0
28037874,1806,appendix_llama,pasta.n.02,cuisine,['food.n.02'],"['baked_goods.n.01', 'breakfast_food.n.01', 'butter.n.01', 'cheese.n.01', 'chocolate.n.02', 'coconut.n.01', 'convenience_food.n.01', 'dika_bread.n.01', 'fish.n.02', 'fresh_food.n.01', 'health_food.n.01', 'junk_food.n.01', 'leftovers.n.01', 'loaf.n.02', 'meat.n.01', 'produce.n.01', 'seafood.n.01', 'slop.n.04', 'yogurt.n.01']","['https://upload.wikimedia.org/wikipedia/commons/thumb/d/d0/Parboiled_rice_with_chicken%2C_peppers%2C_cucurbita%2C_peas_and_tomato.jpg/800px-Parboiled_rice_with_chicken%2C_peppers%2C_cucurbita%2C_peas_and_tomato.jpg?20170616203438', 'https://upload.wikimedia.org/wikipedia/commons/thumb/8/8b/Christmas_table_%28Serbian_cuisine%29.jpg/800px-Christmas_table_%28Serbian_cuisine%29.jpg?20180119110327', 'https://upload.wikimedia.org/wikipedia/commons/thumb/a/ae/Wiener-Schnitzel02.jpg/800px-Wiener-Schnitzel02.jpg?20061220124834', 'https://upload.wikimedia.org/wikipedia/commons/thumb/3/35/Lunch_dish_%28pumpkin_sauce%2C_potatoes_and_chicken_steak%29.jpg/799px-Lunch_dish_%28pumpkin_sauce%2C_potatoes_and_chicken_steak%29.jpg?20170613103608', 'https://upload.wikimedia.org/wikipedia/commons/thumb/d/d3/Les_hu%C3%AEtres_de_Saint-Germain-sur-Ay_ERNOUF_Guillaume.JPG/800px-Les_hu%C3%AEtres_de_Saint-Germain-sur-Ay_ERNOUF_Guillaume.JPG?20120512235512']","Parboiled rice with chicken, peppers, cucurbita, peas and tomato.jpg","Cuisine refers to a style or method of cooking, especially as characteristic of a particular country, region, or establishment.",PixArt-alpha_PixArt-Sigma-XL-2-512-MS,black-forest-labs_FLUX.1-dev,0
78356616,1807,appendix_llama,pasta.n.02,coin,['food.n.02'],"['baked_goods.n.01', 'breakfast_food.n.01', 'butter.n.01', 'cheese.n.01', 'chocolate.n.02', 'coconut.n.01', 'convenience_food.n.01', 'dika_bread.n.01', 'fish.n.02', 'fresh_food.n.01', 'health_food.n.01', 'junk_food.n.01', 'leftovers.n.01', 'loaf.n.02', 'meat.n.01', 'produce.n.01', 'seafood.n.01', 'slop.n.04', 'yogurt.n.01']","['https://upload.wikimedia.org/wikipedia/commons/thumb/f/f9/India%2C_Kushan%2C_Vasudeva_II%2C_3rd_century_-_Coin_of_Kushan_King_Vasudeva_II_-_2011.212_-_Cleveland_Museum_of_Art.jpg/800px-India%2C_Kushan%2C_Vasudeva_II%2C_3rd_century_-_Coin_of_Kushan_King_Vasudeva_II_-_2011.212_-_Cleveland_Museum_of_Art.jpg?20211130202228', 'https://upload.wikimedia.org/wikipedia/commons/thumb/f/f2/Coins_of_the_Italian_Republic_%28500_Lire%29_silver_%28Caravels%29.png/800px-Coins_of_the_Italian_Republic_%28500_Lire%29_silver_%28Caravels%29.png?20170602212904', 'https://upload.wikimedia.org/wikipedia/commons/thumb/7/72/One_Rupee_East_India_Company.JPG/616px-One_Rupee_East_India_Company.JPG?20120415071655', 'https://upload.wikimedia.org/wikipedia/commons/thumb/8/81/Argentina_1828_8_Escudos.jpg/800px-Argentina_1828_8_Escudos.jpg?20160121234218', 'https://upload.wikimedia.org/wikipedia/commons/thumb/1/1f/Reverse_of_1_Qiran_Iranian_Coin_-_Fath_Ali_Shah_Qhajar_-_1830.jpg/602px-Reverse_of_1_Qiran_Iranian_Coin_-_Fath_Ali_Shah_Qhajar_-_1830.jpg?20150725134944']","India, Kushan, Vasudeva II, 3rd century - Coin of Kushan King Vasudeva II - 2011.212 - Cleveland Museum of Art.jpg",A piece of metal stamped and issued by the authority of a government for use as money.,PixArt-alpha_PixArt-Sigma-XL-2-512-MS,black-forest-labs_FLUX.1-dev,1
39810974,1811,appendix_llama,pasta.n.02,musical quality,['food.n.02'],"['baked_goods.n.01', 'breakfast_food.n.01', 'butter.n.01', 'cheese.n.01', 'chocolate.n.02', 'coconut.n.01', 'convenience_food.n.01', 'dika_bread.n.01', 'fish.n.02', 'fresh_food.n.01', 'health_food.n.01', 'junk_food.n.01', 'leftovers.n.01', 'loaf.n.02', 'meat.n.01', 'produce.n.01', 'seafood.n.01', 'slop.n.04', 'yogurt.n.01']","['https://upload.wikimedia.org/wikipedia/commons/2/2d/Parus_major_m.jpg?20070219234057', 'https://upload.wikimedia.org/wikipedia/commons/thumb/3/3a/Astrantia_major_Mitterbach_01.JPG/800px-Astrantia_major_Mitterbach_01.JPG?20141212085300', 'https://upload.wikimedia.org/wikipedia/commons/thumb/8/8a/Columbella_major_01.jpg/757px-Columbella_major_01.jpg?20190406061516', 'https://upload.wikimedia.org/wikipedia/commons/thumb/5/52/Musical_group_on_The_Huc_Bridge_in_Hanoi%2C_20240123_1402_3331.jpg/800px-Musical_group_on_The_Huc_Bridge_in_Hanoi%2C_20240123_1402_3331.jpg?20240413163045', 'https://upload.wikimedia.org/wikipedia/commons/thumb/a/a6/Major_League_Baseball_logo.svg/172px-Major_League_Baseball_logo.svg.png?20190424101007']",Parus major m.jpg,"Musical quality is the characteristic of music that includes tone, pitch, rhythm, and harmony which determines the overall enjoyment and emotional impact of a piece.",black-forest-labs_FLUX.1-dev,prompthero_openjourney,3
84208735,1812,appendix_llama,pasta.n.02,color,['food.n.02'],"['baked_goods.n.01', 'breakfast_food.n.01', 'butter.n.01', 'cheese.n.01', 'chocolate.n.02', 'coconut.n.01', 'convenience_food.n.01', 'dika_bread.n.01', 'fish.n.02', 'fresh_food.n.01', 'health_food.n.01', 'junk_food.n.01', 'leftovers.n.01', 'loaf.n.02', 'meat.n.01', 'produce.n.01', 'seafood.n.01', 'slop.n.04', 'yogurt.n.01']","['https://upload.wikimedia.org/wikipedia/commons/thumb/b/b1/Colouring_pencils.jpg/800px-Colouring_pencils.jpg?20230619113853', 'https://upload.wikimedia.org/wikipedia/commons/thumb/0/08/Colored_pencils_chevre.jpg/800px-Colored_pencils_chevre.jpg?20060801023649', 'https://upload.wikimedia.org/wikipedia/commons/thumb/2/21/64_365_Color_Macro_%285498808099%29.jpg/800px-64_365_Color_Macro_%285498808099%29.jpg?20130130010656', 'https://upload.wikimedia.org/wikipedia/commons/thumb/4/46/Monet_-_Die_japanische_Br%C3%BCcke_in_Giverny.jpg/668px-Monet_-_Die_japanische_Br%C3%BCcke_in_Giverny.jpg?20090630165520', 'https://upload.wikimedia.org/wikipedia/commons/thumb/3/38/BYR_color_wheel.svg/382px-BYR_color_wheel.svg.png?20180129055411']",Colouring pencils.jpg,"a property of light as seen by people, resulting from the spectrum of light emitted or reflected by objects.",runwayml_stable-diffusion-v1-5,black-forest-labs_FLUX.1-dev,0
84089324,1817,appendix_llama,cheese.n.01,tree,"['dairy_product.n.01', 'food.n.02']","['butter.n.01', 'clabber.n.01', 'cream.n.02', 'curd.n.02', 'half-and-half.n.01', 'milk.n.01', 'whey.n.02', 'yogurt.n.01', 'baked_goods.n.01', 'breakfast_food.n.01', 'butter.n.01', 'cheese.n.01', 'chocolate.n.02', 'coconut.n.01', 'convenience_food.n.01', 'dika_bread.n.01', 'fish.n.02', 'fresh_food.n.01', 'health_food.n.01', 'junk_food.n.01', 'leftovers.n.01', 'loaf.n.02', 'meat.n.01', 'pasta.n.02', 'produce.n.01', 'seafood.n.01', 'slop.n.04', 'yogurt.n.01']","['https://upload.wikimedia.org/wikipedia/commons/thumb/0/03/Eiche_bei_Graditz.jpg/800px-Eiche_bei_Graditz.jpg?20160909210713', 'https://upload.wikimedia.org/wikipedia/commons/thumb/7/76/Leopard_Tree_AdF.jpg/800px-Leopard_Tree_AdF.jpg?20141121194516', 'https://upload.wikimedia.org/wikipedia/commons/thumb/b/b1/Iced-tree-limbs-in-sun.jpg/450px-Iced-tree-limbs-in-sun.jpg?20060225182411', 'https://upload.wikimedia.org/wikipedia/commons/thumb/7/7b/Flooded_Albizia_Saman_%28rain_tree%29_in_the_Mekong.jpg/800px-Flooded_Albizia_Saman_%28rain_tree%29_in_the_Mekong.jpg?20180101111807', 'https://upload.wikimedia.org/wikipedia/commons/thumb/d/d4/Adansonia_digitata.jpg/800px-Adansonia_digitata.jpg?20071209235654']",Eiche bei Graditz.jpg,"A perennial plant with a woody stem or trunk, normally growing to a significant height and bearing lateral branches at some distance from the ground.",black-forest-labs_FLUX.1-dev,kandinsky-community_kandinsky-3,0
86520164,1818,appendix_llama,cheese.n.01,color,"['dairy_product.n.01', 'food.n.02']","['butter.n.01', 'clabber.n.01', 'cream.n.02', 'curd.n.02', 'half-and-half.n.01', 'milk.n.01', 'whey.n.02', 'yogurt.n.01', 'baked_goods.n.01', 'breakfast_food.n.01', 'butter.n.01', 'cheese.n.01', 'chocolate.n.02', 'coconut.n.01', 'convenience_food.n.01', 'dika_bread.n.01', 'fish.n.02', 'fresh_food.n.01', 'health_food.n.01', 'junk_food.n.01', 'leftovers.n.01', 'loaf.n.02', 'meat.n.01', 'pasta.n.02', 'produce.n.01', 'seafood.n.01', 'slop.n.04', 'yogurt.n.01']","['https://upload.wikimedia.org/wikipedia/commons/thumb/b/b1/Colouring_pencils.jpg/800px-Colouring_pencils.jpg?20230619113853', 'https://upload.wikimedia.org/wikipedia/commons/thumb/0/08/Colored_pencils_chevre.jpg/800px-Colored_pencils_chevre.jpg?20060801023649', 'https://upload.wikimedia.org/wikipedia/commons/thumb/2/21/64_365_Color_Macro_%285498808099%29.jpg/800px-64_365_Color_Macro_%285498808099%29.jpg?20130130010656', 'https://upload.wikimedia.org/wikipedia/commons/thumb/4/46/Monet_-_Die_japanische_Br%C3%BCcke_in_Giverny.jpg/668px-Monet_-_Die_japanische_Br%C3%BCcke_in_Giverny.jpg?20090630165520', 'https://upload.wikimedia.org/wikipedia/commons/thumb/3/38/BYR_color_wheel.svg/382px-BYR_color_wheel.svg.png?20180129055411']",Colouring pencils.jpg,"a property of light as seen by people, often characterized by its hue, saturation, and brightness.",kandinsky-community_kandinsky-3,black-forest-labs_FLUX.1-dev,0
46994920,1823,appendix_llama,cheese.n.01,anadromous fish,"['dairy_product.n.01', 'food.n.02']","['butter.n.01', 'clabber.n.01', 'cream.n.02', 'curd.n.02', 'half-and-half.n.01', 'milk.n.01', 'whey.n.02', 'yogurt.n.01', 'baked_goods.n.01', 'breakfast_food.n.01', 'butter.n.01', 'cheese.n.01', 'chocolate.n.02', 'coconut.n.01', 'convenience_food.n.01', 'dika_bread.n.01', 'fish.n.02', 'fresh_food.n.01', 'health_food.n.01', 'junk_food.n.01', 'leftovers.n.01', 'loaf.n.02', 'meat.n.01', 'pasta.n.02', 'produce.n.01', 'seafood.n.01', 'slop.n.04', 'yogurt.n.01']","['https://upload.wikimedia.org/wikipedia/commons/thumb/c/c6/The_life_cycle_of_an_anadromous_parasitic_lamprey.tif/lossy-page1-603px-The_life_cycle_of_an_anadromous_parasitic_lamprey.tif.jpg?20150903164727', 'https://upload.wikimedia.org/wikipedia/commons/0/08/Ocean_migration_of_Altantic_salmon.gif?20111230095822', 'https://upload.wikimedia.org/wikipedia/commons/thumb/3/3e/Fish_migrations_between_coral_reef%2C_macroalgae%2C_seagrass%2C_and_mangrove_habitats.jpg/800px-Fish_migrations_between_coral_reef%2C_macroalgae%2C_seagrass%2C_and_mangrove_habitats.jpg?20211104035957', 'https://upload.wikimedia.org/wikipedia/commons/thumb/c/ca/Sacramento_River_Juvenile_Anadromous_Fish_Monitoring_Project_at_Red_Bluff_%2822983796131%29.jpg/800px-Sacramento_River_Juvenile_Anadromous_Fish_Monitoring_Project_at_Red_Bluff_%2822983796131%29.jpg?20180511043546', 'https://upload.wikimedia.org/wikipedia/commons/thumb/2/28/Sacramento_River_Juvenile_Anadromous_Fish_Monitoring_Project_at_Red_Bluff_%2822959277822%29.jpg/800px-Sacramento_River_Juvenile_Anadromous_Fish_Monitoring_Project_at_Red_Bluff_%2822959277822%29.jpg?20180511043556']",The life cycle of an anadromous parasitic lamprey.tif,Anadromous fish are species that migrate from the ocean to freshwater rivers and streams to spawn.,PixArt-alpha_PixArt-Sigma-XL-2-512-MS,black-forest-labs_FLUX.1-dev,0
39139190,1833,appendix_llama,cheese.n.01,outerwear,"['dairy_product.n.01', 'food.n.02']","['butter.n.01', 'clabber.n.01', 'cream.n.02', 'curd.n.02', 'half-and-half.n.01', 'milk.n.01', 'whey.n.02', 'yogurt.n.01', 'baked_goods.n.01', 'breakfast_food.n.01', 'butter.n.01', 'cheese.n.01', 'chocolate.n.02', 'coconut.n.01', 'convenience_food.n.01', 'dika_bread.n.01', 'fish.n.02', 'fresh_food.n.01', 'health_food.n.01', 'junk_food.n.01', 'leftovers.n.01', 'loaf.n.02', 'meat.n.01', 'pasta.n.02', 'produce.n.01', 'seafood.n.01', 'slop.n.04', 'yogurt.n.01']","['https://upload.wikimedia.org/wikipedia/commons/thumb/4/42/Porter_wearing_protective_outer_garments_made_of_straw_LCCN2009632872.jpg/488px-Porter_wearing_protective_outer_garments_made_of_straw_LCCN2009632872.jpg?20181003115334', 'https://upload.wikimedia.org/wikipedia/commons/thumb/a/ab/Porter_wearing_protective_outer_garments_made_of_straw_LCCN2009632872.tif/lossy-page1-488px-Porter_wearing_protective_outer_garments_made_of_straw_LCCN2009632872.tif.jpg?20180327082059', 'https://upload.wikimedia.org/wikipedia/commons/thumb/2/2c/Kamala_Harris_with_Gregory_Meeks_and_Elijah_Cummings_-_2019.jpg/475px-Kamala_Harris_with_Gregory_Meeks_and_Elijah_Cummings_-_2019.jpg?20200221063150', 'https://upload.wikimedia.org/wikipedia/commons/thumb/2/22/Rassemblement_coll%C3%A8ge_conflans_17_10_20_-_foule_3.jpg/800px-Rassemblement_coll%C3%A8ge_conflans_17_10_20_-_foule_3.jpg?20201018203522', 'https://upload.wikimedia.org/wikipedia/commons/thumb/d/d6/Gael_Callonnec.jpg/403px-Gael_Callonnec.jpg?20200228001630']",Porter wearing protective outer garments made of straw LCCN2009632872.jpg,"Clothing designed to be worn outdoors, typically for protection against the weather.",DeepFloyd_IF-I-XL-v1.0,black-forest-labs_FLUX.1-dev,1
76425345,1834,appendix_llama,cheese.n.01,coat,"['dairy_product.n.01', 'food.n.02']","['butter.n.01', 'clabber.n.01', 'cream.n.02', 'curd.n.02', 'half-and-half.n.01', 'milk.n.01', 'whey.n.02', 'yogurt.n.01', 'baked_goods.n.01', 'breakfast_food.n.01', 'butter.n.01', 'cheese.n.01', 'chocolate.n.02', 'coconut.n.01', 'convenience_food.n.01', 'dika_bread.n.01', 'fish.n.02', 'fresh_food.n.01', 'health_food.n.01', 'junk_food.n.01', 'leftovers.n.01', 'loaf.n.02', 'meat.n.01', 'pasta.n.02', 'produce.n.01', 'seafood.n.01', 'slop.n.04', 'yogurt.n.01']","['https://upload.wikimedia.org/wikipedia/commons/thumb/f/f9/Coat_of_arms_of_Seychelles.svg/591px-Coat_of_arms_of_Seychelles.svg.png?20240430153652', 'https://upload.wikimedia.org/wikipedia/commons/thumb/1/1c/Royal_Coat_of_Arms_of_the_United_Kingdom_%28St_Edward%27s_Crown%29.svg/620px-Royal_Coat_of_Arms_of_the_United_Kingdom_%28St_Edward%27s_Crown%29.svg.png?20220706153233', 'https://upload.wikimedia.org/wikipedia/commons/thumb/b/bc/Coat_of_arms_of_Siam.svg/500px-Coat_of_arms_of_Siam.svg.png?20221001102253', 'https://upload.wikimedia.org/wikipedia/commons/thumb/9/93/Royal_Coat_of_Arms_of_the_Kingdom_of_Scotland.svg/620px-Royal_Coat_of_Arms_of_the_Kingdom_of_Scotland.svg.png?20191114001703', 'https://upload.wikimedia.org/wikipedia/commons/thumb/9/95/Lesser_Coat_of_Arms_of_Ukraine.svg/330px-Lesser_Coat_of_Arms_of_Ukraine.svg.png?20220118191201']",Coat of arms of Seychelles.svg,"A garment typically with sleeves, fastened at the front and extending below the hips, worn outdoors to keep warm or as a fashion item.",DeepFloyd_IF-I-XL-v1.0,black-forest-labs_FLUX.1-dev,1
56124883,1835,appendix_llama,cheese.n.01,fishing net,"['dairy_product.n.01', 'food.n.02']","['butter.n.01', 'clabber.n.01', 'cream.n.02', 'curd.n.02', 'half-and-half.n.01', 'milk.n.01', 'whey.n.02', 'yogurt.n.01', 'baked_goods.n.01', 'breakfast_food.n.01', 'butter.n.01', 'cheese.n.01', 'chocolate.n.02', 'coconut.n.01', 'convenience_food.n.01', 'dika_bread.n.01', 'fish.n.02', 'fresh_food.n.01', 'health_food.n.01', 'junk_food.n.01', 'leftovers.n.01', 'loaf.n.02', 'meat.n.01', 'pasta.n.02', 'produce.n.01', 'seafood.n.01', 'slop.n.04', 'yogurt.n.01']","['https://upload.wikimedia.org/wikipedia/commons/thumb/e/e7/Fishing_net_Karystos_Euboea_Greece.jpg/800px-Fishing_net_Karystos_Euboea_Greece.jpg?20161210162641', 'https://upload.wikimedia.org/wikipedia/commons/thumb/4/46/Orange_texture_made_of_a_fishing_net_on_a_wooden_board_at_golden_hour.jpg/800px-Orange_texture_made_of_a_fishing_net_on_a_wooden_board_at_golden_hour.jpg?20211210043658', 'https://upload.wikimedia.org/wikipedia/commons/thumb/1/16/Kochi_chinese_fishing-net-20080215-01a.jpg/800px-Kochi_chinese_fishing-net-20080215-01a.jpg?20080905150621', 'https://upload.wikimedia.org/wikipedia/commons/thumb/1/19/Chinese_Fishing_Net_Raising_Birds_Sunrise_Ashtamudi_Kollam_Mar22_A7C_01784.jpg/800px-Chinese_Fishing_Net_Raising_Birds_Sunrise_Ashtamudi_Kollam_Mar22_A7C_01784.jpg?20220501023301', 'https://upload.wikimedia.org/wikipedia/commons/thumb/a/ae/Contre-jour_photograph_of_a_fisherman_pulling_his_fishing_net_swamped_with_light_at_sunset_in_Don_Tao_Laos.jpg/800px-Contre-jour_photograph_of_a_fisherman_pulling_his_fishing_net_swamped_with_light_at_sunset_in_Don_Tao_Laos.jpg?20220117022007']",Fishing net Karystos Euboea Greece.jpg,A fishing net is a net used for catching fish.,black-forest-labs_FLUX.1-dev,stabilityai_stable-diffusion-xl-base-1.0,0
79077085,1844,appendix_llama,room.n.01,jewelry,['area.n.05'],"['aisle.n.03', 'auditorium.n.01', 'baggage_claim.n.01', 'box.n.07', 'breakfast_area.n.01', 'bullpen.n.01', 'chancel.n.01', 'choir.n.03', 'corner.n.03', 'court.n.10', 'dead-air_space.n.01', 'dining_area.n.01', 'enclosure.n.01', 'goalmouth.n.01', 'hideaway.n.02', 'nave.n.01', 'orchestra_pit.n.01', 'panopticon.n.01', 'patio.n.01', 'pit.n.06', 'pit.n.07', 'press_gallery.n.01', 'pull-off.n.01', 'quad.n.04', 'second_balcony.n.01', 'storage_space.n.01', 'threshing_floor.n.01', 'turnaround.n.03']","['https://upload.wikimedia.org/wikipedia/commons/thumb/d/d4/Jewelry_designing_%28edited%29.jpg/800px-Jewelry_designing_%28edited%29.jpg?20230620210012', 'https://upload.wikimedia.org/wikipedia/commons/thumb/a/a9/%EC%84%9C%EB%B4%89%EC%B4%9D_%EA%B8%88%EA%B4%80_%EA%B8%88%EC%A0%9C%EB%93%9C%EB%A6%AC%EA%B0%9C.jpg/432px-%EC%84%9C%EB%B4%89%EC%B4%9D_%EA%B8%88%EA%B4%80_%EA%B8%88%EC%A0%9C%EB%93%9C%EB%A6%AC%EA%B0%9C.jpg?20141107104701', 'https://upload.wikimedia.org/wikipedia/commons/thumb/8/80/Hindu_Bride%2C_Ahmedabad%2C_Gujarat.jpg/443px-Hindu_Bride%2C_Ahmedabad%2C_Gujarat.jpg?20120130132533', 'https://upload.wikimedia.org/wikipedia/commons/thumb/7/7a/%EA%B2%BD%EC%A3%BC_%EB%B6%80%EB%B6%80%EC%B4%9D_%EA%B8%88%EA%B7%80%EA%B1%B8%EC%9D%B4.jpg/584px-%EA%B2%BD%EC%A3%BC_%EB%B6%80%EB%B6%80%EC%B4%9D_%EA%B8%88%EA%B7%80%EA%B1%B8%EC%9D%B4.jpg?20150129054545', 'https://upload.wikimedia.org/wikipedia/commons/thumb/6/64/Parure_della_regina_maria_amelia%2C_parigi%2C_1800-15_poi_1850-75_ca.jpg/617px-Parure_della_regina_maria_amelia%2C_parigi%2C_1800-15_poi_1850-75_ca.jpg?20170106111046']",Jewelry designing (edited).jpg,"Ornamental objects worn for personal adornment, typically made from or containing jewels and precious metals.",black-forest-labs_FLUX.1-dev,runwayml_stable-diffusion-v1-5,0
16803774,1845,appendix_llama,room.n.01,jewelry,['area.n.05'],"['aisle.n.03', 'auditorium.n.01', 'baggage_claim.n.01', 'box.n.07', 'breakfast_area.n.01', 'bullpen.n.01', 'chancel.n.01', 'choir.n.03', 'corner.n.03', 'court.n.10', 'dead-air_space.n.01', 'dining_area.n.01', 'enclosure.n.01', 'goalmouth.n.01', 'hideaway.n.02', 'nave.n.01', 'orchestra_pit.n.01', 'panopticon.n.01', 'patio.n.01', 'pit.n.06', 'pit.n.07', 'press_gallery.n.01', 'pull-off.n.01', 'quad.n.04', 'second_balcony.n.01', 'storage_space.n.01', 'threshing_floor.n.01', 'turnaround.n.03']","['https://upload.wikimedia.org/wikipedia/commons/thumb/d/d4/Jewelry_designing_%28edited%29.jpg/800px-Jewelry_designing_%28edited%29.jpg?20230620210012', 'https://upload.wikimedia.org/wikipedia/commons/thumb/a/a9/%EC%84%9C%EB%B4%89%EC%B4%9D_%EA%B8%88%EA%B4%80_%EA%B8%88%EC%A0%9C%EB%93%9C%EB%A6%AC%EA%B0%9C.jpg/432px-%EC%84%9C%EB%B4%89%EC%B4%9D_%EA%B8%88%EA%B4%80_%EA%B8%88%EC%A0%9C%EB%93%9C%EB%A6%AC%EA%B0%9C.jpg?20141107104701', 'https://upload.wikimedia.org/wikipedia/commons/thumb/8/80/Hindu_Bride%2C_Ahmedabad%2C_Gujarat.jpg/443px-Hindu_Bride%2C_Ahmedabad%2C_Gujarat.jpg?20120130132533', 'https://upload.wikimedia.org/wikipedia/commons/thumb/7/7a/%EA%B2%BD%EC%A3%BC_%EB%B6%80%EB%B6%80%EC%B4%9D_%EA%B8%88%EA%B7%80%EA%B1%B8%EC%9D%B4.jpg/584px-%EA%B2%BD%EC%A3%BC_%EB%B6%80%EB%B6%80%EC%B4%9D_%EA%B8%88%EA%B7%80%EA%B1%B8%EC%9D%B4.jpg?20150129054545', 'https://upload.wikimedia.org/wikipedia/commons/thumb/6/64/Parure_della_regina_maria_amelia%2C_parigi%2C_1800-15_poi_1850-75_ca.jpg/617px-Parure_della_regina_maria_amelia%2C_parigi%2C_1800-15_poi_1850-75_ca.jpg?20170106111046']",Jewelry designing (edited).jpg,"A collection of decorative items worn for personal adornment, such as rings, necklaces, earrings, and bracelets.",playgroundai_playground-v2.5-1024px-aesthetic,black-forest-labs_FLUX.1-dev,1
79586833,1849,appendix_llama,room.n.01,jewelry,['area.n.05'],"['aisle.n.03', 'auditorium.n.01', 'baggage_claim.n.01', 'box.n.07', 'breakfast_area.n.01', 'bullpen.n.01', 'chancel.n.01', 'choir.n.03', 'corner.n.03', 'court.n.10', 'dead-air_space.n.01', 'dining_area.n.01', 'enclosure.n.01', 'goalmouth.n.01', 'hideaway.n.02', 'nave.n.01', 'orchestra_pit.n.01', 'panopticon.n.01', 'patio.n.01', 'pit.n.06', 'pit.n.07', 'press_gallery.n.01', 'pull-off.n.01', 'quad.n.04', 'second_balcony.n.01', 'storage_space.n.01', 'threshing_floor.n.01', 'turnaround.n.03']","['https://upload.wikimedia.org/wikipedia/commons/thumb/d/d4/Jewelry_designing_%28edited%29.jpg/800px-Jewelry_designing_%28edited%29.jpg?20230620210012', 'https://upload.wikimedia.org/wikipedia/commons/thumb/a/a9/%EC%84%9C%EB%B4%89%EC%B4%9D_%EA%B8%88%EA%B4%80_%EA%B8%88%EC%A0%9C%EB%93%9C%EB%A6%AC%EA%B0%9C.jpg/432px-%EC%84%9C%EB%B4%89%EC%B4%9D_%EA%B8%88%EA%B4%80_%EA%B8%88%EC%A0%9C%EB%93%9C%EB%A6%AC%EA%B0%9C.jpg?20141107104701', 'https://upload.wikimedia.org/wikipedia/commons/thumb/8/80/Hindu_Bride%2C_Ahmedabad%2C_Gujarat.jpg/443px-Hindu_Bride%2C_Ahmedabad%2C_Gujarat.jpg?20120130132533', 'https://upload.wikimedia.org/wikipedia/commons/thumb/7/7a/%EA%B2%BD%EC%A3%BC_%EB%B6%80%EB%B6%80%EC%B4%9D_%EA%B8%88%EA%B7%80%EA%B1%B8%EC%9D%B4.jpg/584px-%EA%B2%BD%EC%A3%BC_%EB%B6%80%EB%B6%80%EC%B4%9D_%EA%B8%88%EA%B7%80%EA%B1%B8%EC%9D%B4.jpg?20150129054545', 'https://upload.wikimedia.org/wikipedia/commons/thumb/6/64/Parure_della_regina_maria_amelia%2C_parigi%2C_1800-15_poi_1850-75_ca.jpg/617px-Parure_della_regina_maria_amelia%2C_parigi%2C_1800-15_poi_1850-75_ca.jpg?20170106111046']",Jewelry designing (edited).jpg,"Ornamental objects worn by people, typically made from precious metals and stones.",black-forest-labs_FLUX.1-dev,DeepFloyd_IF-I-XL-v1.0,0
28192869,1855,appendix_llama,room.n.01,furnishings,['area.n.05'],"['aisle.n.03', 'auditorium.n.01', 'baggage_claim.n.01', 'box.n.07', 'breakfast_area.n.01', 'bullpen.n.01', 'chancel.n.01', 'choir.n.03', 'corner.n.03', 'court.n.10', 'dead-air_space.n.01', 'dining_area.n.01', 'enclosure.n.01', 'goalmouth.n.01', 'hideaway.n.02', 'nave.n.01', 'orchestra_pit.n.01', 'panopticon.n.01', 'patio.n.01', 'pit.n.06', 'pit.n.07', 'press_gallery.n.01', 'pull-off.n.01', 'quad.n.04', 'second_balcony.n.01', 'storage_space.n.01', 'threshing_floor.n.01', 'turnaround.n.03']","['https://upload.wikimedia.org/wikipedia/commons/thumb/6/6c/Pierre_Renart_at_the_Museum_of_Decorative_Arts_in_Paris.jpg/752px-Pierre_Renart_at_the_Museum_of_Decorative_Arts_in_Paris.jpg?20191213110123', 'https://upload.wikimedia.org/wikipedia/commons/thumb/c/cf/Decorative_image_1.jpg/370px-Decorative_image_1.jpg?20240615154757', 'https://upload.wikimedia.org/wikipedia/commons/thumb/f/fd/Franeker._Stadhuis._03-08-2021._%28d.j.b%29_02.jpg/750px-Franeker._Stadhuis._03-08-2021._%28d.j.b%29_02.jpg?20210824165432', 'https://upload.wikimedia.org/wikipedia/commons/thumb/c/c9/Katholische_Pfarrkirche_St._Sebastian-S._Bistgaun%2C_Dardin._%28actm%29_07.jpg/330px-Katholische_Pfarrkirche_St._Sebastian-S._Bistgaun%2C_Dardin._%28actm%29_07.jpg?20181217075022', 'https://upload.wikimedia.org/wikipedia/commons/thumb/c/cc/Decorative_arts_in_the_Louvre_-_Room_539.jpg/800px-Decorative_arts_in_the_Louvre_-_Room_539.jpg?20191115221954']",Pierre Renart at the Museum of Decorative Arts in Paris.jpg,"Items such as furniture, rugs, curtains, and decorations that are used to equip and decorate a room or building.",PixArt-alpha_PixArt-Sigma-XL-2-512-MS,black-forest-labs_FLUX.1-dev,2
65029270,1857,appendix_llama,room.n.01,furniture,['area.n.05'],"['aisle.n.03', 'auditorium.n.01', 'baggage_claim.n.01', 'box.n.07', 'breakfast_area.n.01', 'bullpen.n.01', 'chancel.n.01', 'choir.n.03', 'corner.n.03', 'court.n.10', 'dead-air_space.n.01', 'dining_area.n.01', 'enclosure.n.01', 'goalmouth.n.01', 'hideaway.n.02', 'nave.n.01', 'orchestra_pit.n.01', 'panopticon.n.01', 'patio.n.01', 'pit.n.06', 'pit.n.07', 'press_gallery.n.01', 'pull-off.n.01', 'quad.n.04', 'second_balcony.n.01', 'storage_space.n.01', 'threshing_floor.n.01', 'turnaround.n.03']","['https://upload.wikimedia.org/wikipedia/commons/thumb/0/02/Carved_wooden_bench_furniture_and_crafts_at_Heuan_Chan_heritage_house_in_Luang_Prabang_Laos.jpg/600px-Carved_wooden_bench_furniture_and_crafts_at_Heuan_Chan_heritage_house_in_Luang_Prabang_Laos.jpg?20231005052802', 'https://upload.wikimedia.org/wikipedia/commons/thumb/1/17/Dining_table_for_two.jpg/600px-Dining_table_for_two.jpg?20140624063311', 'https://upload.wikimedia.org/wikipedia/commons/thumb/4/40/L%C3%BCdinghausen%2C_Burg_Vischering_--_2021_--_5233.jpg/428px-L%C3%BCdinghausen%2C_Burg_Vischering_--_2021_--_5233.jpg?20210305101419', 'https://upload.wikimedia.org/wikipedia/commons/thumb/2/24/8th_Century_BCE_Assyrian_Plaque_from_Fort_Shalmaneser._in_Nimrud.jpg/717px-8th_Century_BCE_Assyrian_Plaque_from_Fort_Shalmaneser._in_Nimrud.jpg?20210122024725', 'https://upload.wikimedia.org/wikipedia/commons/thumb/4/40/44has_19.jpg/450px-44has_19.jpg?20151215185550']",Carved wooden bench furniture and crafts at Heuan Chan heritage house in Luang Prabang Laos.jpg,"Objects such as chairs, tables, and beds that are used to make a room suitable for living or working.",black-forest-labs_FLUX.1-dev,playgroundai_playground-v2.5-1024px-aesthetic,0
2870293,1862,appendix_llama,room.n.01,furniture,['area.n.05'],"['aisle.n.03', 'auditorium.n.01', 'baggage_claim.n.01', 'box.n.07', 'breakfast_area.n.01', 'bullpen.n.01', 'chancel.n.01', 'choir.n.03', 'corner.n.03', 'court.n.10', 'dead-air_space.n.01', 'dining_area.n.01', 'enclosure.n.01', 'goalmouth.n.01', 'hideaway.n.02', 'nave.n.01', 'orchestra_pit.n.01', 'panopticon.n.01', 'patio.n.01', 'pit.n.06', 'pit.n.07', 'press_gallery.n.01', 'pull-off.n.01', 'quad.n.04', 'second_balcony.n.01', 'storage_space.n.01', 'threshing_floor.n.01', 'turnaround.n.03']","['https://upload.wikimedia.org/wikipedia/commons/thumb/0/02/Carved_wooden_bench_furniture_and_crafts_at_Heuan_Chan_heritage_house_in_Luang_Prabang_Laos.jpg/600px-Carved_wooden_bench_furniture_and_crafts_at_Heuan_Chan_heritage_house_in_Luang_Prabang_Laos.jpg?20231005052802', 'https://upload.wikimedia.org/wikipedia/commons/thumb/1/17/Dining_table_for_two.jpg/600px-Dining_table_for_two.jpg?20140624063311', 'https://upload.wikimedia.org/wikipedia/commons/thumb/4/40/L%C3%BCdinghausen%2C_Burg_Vischering_--_2021_--_5233.jpg/428px-L%C3%BCdinghausen%2C_Burg_Vischering_--_2021_--_5233.jpg?20210305101419', 'https://upload.wikimedia.org/wikipedia/commons/thumb/2/24/8th_Century_BCE_Assyrian_Plaque_from_Fort_Shalmaneser._in_Nimrud.jpg/717px-8th_Century_BCE_Assyrian_Plaque_from_Fort_Shalmaneser._in_Nimrud.jpg?20210122024725', 'https://upload.wikimedia.org/wikipedia/commons/thumb/4/40/44has_19.jpg/450px-44has_19.jpg?20151215185550']",Carved wooden bench furniture and crafts at Heuan Chan heritage house in Luang Prabang Laos.jpg,"Items such as chairs, tables, and beds that are used to make a room suitable for living or working.",black-forest-labs_FLUX.1-dev,stabilityai_sdxl-turbo,0
14593563,1865,appendix_llama,room.n.01,fit,['area.n.05'],"['aisle.n.03', 'auditorium.n.01', 'baggage_claim.n.01', 'box.n.07', 'breakfast_area.n.01', 'bullpen.n.01', 'chancel.n.01', 'choir.n.03', 'corner.n.03', 'court.n.10', 'dead-air_space.n.01', 'dining_area.n.01', 'enclosure.n.01', 'goalmouth.n.01', 'hideaway.n.02', 'nave.n.01', 'orchestra_pit.n.01', 'panopticon.n.01', 'patio.n.01', 'pit.n.06', 'pit.n.07', 'press_gallery.n.01', 'pull-off.n.01', 'quad.n.04', 'second_balcony.n.01', 'storage_space.n.01', 'threshing_floor.n.01', 'turnaround.n.03']","['https://upload.wikimedia.org/wikipedia/commons/2/21/Me%C3%A4nkieli_puhujat.png?20191019005033', 'https://upload.wikimedia.org/wikipedia/commons/thumb/f/f3/Fashion_Institute_of_Technology_%28FIT%29_%2848206543902%29.jpg/800px-Fashion_Institute_of_Technology_%28FIT%29_%2848206543902%29.jpg?20190705182922', 'https://upload.wikimedia.org/wikipedia/commons/b/ba/Me%C3%A4nkieli2021.png?20210925091147', 'https://upload.wikimedia.org/wikipedia/commons/thumb/6/69/Honda_Fit_IV_in_Taishan%2C_GD.jpg/800px-Honda_Fit_IV_in_Taishan%2C_GD.jpg?20240802053744', 'https://upload.wikimedia.org/wikipedia/commons/thumb/b/bc/HONDA_FIT_%28GE%29_China.jpg/800px-HONDA_FIT_%28GE%29_China.jpg?20220702035822']",Meänkieli puhujat.png,a state or bout of vigorous physical activity or a sudden onset of intense emotion.,black-forest-labs_FLUX.1-dev,playgroundai_playground-v2.5-1024px-aesthetic,3
36230692,1869,appendix_llama,room.n.01,receptacle,['area.n.05'],"['aisle.n.03', 'auditorium.n.01', 'baggage_claim.n.01', 'box.n.07', 'breakfast_area.n.01', 'bullpen.n.01', 'chancel.n.01', 'choir.n.03', 'corner.n.03', 'court.n.10', 'dead-air_space.n.01', 'dining_area.n.01', 'enclosure.n.01', 'goalmouth.n.01', 'hideaway.n.02', 'nave.n.01', 'orchestra_pit.n.01', 'panopticon.n.01', 'patio.n.01', 'pit.n.06', 'pit.n.07', 'press_gallery.n.01', 'pull-off.n.01', 'quad.n.04', 'second_balcony.n.01', 'storage_space.n.01', 'threshing_floor.n.01', 'turnaround.n.03']","['https://upload.wikimedia.org/wikipedia/commons/thumb/9/92/Receptacle_ports_on_an_HP_elitebook_640.jpg/800px-Receptacle_ports_on_an_HP_elitebook_640.jpg?20240425215939', 'https://upload.wikimedia.org/wikipedia/commons/thumb/d/d9/MoYu_accessories_box.jpg/676px-MoYu_accessories_box.jpg?20230814152323', 'https://upload.wikimedia.org/wikipedia/commons/thumb/b/b9/Bin_ysbwriel-litter_bin_-_geograph.org.uk_-_2074093.jpg/450px-Bin_ysbwriel-litter_bin_-_geograph.org.uk_-_2074093.jpg?20210528192622', 'https://upload.wikimedia.org/wikipedia/commons/thumb/b/b8/USB_Type-A_receptacle_dual_coloured.svg/250px-USB_Type-A_receptacle_dual_coloured.svg.png?20070710210945']",Receptacle ports on an HP elitebook 640.jpg,"a container used to hold or store items, often until they are used, disposed of, or transported elsewhere.",black-forest-labs_FLUX.1-dev,PixArt-alpha_PixArt-Sigma-XL-2-512-MS,0
69105166,1870,appendix_llama,room.n.01,furniture,['area.n.05'],"['aisle.n.03', 'auditorium.n.01', 'baggage_claim.n.01', 'box.n.07', 'breakfast_area.n.01', 'bullpen.n.01', 'chancel.n.01', 'choir.n.03', 'corner.n.03', 'court.n.10', 'dead-air_space.n.01', 'dining_area.n.01', 'enclosure.n.01', 'goalmouth.n.01', 'hideaway.n.02', 'nave.n.01', 'orchestra_pit.n.01', 'panopticon.n.01', 'patio.n.01', 'pit.n.06', 'pit.n.07', 'press_gallery.n.01', 'pull-off.n.01', 'quad.n.04', 'second_balcony.n.01', 'storage_space.n.01', 'threshing_floor.n.01', 'turnaround.n.03']","['https://upload.wikimedia.org/wikipedia/commons/thumb/0/02/Carved_wooden_bench_furniture_and_crafts_at_Heuan_Chan_heritage_house_in_Luang_Prabang_Laos.jpg/600px-Carved_wooden_bench_furniture_and_crafts_at_Heuan_Chan_heritage_house_in_Luang_Prabang_Laos.jpg?20231005052802', 'https://upload.wikimedia.org/wikipedia/commons/thumb/1/17/Dining_table_for_two.jpg/600px-Dining_table_for_two.jpg?20140624063311', 'https://upload.wikimedia.org/wikipedia/commons/thumb/4/40/L%C3%BCdinghausen%2C_Burg_Vischering_--_2021_--_5233.jpg/428px-L%C3%BCdinghausen%2C_Burg_Vischering_--_2021_--_5233.jpg?20210305101419', 'https://upload.wikimedia.org/wikipedia/commons/thumb/2/24/8th_Century_BCE_Assyrian_Plaque_from_Fort_Shalmaneser._in_Nimrud.jpg/717px-8th_Century_BCE_Assyrian_Plaque_from_Fort_Shalmaneser._in_Nimrud.jpg?20210122024725', 'https://upload.wikimedia.org/wikipedia/commons/thumb/4/40/44has_19.jpg/450px-44has_19.jpg?20151215185550']",Carved wooden bench furniture and crafts at Heuan Chan heritage house in Luang Prabang Laos.jpg,"articles that make a room or building suitable for living or working in, such as tables, chairs, or desks.",prompthero_openjourney,black-forest-labs_FLUX.1-dev,1
18501838,1873,appendix_llama,room.n.01,hotel chain,['area.n.05'],"['aisle.n.03', 'auditorium.n.01', 'baggage_claim.n.01', 'box.n.07', 'breakfast_area.n.01', 'bullpen.n.01', 'chancel.n.01', 'choir.n.03', 'corner.n.03', 'court.n.10', 'dead-air_space.n.01', 'dining_area.n.01', 'enclosure.n.01', 'goalmouth.n.01', 'hideaway.n.02', 'nave.n.01', 'orchestra_pit.n.01', 'panopticon.n.01', 'patio.n.01', 'pit.n.06', 'pit.n.07', 'press_gallery.n.01', 'pull-off.n.01', 'quad.n.04', 'second_balcony.n.01', 'storage_space.n.01', 'threshing_floor.n.01', 'turnaround.n.03']","['https://upload.wikimedia.org/wikipedia/commons/thumb/5/5b/Tadoussac_-_Hotel_%281%29.jpg/800px-Tadoussac_-_Hotel_%281%29.jpg?20120423185112', 'https://upload.wikimedia.org/wikipedia/commons/thumb/7/7e/Cricket_match_and_Marina_Bay_Sands_Hotel_in_Singapore.jpg/800px-Cricket_match_and_Marina_Bay_Sands_Hotel_in_Singapore.jpg?20180719023852', 'https://upload.wikimedia.org/wikipedia/commons/thumb/9/98/PNY_Exterior_with_Rolls_Royce.jpg/800px-PNY_Exterior_with_Rolls_Royce.jpg?20191001202253', 'https://upload.wikimedia.org/wikipedia/commons/thumb/1/1a/Hotel_Llao_Llao%2C_Bariloche%2C_Argentina.jpg/800px-Hotel_Llao_Llao%2C_Bariloche%2C_Argentina.jpg?20150415035247', 'https://upload.wikimedia.org/wikipedia/commons/thumb/f/f9/Grand_Hotel%2C_Hotel.jpg/800px-Grand_Hotel%2C_Hotel.jpg?20130919111122']",Tadoussac - Hotel (1).jpg,"A group of hotels operated under the same brand name, offering standardized amenities and services across multiple locations.",black-forest-labs_FLUX.1-dev,runwayml_stable-diffusion-v1-5,0
62053601,1877,appendix_llama,room.n.01,unit,['area.n.05'],"['aisle.n.03', 'auditorium.n.01', 'baggage_claim.n.01', 'box.n.07', 'breakfast_area.n.01', 'bullpen.n.01', 'chancel.n.01', 'choir.n.03', 'corner.n.03', 'court.n.10', 'dead-air_space.n.01', 'dining_area.n.01', 'enclosure.n.01', 'goalmouth.n.01', 'hideaway.n.02', 'nave.n.01', 'orchestra_pit.n.01', 'panopticon.n.01', 'patio.n.01', 'pit.n.06', 'pit.n.07', 'press_gallery.n.01', 'pull-off.n.01', 'quad.n.04', 'second_balcony.n.01', 'storage_space.n.01', 'threshing_floor.n.01', 'turnaround.n.03']","['https://upload.wikimedia.org/wikipedia/commons/thumb/4/47/Environmental_disaster_in_Levikha_Village%2C_Sverdlovsk_region_of_Russia_DJI.jpg/449px-Environmental_disaster_in_Levikha_Village%2C_Sverdlovsk_region_of_Russia_DJI.jpg?20190425180214', 'https://upload.wikimedia.org/wikipedia/commons/thumb/2/2c/Globen_September_2014_01.jpg/800px-Globen_September_2014_01.jpg?20150614125856', 'https://upload.wikimedia.org/wikipedia/commons/thumb/c/c2/APARTMENT_WITH_VIEW.jpg/800px-APARTMENT_WITH_VIEW.jpg?20230907182444', 'https://upload.wikimedia.org/wikipedia/commons/thumb/c/ce/Apartment_Complex_1.png/800px-Apartment_Complex_1.png?20230628223516', 'https://upload.wikimedia.org/wikipedia/commons/thumb/b/b4/APARTMENT_WITH_VIEW_LONDON.jpg/800px-APARTMENT_WITH_VIEW_LONDON.jpg?20230907192128']","Environmental disaster in Levikha Village, Sverdlovsk region of Russia DJI.jpg","A single distinct element or component of something larger, often used as a standard measure or as part of a system.",DeepFloyd_IF-I-XL-v1.0,black-forest-labs_FLUX.1-dev,3
61652790,1881,appendix_llama,room.n.01,pasta,['area.n.05'],"['aisle.n.03', 'auditorium.n.01', 'baggage_claim.n.01', 'box.n.07', 'breakfast_area.n.01', 'bullpen.n.01', 'chancel.n.01', 'choir.n.03', 'corner.n.03', 'court.n.10', 'dead-air_space.n.01', 'dining_area.n.01', 'enclosure.n.01', 'goalmouth.n.01', 'hideaway.n.02', 'nave.n.01', 'orchestra_pit.n.01', 'panopticon.n.01', 'patio.n.01', 'pit.n.06', 'pit.n.07', 'press_gallery.n.01', 'pull-off.n.01', 'quad.n.04', 'second_balcony.n.01', 'storage_space.n.01', 'threshing_floor.n.01', 'turnaround.n.03']","['https://upload.wikimedia.org/wikipedia/commons/thumb/3/3f/%28Pasta%29_by_David_Adam_Kess_%28pic.2%29.jpg/800px-%28Pasta%29_by_David_Adam_Kess_%28pic.2%29.jpg?20231116013947', 'https://upload.wikimedia.org/wikipedia/commons/thumb/1/1c/Pasta_with_Milk.jpg/450px-Pasta_with_Milk.jpg?20221225055124', 'https://upload.wikimedia.org/wikipedia/commons/thumb/3/33/Pasta_IMG_3985.JPG/800px-Pasta_IMG_3985.JPG?20090530110647', 'https://upload.wikimedia.org/wikipedia/commons/thumb/f/ff/Pasta_e_ceci_con_maltagliati_di_pasta_all%E2%80%99uovo.jpg/450px-Pasta_e_ceci_con_maltagliati_di_pasta_all%E2%80%99uovo.jpg?20160922095300', 'https://upload.wikimedia.org/wikipedia/commons/thumb/c/c6/Pasta_Pasta.jpg/450px-Pasta_Pasta.jpg?20210409165222']",(Pasta) by David Adam Kess (pic.2).jpg,"Pasta is a type of food made from unleavened dough of wheat or other grains, formed into sheets or various shapes, and boiled or baked.",black-forest-labs_FLUX.1-dev,stabilityai_sdxl-turbo,0
34554780,1890,appendix_llama,room.n.01,pasta,['area.n.05'],"['aisle.n.03', 'auditorium.n.01', 'baggage_claim.n.01', 'box.n.07', 'breakfast_area.n.01', 'bullpen.n.01', 'chancel.n.01', 'choir.n.03', 'corner.n.03', 'court.n.10', 'dead-air_space.n.01', 'dining_area.n.01', 'enclosure.n.01', 'goalmouth.n.01', 'hideaway.n.02', 'nave.n.01', 'orchestra_pit.n.01', 'panopticon.n.01', 'patio.n.01', 'pit.n.06', 'pit.n.07', 'press_gallery.n.01', 'pull-off.n.01', 'quad.n.04', 'second_balcony.n.01', 'storage_space.n.01', 'threshing_floor.n.01', 'turnaround.n.03']","['https://upload.wikimedia.org/wikipedia/commons/thumb/3/3f/%28Pasta%29_by_David_Adam_Kess_%28pic.2%29.jpg/800px-%28Pasta%29_by_David_Adam_Kess_%28pic.2%29.jpg?20231116013947', 'https://upload.wikimedia.org/wikipedia/commons/thumb/1/1c/Pasta_with_Milk.jpg/450px-Pasta_with_Milk.jpg?20221225055124', 'https://upload.wikimedia.org/wikipedia/commons/thumb/3/33/Pasta_IMG_3985.JPG/800px-Pasta_IMG_3985.JPG?20090530110647', 'https://upload.wikimedia.org/wikipedia/commons/thumb/f/ff/Pasta_e_ceci_con_maltagliati_di_pasta_all%E2%80%99uovo.jpg/450px-Pasta_e_ceci_con_maltagliati_di_pasta_all%E2%80%99uovo.jpg?20160922095300', 'https://upload.wikimedia.org/wikipedia/commons/thumb/c/c6/Pasta_Pasta.jpg/450px-Pasta_Pasta.jpg?20210409165222']",(Pasta) by David Adam Kess (pic.2).jpg,"A staple food of Italian cuisine, made from an unleavened dough of wheat flour mixed with water or eggs, and formed into sheets or various shapes, then cooked by boiling or baking.",stabilityai_sdxl-turbo,black-forest-labs_FLUX.1-dev,1
20128079,1912,appendix_llama,room.n.01,cheese,['area.n.05'],"['aisle.n.03', 'auditorium.n.01', 'baggage_claim.n.01', 'box.n.07', 'breakfast_area.n.01', 'bullpen.n.01', 'chancel.n.01', 'choir.n.03', 'corner.n.03', 'court.n.10', 'dead-air_space.n.01', 'dining_area.n.01', 'enclosure.n.01', 'goalmouth.n.01', 'hideaway.n.02', 'nave.n.01', 'orchestra_pit.n.01', 'panopticon.n.01', 'patio.n.01', 'pit.n.06', 'pit.n.07', 'press_gallery.n.01', 'pull-off.n.01', 'quad.n.04', 'second_balcony.n.01', 'storage_space.n.01', 'threshing_floor.n.01', 'turnaround.n.03']","['https://upload.wikimedia.org/wikipedia/commons/thumb/b/b4/Clara_Peeters_-_Still_Life_with_Cheeses%2C_Almonds_and_Pretzels.jpg/800px-Clara_Peeters_-_Still_Life_with_Cheeses%2C_Almonds_and_Pretzels.jpg?20141210091849', 'https://upload.wikimedia.org/wikipedia/commons/thumb/3/31/Cheese_limburger_edit.jpg/800px-Cheese_limburger_edit.jpg?20070122190028', 'https://upload.wikimedia.org/wikipedia/commons/thumb/7/78/Belper_M%C3%BCrggel_B%2C_WikiCheese_Lausanne.jpg/789px-Belper_M%C3%BCrggel_B%2C_WikiCheese_Lausanne.jpg?20161117194615', 'https://upload.wikimedia.org/wikipedia/commons/thumb/a/a8/Cheese_platter.jpg/800px-Cheese_platter.jpg?20111024182753', 'https://upload.wikimedia.org/wikipedia/commons/thumb/f/f2/Hartkaese_HardCheeses.jpg/400px-Hartkaese_HardCheeses.jpg?20240520193115']","Clara Peeters - Still Life with Cheeses, Almonds and Pretzels.jpg","a dairy product made from curdled or cultured milk that is aged and solidified, varying widely in flavor and texture.",runwayml_stable-diffusion-v1-5,black-forest-labs_FLUX.1-dev,1
97380146,1913,appendix_llama,room.n.01,cheese,['area.n.05'],"['aisle.n.03', 'auditorium.n.01', 'baggage_claim.n.01', 'box.n.07', 'breakfast_area.n.01', 'bullpen.n.01', 'chancel.n.01', 'choir.n.03', 'corner.n.03', 'court.n.10', 'dead-air_space.n.01', 'dining_area.n.01', 'enclosure.n.01', 'goalmouth.n.01', 'hideaway.n.02', 'nave.n.01', 'orchestra_pit.n.01', 'panopticon.n.01', 'patio.n.01', 'pit.n.06', 'pit.n.07', 'press_gallery.n.01', 'pull-off.n.01', 'quad.n.04', 'second_balcony.n.01', 'storage_space.n.01', 'threshing_floor.n.01', 'turnaround.n.03']","['https://upload.wikimedia.org/wikipedia/commons/thumb/b/b4/Clara_Peeters_-_Still_Life_with_Cheeses%2C_Almonds_and_Pretzels.jpg/800px-Clara_Peeters_-_Still_Life_with_Cheeses%2C_Almonds_and_Pretzels.jpg?20141210091849', 'https://upload.wikimedia.org/wikipedia/commons/thumb/3/31/Cheese_limburger_edit.jpg/800px-Cheese_limburger_edit.jpg?20070122190028', 'https://upload.wikimedia.org/wikipedia/commons/thumb/7/78/Belper_M%C3%BCrggel_B%2C_WikiCheese_Lausanne.jpg/789px-Belper_M%C3%BCrggel_B%2C_WikiCheese_Lausanne.jpg?20161117194615', 'https://upload.wikimedia.org/wikipedia/commons/thumb/a/a8/Cheese_platter.jpg/800px-Cheese_platter.jpg?20111024182753', 'https://upload.wikimedia.org/wikipedia/commons/thumb/f/f2/Hartkaese_HardCheeses.jpg/400px-Hartkaese_HardCheeses.jpg?20240520193115']","Clara Peeters - Still Life with Cheeses, Almonds and Pretzels.jpg",a dairy product made from curdled or cultured milk that comes in many varieties and flavors.,black-forest-labs_FLUX.1-dev,DeepFloyd_IF-I-XL-v1.0,0
15213484,1919,appendix_llama,room.n.01,italian cheese,['area.n.05'],"['aisle.n.03', 'auditorium.n.01', 'baggage_claim.n.01', 'box.n.07', 'breakfast_area.n.01', 'bullpen.n.01', 'chancel.n.01', 'choir.n.03', 'corner.n.03', 'court.n.10', 'dead-air_space.n.01', 'dining_area.n.01', 'enclosure.n.01', 'goalmouth.n.01', 'hideaway.n.02', 'nave.n.01', 'orchestra_pit.n.01', 'panopticon.n.01', 'patio.n.01', 'pit.n.06', 'pit.n.07', 'press_gallery.n.01', 'pull-off.n.01', 'quad.n.04', 'second_balcony.n.01', 'storage_space.n.01', 'threshing_floor.n.01', 'turnaround.n.03']","['https://upload.wikimedia.org/wikipedia/commons/8/8c/20200208_Rosa_Camuna.jpg?20200208214005', 'https://upload.wikimedia.org/wikipedia/commons/thumb/4/45/Food-italian-italy-cheese_%2824242807421%29.jpg/800px-Food-italian-italy-cheese_%2824242807421%29.jpg?20160916053759', 'https://upload.wikimedia.org/wikipedia/commons/thumb/7/71/Two_of_Big_Cheese_and_Three_of_Small_Cheese_on_buffet_table.jpg/800px-Two_of_Big_Cheese_and_Three_of_Small_Cheese_on_buffet_table.jpg?20211201183556', 'https://upload.wikimedia.org/wikipedia/commons/thumb/4/46/Italian_Aged_Sheep_Milk_Cheese_on_the_cheese_corner_at_Grand_Cafe.jpg/800px-Italian_Aged_Sheep_Milk_Cheese_on_the_cheese_corner_at_Grand_Cafe.jpg?20230727024149', 'https://upload.wikimedia.org/wikipedia/commons/thumb/1/17/Bonrus_cheese_label.jpg/800px-Bonrus_cheese_label.jpg?20080531074154']",20200208 Rosa Camuna.jpg,"a dairy product made in various forms and textures, originating from Italy, known for its rich flavors and widespread varieties such as Parmesan, Mozzarella, and Ricotta.",black-forest-labs_FLUX.1-dev,stabilityai_sdxl-turbo,0
30672998,1921,appendix_llama,meat.n.01,cheese,['food.n.02'],"['baked_goods.n.01', 'breakfast_food.n.01', 'butter.n.01', 'cheese.n.01', 'chocolate.n.02', 'coconut.n.01', 'convenience_food.n.01', 'dika_bread.n.01', 'fish.n.02', 'fresh_food.n.01', 'health_food.n.01', 'junk_food.n.01', 'leftovers.n.01', 'loaf.n.02', 'pasta.n.02', 'produce.n.01', 'seafood.n.01', 'slop.n.04', 'yogurt.n.01']","['https://upload.wikimedia.org/wikipedia/commons/thumb/b/b4/Clara_Peeters_-_Still_Life_with_Cheeses%2C_Almonds_and_Pretzels.jpg/800px-Clara_Peeters_-_Still_Life_with_Cheeses%2C_Almonds_and_Pretzels.jpg?20141210091849', 'https://upload.wikimedia.org/wikipedia/commons/thumb/3/31/Cheese_limburger_edit.jpg/800px-Cheese_limburger_edit.jpg?20070122190028', 'https://upload.wikimedia.org/wikipedia/commons/thumb/7/78/Belper_M%C3%BCrggel_B%2C_WikiCheese_Lausanne.jpg/789px-Belper_M%C3%BCrggel_B%2C_WikiCheese_Lausanne.jpg?20161117194615', 'https://upload.wikimedia.org/wikipedia/commons/thumb/a/a8/Cheese_platter.jpg/800px-Cheese_platter.jpg?20111024182753', 'https://upload.wikimedia.org/wikipedia/commons/thumb/f/f2/Hartkaese_HardCheeses.jpg/400px-Hartkaese_HardCheeses.jpg?20240520193115']","Clara Peeters - Still Life with Cheeses, Almonds and Pretzels.jpg",a dairy product made from curdled or cultured milk that can vary widely in texture and flavor depending on the origin of the milk and the production process used.,black-forest-labs_FLUX.1-dev,prompthero_openjourney,1
86681482,1922,appendix_llama,meat.n.01,cheese,['food.n.02'],"['baked_goods.n.01', 'breakfast_food.n.01', 'butter.n.01', 'cheese.n.01', 'chocolate.n.02', 'coconut.n.01', 'convenience_food.n.01', 'dika_bread.n.01', 'fish.n.02', 'fresh_food.n.01', 'health_food.n.01', 'junk_food.n.01', 'leftovers.n.01', 'loaf.n.02', 'pasta.n.02', 'produce.n.01', 'seafood.n.01', 'slop.n.04', 'yogurt.n.01']","['https://upload.wikimedia.org/wikipedia/commons/thumb/b/b4/Clara_Peeters_-_Still_Life_with_Cheeses%2C_Almonds_and_Pretzels.jpg/800px-Clara_Peeters_-_Still_Life_with_Cheeses%2C_Almonds_and_Pretzels.jpg?20141210091849', 'https://upload.wikimedia.org/wikipedia/commons/thumb/3/31/Cheese_limburger_edit.jpg/800px-Cheese_limburger_edit.jpg?20070122190028', 'https://upload.wikimedia.org/wikipedia/commons/thumb/7/78/Belper_M%C3%BCrggel_B%2C_WikiCheese_Lausanne.jpg/789px-Belper_M%C3%BCrggel_B%2C_WikiCheese_Lausanne.jpg?20161117194615', 'https://upload.wikimedia.org/wikipedia/commons/thumb/a/a8/Cheese_platter.jpg/800px-Cheese_platter.jpg?20111024182753', 'https://upload.wikimedia.org/wikipedia/commons/thumb/f/f2/Hartkaese_HardCheeses.jpg/400px-Hartkaese_HardCheeses.jpg?20240520193115']","Clara Peeters - Still Life with Cheeses, Almonds and Pretzels.jpg","Cheese is a dairy product derived from the coagulation of milk that comes in a variety of flavors, textures, and forms.",black-forest-labs_FLUX.1-dev,kandinsky-community_kandinsky-3,0
75944980,1923,appendix_llama,meat.n.01,cheese,['food.n.02'],"['baked_goods.n.01', 'breakfast_food.n.01', 'butter.n.01', 'cheese.n.01', 'chocolate.n.02', 'coconut.n.01', 'convenience_food.n.01', 'dika_bread.n.01', 'fish.n.02', 'fresh_food.n.01', 'health_food.n.01', 'junk_food.n.01', 'leftovers.n.01', 'loaf.n.02', 'pasta.n.02', 'produce.n.01', 'seafood.n.01', 'slop.n.04', 'yogurt.n.01']","['https://upload.wikimedia.org/wikipedia/commons/thumb/b/b4/Clara_Peeters_-_Still_Life_with_Cheeses%2C_Almonds_and_Pretzels.jpg/800px-Clara_Peeters_-_Still_Life_with_Cheeses%2C_Almonds_and_Pretzels.jpg?20141210091849', 'https://upload.wikimedia.org/wikipedia/commons/thumb/3/31/Cheese_limburger_edit.jpg/800px-Cheese_limburger_edit.jpg?20070122190028', 'https://upload.wikimedia.org/wikipedia/commons/thumb/7/78/Belper_M%C3%BCrggel_B%2C_WikiCheese_Lausanne.jpg/789px-Belper_M%C3%BCrggel_B%2C_WikiCheese_Lausanne.jpg?20161117194615', 'https://upload.wikimedia.org/wikipedia/commons/thumb/a/a8/Cheese_platter.jpg/800px-Cheese_platter.jpg?20111024182753', 'https://upload.wikimedia.org/wikipedia/commons/thumb/f/f2/Hartkaese_HardCheeses.jpg/400px-Hartkaese_HardCheeses.jpg?20240520193115']","Clara Peeters - Still Life with Cheeses, Almonds and Pretzels.jpg",a dairy product made from curdled or cultured milk that is aged and varied in texture and flavor depending on the process and type used.,Tencent-Hunyuan_HunyuanDiT-v1.2-Diffusers,black-forest-labs_FLUX.1-dev,1
64576544,1925,appendix_llama,meat.n.01,cheese,['food.n.02'],"['baked_goods.n.01', 'breakfast_food.n.01', 'butter.n.01', 'cheese.n.01', 'chocolate.n.02', 'coconut.n.01', 'convenience_food.n.01', 'dika_bread.n.01', 'fish.n.02', 'fresh_food.n.01', 'health_food.n.01', 'junk_food.n.01', 'leftovers.n.01', 'loaf.n.02', 'pasta.n.02', 'produce.n.01', 'seafood.n.01', 'slop.n.04', 'yogurt.n.01']","['https://upload.wikimedia.org/wikipedia/commons/thumb/b/b4/Clara_Peeters_-_Still_Life_with_Cheeses%2C_Almonds_and_Pretzels.jpg/800px-Clara_Peeters_-_Still_Life_with_Cheeses%2C_Almonds_and_Pretzels.jpg?20141210091849', 'https://upload.wikimedia.org/wikipedia/commons/thumb/3/31/Cheese_limburger_edit.jpg/800px-Cheese_limburger_edit.jpg?20070122190028', 'https://upload.wikimedia.org/wikipedia/commons/thumb/7/78/Belper_M%C3%BCrggel_B%2C_WikiCheese_Lausanne.jpg/789px-Belper_M%C3%BCrggel_B%2C_WikiCheese_Lausanne.jpg?20161117194615', 'https://upload.wikimedia.org/wikipedia/commons/thumb/a/a8/Cheese_platter.jpg/800px-Cheese_platter.jpg?20111024182753', 'https://upload.wikimedia.org/wikipedia/commons/thumb/f/f2/Hartkaese_HardCheeses.jpg/400px-Hartkaese_HardCheeses.jpg?20240520193115']","Clara Peeters - Still Life with Cheeses, Almonds and Pretzels.jpg",a dairy product made from curdled or cultured milk that can vary in texture and flavor depending on the origin and processing method.,black-forest-labs_FLUX.1-dev,Tencent-Hunyuan_HunyuanDiT-v1.2-Diffusers,0
21740972,1935,appendix_llama,meat.n.01,room,['food.n.02'],"['baked_goods.n.01', 'breakfast_food.n.01', 'butter.n.01', 'cheese.n.01', 'chocolate.n.02', 'coconut.n.01', 'convenience_food.n.01', 'dika_bread.n.01', 'fish.n.02', 'fresh_food.n.01', 'health_food.n.01', 'junk_food.n.01', 'leftovers.n.01', 'loaf.n.02', 'pasta.n.02', 'produce.n.01', 'seafood.n.01', 'slop.n.04', 'yogurt.n.01']","['https://upload.wikimedia.org/wikipedia/commons/thumb/5/5e/A_room_in_Tabatabai_House%2C_Kashan%2C_Iran.jpg/800px-A_room_in_Tabatabai_House%2C_Kashan%2C_Iran.jpg?20201001055808', 'https://upload.wikimedia.org/wikipedia/commons/thumb/7/7d/Japanese_youth_hostel_room.jpg/800px-Japanese_youth_hostel_room.jpg?20070103002220', 'https://upload.wikimedia.org/wikipedia/commons/thumb/c/c4/D%C3%BClmen%2C_Alte_Brennerei_L%C3%B6hning_--_2015_--_8609-13.jpg/800px-D%C3%BClmen%2C_Alte_Brennerei_L%C3%B6hning_--_2015_--_8609-13.jpg?20161124071458', 'https://upload.wikimedia.org/wikipedia/commons/thumb/8/82/Cukrowicz_nachbaur_Kapelle_1.JPG/438px-Cukrowicz_nachbaur_Kapelle_1.JPG?20090905123247', 'https://upload.wikimedia.org/wikipedia/commons/thumb/a/ac/Fortezza_Verrucole_Archeopark_interno.jpg/800px-Fortezza_Verrucole_Archeopark_interno.jpg?20170927122638']","A room in Tabatabai House, Kashan, Iran.jpg","A space within a building enclosed by walls, a floor, and a ceiling, intended for occupancy or use.",black-forest-labs_FLUX.1-dev,DeepFloyd_IF-I-XL-v1.0,0
39691768,1938,appendix_llama,meat.n.01,room,['food.n.02'],"['baked_goods.n.01', 'breakfast_food.n.01', 'butter.n.01', 'cheese.n.01', 'chocolate.n.02', 'coconut.n.01', 'convenience_food.n.01', 'dika_bread.n.01', 'fish.n.02', 'fresh_food.n.01', 'health_food.n.01', 'junk_food.n.01', 'leftovers.n.01', 'loaf.n.02', 'pasta.n.02', 'produce.n.01', 'seafood.n.01', 'slop.n.04', 'yogurt.n.01']","['https://upload.wikimedia.org/wikipedia/commons/thumb/5/5e/A_room_in_Tabatabai_House%2C_Kashan%2C_Iran.jpg/800px-A_room_in_Tabatabai_House%2C_Kashan%2C_Iran.jpg?20201001055808', 'https://upload.wikimedia.org/wikipedia/commons/thumb/7/7d/Japanese_youth_hostel_room.jpg/800px-Japanese_youth_hostel_room.jpg?20070103002220', 'https://upload.wikimedia.org/wikipedia/commons/thumb/c/c4/D%C3%BClmen%2C_Alte_Brennerei_L%C3%B6hning_--_2015_--_8609-13.jpg/800px-D%C3%BClmen%2C_Alte_Brennerei_L%C3%B6hning_--_2015_--_8609-13.jpg?20161124071458', 'https://upload.wikimedia.org/wikipedia/commons/thumb/8/82/Cukrowicz_nachbaur_Kapelle_1.JPG/438px-Cukrowicz_nachbaur_Kapelle_1.JPG?20090905123247', 'https://upload.wikimedia.org/wikipedia/commons/thumb/a/ac/Fortezza_Verrucole_Archeopark_interno.jpg/800px-Fortezza_Verrucole_Archeopark_interno.jpg?20170927122638']","A room in Tabatabai House, Kashan, Iran.jpg","A space that can be occupied or where something can be done, typically within a building and enclosed by walls, a floor, and a ceiling.",retrieval,black-forest-labs_FLUX.1-dev,1
53528715,1944,appendix_llama,wine.n.01,room,['alcohol.n.01'],"['aperitif.n.01', 'brew.n.01', 'hard_cider.n.01', 'home_brew.n.01', 'hooch.n.01', 'kava.n.01', 'koumiss.n.01', 'liqueur.n.01', 'liquor.n.01', 'mixed_drink.n.01', 'neutral_spirits.n.01', 'nipa.n.02', 'perry.n.04', 'proof_spirit.n.01', 'pulque.n.01', 'rotgut.n.01', 'sake.n.02', 'slug.n.05']","['https://upload.wikimedia.org/wikipedia/commons/thumb/5/5e/A_room_in_Tabatabai_House%2C_Kashan%2C_Iran.jpg/800px-A_room_in_Tabatabai_House%2C_Kashan%2C_Iran.jpg?20201001055808', 'https://upload.wikimedia.org/wikipedia/commons/thumb/7/7d/Japanese_youth_hostel_room.jpg/800px-Japanese_youth_hostel_room.jpg?20070103002220', 'https://upload.wikimedia.org/wikipedia/commons/thumb/c/c4/D%C3%BClmen%2C_Alte_Brennerei_L%C3%B6hning_--_2015_--_8609-13.jpg/800px-D%C3%BClmen%2C_Alte_Brennerei_L%C3%B6hning_--_2015_--_8609-13.jpg?20161124071458', 'https://upload.wikimedia.org/wikipedia/commons/thumb/8/82/Cukrowicz_nachbaur_Kapelle_1.JPG/438px-Cukrowicz_nachbaur_Kapelle_1.JPG?20090905123247', 'https://upload.wikimedia.org/wikipedia/commons/thumb/a/ac/Fortezza_Verrucole_Archeopark_interno.jpg/800px-Fortezza_Verrucole_Archeopark_interno.jpg?20170927122638']","A room in Tabatabai House, Kashan, Iran.jpg","A space enclosed by walls, floor, and ceiling, typically part of a larger building, used for various purposes like living, working, or storage.",kandinsky-community_kandinsky-3,black-forest-labs_FLUX.1-dev,1
12620681,1949,appendix_llama,wine.n.01,room,['alcohol.n.01'],"['aperitif.n.01', 'brew.n.01', 'hard_cider.n.01', 'home_brew.n.01', 'hooch.n.01', 'kava.n.01', 'koumiss.n.01', 'liqueur.n.01', 'liquor.n.01', 'mixed_drink.n.01', 'neutral_spirits.n.01', 'nipa.n.02', 'perry.n.04', 'proof_spirit.n.01', 'pulque.n.01', 'rotgut.n.01', 'sake.n.02', 'slug.n.05']","['https://upload.wikimedia.org/wikipedia/commons/thumb/5/5e/A_room_in_Tabatabai_House%2C_Kashan%2C_Iran.jpg/800px-A_room_in_Tabatabai_House%2C_Kashan%2C_Iran.jpg?20201001055808', 'https://upload.wikimedia.org/wikipedia/commons/thumb/7/7d/Japanese_youth_hostel_room.jpg/800px-Japanese_youth_hostel_room.jpg?20070103002220', 'https://upload.wikimedia.org/wikipedia/commons/thumb/c/c4/D%C3%BClmen%2C_Alte_Brennerei_L%C3%B6hning_--_2015_--_8609-13.jpg/800px-D%C3%BClmen%2C_Alte_Brennerei_L%C3%B6hning_--_2015_--_8609-13.jpg?20161124071458', 'https://upload.wikimedia.org/wikipedia/commons/thumb/8/82/Cukrowicz_nachbaur_Kapelle_1.JPG/438px-Cukrowicz_nachbaur_Kapelle_1.JPG?20090905123247', 'https://upload.wikimedia.org/wikipedia/commons/thumb/a/ac/Fortezza_Verrucole_Archeopark_interno.jpg/800px-Fortezza_Verrucole_Archeopark_interno.jpg?20170927122638']","A room in Tabatabai House, Kashan, Iran.jpg","an enclosed space within a building, separated by walls or partitions, used for living, working, storage, or other purposes.",PixArt-alpha_PixArt-Sigma-XL-2-512-MS,black-forest-labs_FLUX.1-dev,1
73522979,1959,appendix_llama,wine.n.01,room,['alcohol.n.01'],"['aperitif.n.01', 'brew.n.01', 'hard_cider.n.01', 'home_brew.n.01', 'hooch.n.01', 'kava.n.01', 'koumiss.n.01', 'liqueur.n.01', 'liquor.n.01', 'mixed_drink.n.01', 'neutral_spirits.n.01', 'nipa.n.02', 'perry.n.04', 'proof_spirit.n.01', 'pulque.n.01', 'rotgut.n.01', 'sake.n.02', 'slug.n.05']","['https://upload.wikimedia.org/wikipedia/commons/thumb/5/5e/A_room_in_Tabatabai_House%2C_Kashan%2C_Iran.jpg/800px-A_room_in_Tabatabai_House%2C_Kashan%2C_Iran.jpg?20201001055808', 'https://upload.wikimedia.org/wikipedia/commons/thumb/7/7d/Japanese_youth_hostel_room.jpg/800px-Japanese_youth_hostel_room.jpg?20070103002220', 'https://upload.wikimedia.org/wikipedia/commons/thumb/c/c4/D%C3%BClmen%2C_Alte_Brennerei_L%C3%B6hning_--_2015_--_8609-13.jpg/800px-D%C3%BClmen%2C_Alte_Brennerei_L%C3%B6hning_--_2015_--_8609-13.jpg?20161124071458', 'https://upload.wikimedia.org/wikipedia/commons/thumb/8/82/Cukrowicz_nachbaur_Kapelle_1.JPG/438px-Cukrowicz_nachbaur_Kapelle_1.JPG?20090905123247', 'https://upload.wikimedia.org/wikipedia/commons/thumb/a/ac/Fortezza_Verrucole_Archeopark_interno.jpg/800px-Fortezza_Verrucole_Archeopark_interno.jpg?20170927122638']","A room in Tabatabai House, Kashan, Iran.jpg","A space within a building enclosed by walls, a floor, and a ceiling, used for a variety of purposes.",black-forest-labs_FLUX.1-dev,stabilityai_sdxl-turbo,0
41974567,1963,appendix_llama,wine.n.01,applied science,['alcohol.n.01'],"['aperitif.n.01', 'brew.n.01', 'hard_cider.n.01', 'home_brew.n.01', 'hooch.n.01', 'kava.n.01', 'koumiss.n.01', 'liqueur.n.01', 'liquor.n.01', 'mixed_drink.n.01', 'neutral_spirits.n.01', 'nipa.n.02', 'perry.n.04', 'proof_spirit.n.01', 'pulque.n.01', 'rotgut.n.01', 'sake.n.02', 'slug.n.05']","['https://upload.wikimedia.org/wikipedia/commons/thumb/6/64/Booster-Layout.jpg/800px-Booster-Layout.jpg?20041203222752', 'https://upload.wikimedia.org/wikipedia/commons/8/81/Applied_Sciences_Program_Web_Banner_%284311452027%29.jpg?20231017191519', 'https://upload.wikimedia.org/wikipedia/commons/thumb/4/4e/Laurea_University_of_Applied_Science_in_Tikkurila.jpg/800px-Laurea_University_of_Applied_Science_in_Tikkurila.jpg?20240130221018', 'https://upload.wikimedia.org/wikipedia/commons/thumb/9/94/Technique_of_dehydration_applied_in_a_foal.jpg/800px-Technique_of_dehydration_applied_in_a_foal.jpg?20190206035655', 'https://upload.wikimedia.org/wikipedia/commons/thumb/1/1e/Bandicam_2016-03-23_18-49-27-781.jpg/800px-Bandicam_2016-03-23_18-49-27-781.jpg?20160323162339']",Booster-Layout.jpg,"the discipline that uses scientific knowledge to create practical applications and solutions in fields such as engineering, technology, and healthcare.",kandinsky-community_kandinsky-3,black-forest-labs_FLUX.1-dev,1
9057052,1975,appendix_llama,dinosaur.n.01,room,['archosaur.n.01'],"['ichthyosaur.n.01', 'nothosaur.n.01', 'plesiosaur.n.01', 'pterosaur.n.01', 'thecodont.n.01']","['https://upload.wikimedia.org/wikipedia/commons/thumb/5/5e/A_room_in_Tabatabai_House%2C_Kashan%2C_Iran.jpg/800px-A_room_in_Tabatabai_House%2C_Kashan%2C_Iran.jpg?20201001055808', 'https://upload.wikimedia.org/wikipedia/commons/thumb/7/7d/Japanese_youth_hostel_room.jpg/800px-Japanese_youth_hostel_room.jpg?20070103002220', 'https://upload.wikimedia.org/wikipedia/commons/thumb/c/c4/D%C3%BClmen%2C_Alte_Brennerei_L%C3%B6hning_--_2015_--_8609-13.jpg/800px-D%C3%BClmen%2C_Alte_Brennerei_L%C3%B6hning_--_2015_--_8609-13.jpg?20161124071458', 'https://upload.wikimedia.org/wikipedia/commons/thumb/8/82/Cukrowicz_nachbaur_Kapelle_1.JPG/438px-Cukrowicz_nachbaur_Kapelle_1.JPG?20090905123247', 'https://upload.wikimedia.org/wikipedia/commons/thumb/a/ac/Fortezza_Verrucole_Archeopark_interno.jpg/800px-Fortezza_Verrucole_Archeopark_interno.jpg?20170927122638']","A room in Tabatabai House, Kashan, Iran.jpg","A space within a building enclosed by walls, a floor, and a ceiling, used for a variety of purposes.",prompthero_openjourney,black-forest-labs_FLUX.1-dev,1
7114060,1976,appendix_llama,sweet.n.03,room,['dainty.n.01'],"['ambrosia.n.04', 'choice_morsel.n.01', 'gelatin.n.02', 'marrow.n.03', 'savory.n.04']","['https://upload.wikimedia.org/wikipedia/commons/thumb/5/5e/A_room_in_Tabatabai_House%2C_Kashan%2C_Iran.jpg/800px-A_room_in_Tabatabai_House%2C_Kashan%2C_Iran.jpg?20201001055808', 'https://upload.wikimedia.org/wikipedia/commons/thumb/7/7d/Japanese_youth_hostel_room.jpg/800px-Japanese_youth_hostel_room.jpg?20070103002220', 'https://upload.wikimedia.org/wikipedia/commons/thumb/c/c4/D%C3%BClmen%2C_Alte_Brennerei_L%C3%B6hning_--_2015_--_8609-13.jpg/800px-D%C3%BClmen%2C_Alte_Brennerei_L%C3%B6hning_--_2015_--_8609-13.jpg?20161124071458', 'https://upload.wikimedia.org/wikipedia/commons/thumb/8/82/Cukrowicz_nachbaur_Kapelle_1.JPG/438px-Cukrowicz_nachbaur_Kapelle_1.JPG?20090905123247', 'https://upload.wikimedia.org/wikipedia/commons/thumb/a/ac/Fortezza_Verrucole_Archeopark_interno.jpg/800px-Fortezza_Verrucole_Archeopark_interno.jpg?20170927122638']","A room in Tabatabai House, Kashan, Iran.jpg","a space within a building enclosed by walls, a floor, and a ceiling, used for a variety of purposes.",black-forest-labs_FLUX.1-dev,stabilityai_stable-diffusion-xl-base-1.0,0
32077588,1985,appendix_llama,candy.n.01,workshop,['sweet.n.03'],"['candied_apple.n.01', 'center.n.14', 'chewing_gum.n.01', 'comfit.n.01', 'confectionery.n.01', 'confiture.n.01', 'hardbake.n.01', 'maraschino.n.02', 'nonpareil.n.02', 'sweetmeat.n.01']","['https://upload.wikimedia.org/wikipedia/commons/thumb/9/94/Werkstatt_eines_Schiffszimmerers_im_Altonaer_Museum_IMG_5128_edit.jpg/800px-Werkstatt_eines_Schiffszimmerers_im_Altonaer_Museum_IMG_5128_edit.jpg?20110428160839', 'https://upload.wikimedia.org/wikipedia/commons/thumb/b/b2/Haltern_am_See%2C_Sythen%2C_Werkzeughalle_der_Quarzwerke_--_2015_--_4990.jpg/800px-Haltern_am_See%2C_Sythen%2C_Werkzeughalle_der_Quarzwerke_--_2015_--_4990.jpg?20161223151525', 'https://upload.wikimedia.org/wikipedia/commons/thumb/4/4f/Worker_in_S%C3%A3o_Paulo_city.jpg/589px-Worker_in_S%C3%A3o_Paulo_city.jpg?20161222154838', 'https://upload.wikimedia.org/wikipedia/commons/thumb/c/c2/EWM_shop_2007.jpg/800px-EWM_shop_2007.jpg?20071231180859', 'https://upload.wikimedia.org/wikipedia/commons/thumb/1/1c/Houtzagerij_Sagi_Tschiertschen_03.jpg/800px-Houtzagerij_Sagi_Tschiertschen_03.jpg?20171114071254']",Werkstatt eines Schiffszimmerers im Altonaer Museum IMG 5128 edit.jpg,"a gathering or environment where specific skills are taught and practiced through hands-on activities, often facilitated by an expert in the field.",kandinsky-community_kandinsky-3,black-forest-labs_FLUX.1-dev,0
80949464,1995,appendix_llama,candy.n.01,bath,['sweet.n.03'],"['candied_apple.n.01', 'center.n.14', 'chewing_gum.n.01', 'comfit.n.01', 'confectionery.n.01', 'confiture.n.01', 'hardbake.n.01', 'maraschino.n.02', 'nonpareil.n.02', 'sweetmeat.n.01']","['https://upload.wikimedia.org/wikipedia/commons/thumb/7/72/Bath%2C_Somerset_Panorama_-_April_2011.jpg/800px-Bath%2C_Somerset_Panorama_-_April_2011.jpg?20140715123050', 'https://upload.wikimedia.org/wikipedia/commons/thumb/9/91/Bathwick_Hill%2C_Bath%2C_Somerset%2C_UK_-_Diliff.jpg/800px-Bathwick_Hill%2C_Bath%2C_Somerset%2C_UK_-_Diliff.jpg?20150815214109', 'https://upload.wikimedia.org/wikipedia/commons/thumb/8/88/Puente_Pulteney%2C_Bath%2C_Inglaterra%2C_2014-08-12%2C_DD_51.JPG/800px-Puente_Pulteney%2C_Bath%2C_Inglaterra%2C_2014-08-12%2C_DD_51.JPG?20140912144206', 'https://upload.wikimedia.org/wikipedia/commons/thumb/2/2a/Pulteney_Bridge%2C_Bath_2.jpg/424px-Pulteney_Bridge%2C_Bath_2.jpg?20070525060608', 'https://upload.wikimedia.org/wikipedia/commons/thumb/2/23/Bath_Somerset_2023_-City-_by-RaBoe_055.jpg/800px-Bath_Somerset_2023_-City-_by-RaBoe_055.jpg?20230924175336']","Bath, Somerset Panorama - April 2011.jpg","A tub or pool of water used for washing, bathing, or soaking.",black-forest-labs_FLUX.1-dev,DeepFloyd_IF-I-XL-v1.0,0
82130324,2005,appendix_llama,candy.n.01,room,['sweet.n.03'],"['candied_apple.n.01', 'center.n.14', 'chewing_gum.n.01', 'comfit.n.01', 'confectionery.n.01', 'confiture.n.01', 'hardbake.n.01', 'maraschino.n.02', 'nonpareil.n.02', 'sweetmeat.n.01']","['https://upload.wikimedia.org/wikipedia/commons/thumb/5/5e/A_room_in_Tabatabai_House%2C_Kashan%2C_Iran.jpg/800px-A_room_in_Tabatabai_House%2C_Kashan%2C_Iran.jpg?20201001055808', 'https://upload.wikimedia.org/wikipedia/commons/thumb/7/7d/Japanese_youth_hostel_room.jpg/800px-Japanese_youth_hostel_room.jpg?20070103002220', 'https://upload.wikimedia.org/wikipedia/commons/thumb/c/c4/D%C3%BClmen%2C_Alte_Brennerei_L%C3%B6hning_--_2015_--_8609-13.jpg/800px-D%C3%BClmen%2C_Alte_Brennerei_L%C3%B6hning_--_2015_--_8609-13.jpg?20161124071458', 'https://upload.wikimedia.org/wikipedia/commons/thumb/8/82/Cukrowicz_nachbaur_Kapelle_1.JPG/438px-Cukrowicz_nachbaur_Kapelle_1.JPG?20090905123247', 'https://upload.wikimedia.org/wikipedia/commons/thumb/a/ac/Fortezza_Verrucole_Archeopark_interno.jpg/800px-Fortezza_Verrucole_Archeopark_interno.jpg?20170927122638']","A room in Tabatabai House, Kashan, Iran.jpg",a specific area within a building that is separated by walls for a particular purpose,PixArt-alpha_PixArt-Sigma-XL-2-512-MS,black-forest-labs_FLUX.1-dev,0
6881609,2009,appendix_llama,candy.n.01,red meat,['sweet.n.03'],"['candied_apple.n.01', 'center.n.14', 'chewing_gum.n.01', 'comfit.n.01', 'confectionery.n.01', 'confiture.n.01', 'hardbake.n.01', 'maraschino.n.02', 'nonpareil.n.02', 'sweetmeat.n.01']","['https://upload.wikimedia.org/wikipedia/commons/thumb/6/64/Red_meat_grocery_store_2015.jpg/800px-Red_meat_grocery_store_2015.jpg?20210429222739', 'https://upload.wikimedia.org/wikipedia/commons/thumb/8/8d/Meat_in_Marketplace.jpg/800px-Meat_in_Marketplace.jpg?20201014235558', 'https://upload.wikimedia.org/wikipedia/commons/thumb/1/11/National_mean_intake_of_unprocessed_red_meat_%28A%29_and_processed_meat_%28B%29_in_2018%2C_all_ages.jpg/664px-National_mean_intake_of_unprocessed_red_meat_%28A%29_and_processed_meat_%28B%29_in_2018%2C_all_ages.jpg?20240602232853', 'https://upload.wikimedia.org/wikipedia/commons/thumb/4/41/Scary_red_meat_locker_at_Glowbal._%28Creative_Commons_photo%29_%284447024822%29.jpg/800px-Scary_red_meat_locker_at_Glowbal._%28Creative_Commons_photo%29_%284447024822%29.jpg?20190706195920', 'https://upload.wikimedia.org/wikipedia/commons/thumb/7/72/HK_food_ingredient_red_meat_frozen_pork_chop_raw_butt_steak_October_2021_SS2_006.jpg/800px-HK_food_ingredient_red_meat_frozen_pork_chop_raw_butt_steak_October_2021_SS2_006.jpg?20211019073849']",Red meat grocery store 2015.jpg,"Animal flesh, such as beef or lamb, that is typically red when raw and contains a higher amount of myoglobin than white meat.
",DeepFloyd_IF-I-XL-v1.0,black-forest-labs_FLUX.1-dev,2
77312726,2013,appendix_llama,candy.n.01,cutting,['sweet.n.03'],"['candied_apple.n.01', 'center.n.14', 'chewing_gum.n.01', 'comfit.n.01', 'confectionery.n.01', 'confiture.n.01', 'hardbake.n.01', 'maraschino.n.02', 'nonpareil.n.02', 'sweetmeat.n.01']","['https://upload.wikimedia.org/wikipedia/commons/thumb/6/64/A_U.S._Navy_Hull_Maintenance_Technician_3rd_Class_Robert_Frey_fabricates_a_steel_countertop_aboard_the_aircraft_carrier_USS_Nimitz_%28CVN_68%29_Aug._20%2C_2013%2C_while_underway_in_the_Gulf_of_Oman_130820-N-JC752-778.jpg/327px-thumbnail.jpg?20160828042121', 'https://upload.wikimedia.org/wikipedia/commons/thumb/3/3c/Preparing_and_slicing_carrots.jpg/800px-Preparing_and_slicing_carrots.jpg?20200321193824', 'https://upload.wikimedia.org/wikipedia/commons/thumb/e/ec/Cementerio%2C_Tulc%C3%A1n%2C_Ecuador%2C_2015-07-21%2C_DD_60.JPG/459px-Cementerio%2C_Tulc%C3%A1n%2C_Ecuador%2C_2015-07-21%2C_DD_60.JPG?20150825165605', 'https://upload.wikimedia.org/wikipedia/commons/thumb/8/83/Eglise_Cutting.JPG/800px-Eglise_Cutting.JPG?20150511195721', 'https://upload.wikimedia.org/wikipedia/commons/thumb/e/e6/Students_cutting_fruits_in_Hanoi%2C_September_1_2003_3.jpg/800px-Students_cutting_fruits_in_Hanoi%2C_September_1_2003_3.jpg?20211114045018']","A U.S. Navy Hull Maintenance Technician 3rd Class Robert Frey fabricates a steel countertop aboard the aircraft carrier USS Nimitz (CVN 68) Aug. 20, 2013, while underway in the Gulf of Oman 130820-N-JC752-778.jpg",a process involving the division or incision of a material or object using a sharp tool or machine.,black-forest-labs_FLUX.1-dev,Tencent-Hunyuan_HunyuanDiT-v1.2-Diffusers,0
16086265,2016,appendix_llama,candy.n.01,amusement,['sweet.n.03'],"['candied_apple.n.01', 'center.n.14', 'chewing_gum.n.01', 'comfit.n.01', 'confectionery.n.01', 'confiture.n.01', 'hardbake.n.01', 'maraschino.n.02', 'nonpareil.n.02', 'sweetmeat.n.01']","['https://upload.wikimedia.org/wikipedia/commons/thumb/4/43/Illuminated_Ferris_wheel%2C_bouncing_castle_and_carousel_at_night_in_a_funfair_in_Vientiane%2C_Laos.jpg/800px-Illuminated_Ferris_wheel%2C_bouncing_castle_and_carousel_at_night_in_a_funfair_in_Vientiane%2C_Laos.jpg?20200803020630', 'https://upload.wikimedia.org/wikipedia/commons/thumb/1/1d/Baby_smiling_and_playing%2C_Baby_eating%2C_Peg_Perego_baby_girl%2C_Moscow%2C_Russia.jpg/800px-Baby_smiling_and_playing%2C_Baby_eating%2C_Peg_Perego_baby_girl%2C_Moscow%2C_Russia.jpg?20231219140806', 'https://upload.wikimedia.org/wikipedia/commons/thumb/b/bd/Dream_city_Amusement_park.jpg/450px-Dream_city_Amusement_park.jpg?20230721201740', 'https://upload.wikimedia.org/wikipedia/commons/thumb/a/ac/Tokyo_Summerland_amusement_park.jpg/800px-Tokyo_Summerland_amusement_park.jpg?20210724113116', 'https://upload.wikimedia.org/wikipedia/commons/thumb/4/4d/Tokyo_Summerland_amusement_park_2.jpg/450px-Tokyo_Summerland_amusement_park_2.jpg?20210724114120']","Illuminated Ferris wheel, bouncing castle and carousel at night in a funfair in Vientiane, Laos.jpg",a feeling of delight and entertainment often triggered by experiences that are enjoyable and funny.,PixArt-alpha_PixArt-Sigma-XL-2-512-MS,black-forest-labs_FLUX.1-dev,1
13649361,2020,appendix_llama,beverage.n.01,carnivore,"['food.n.01', 'liquid.n.01']","['chyme.n.01', 'comestible.n.01', 'comfort_food.n.01', 'commissariat.n.01', 'culture_medium.n.01', 'fare.n.04', 'feed.n.01', 'foodstuff.n.02', 'micronutrient.n.01', 'miraculous_food.n.01', 'nutriment.n.01', 'soul_food.n.01', 'water.n.06', 'yolk.n.02', 'alcohol.n.02', 'ammonia_water.n.01', 'antifreeze.n.01', 'beverage.n.01', 'distillate.n.01', 'grume.n.01', 'ink.n.01', 'liquor.n.02', 'medium.n.05', 'pyroligneous_acid.n.01', 'sheep_dip.n.01', 'snake_oil.n.01', 'supernatant.n.01', 'water.n.06']","['https://upload.wikimedia.org/wikipedia/commons/thumb/3/30/Male_Lion_and_Cub_Chitwa_South_Africa_Luca_Galuzzi_2004.JPG/800px-Male_Lion_and_Cub_Chitwa_South_Africa_Luca_Galuzzi_2004.JPG?20070319230240', 'https://upload.wikimedia.org/wikipedia/commons/thumb/6/63/Carnivore-lion.jpg/800px-Carnivore-lion.jpg?20160507045034', 'https://upload.wikimedia.org/wikipedia/commons/thumb/9/99/Carnivore_205844426.jpg/399px-Carnivore_205844426.jpg?20080527202021', 'https://upload.wikimedia.org/wikipedia/commons/thumb/9/96/Komodo_dragon_%28Varanus_komodoensis%29_2.jpg/800px-Komodo_dragon_%28Varanus_komodoensis%29_2.jpg?20210529211142', 'https://upload.wikimedia.org/wikipedia/commons/thumb/5/5e/Sarcophaga_carnaria%2C_S%C3%A8te_05.jpg/800px-Sarcophaga_carnaria%2C_S%C3%A8te_05.jpg?20150811112544']",Male Lion and Cub Chitwa South Africa Luca Galuzzi 2004.JPG,an animal that primarily consumes meat as its main dietary component.,black-forest-labs_FLUX.1-dev,stabilityai_sdxl-turbo,1
34145121,2023,appendix_llama,beverage.n.01,meat,"['food.n.01', 'liquid.n.01']","['chyme.n.01', 'comestible.n.01', 'comfort_food.n.01', 'commissariat.n.01', 'culture_medium.n.01', 'fare.n.04', 'feed.n.01', 'foodstuff.n.02', 'micronutrient.n.01', 'miraculous_food.n.01', 'nutriment.n.01', 'soul_food.n.01', 'water.n.06', 'yolk.n.02', 'alcohol.n.02', 'ammonia_water.n.01', 'antifreeze.n.01', 'beverage.n.01', 'distillate.n.01', 'grume.n.01', 'ink.n.01', 'liquor.n.02', 'medium.n.05', 'pyroligneous_acid.n.01', 'sheep_dip.n.01', 'snake_oil.n.01', 'supernatant.n.01', 'water.n.06']","['https://upload.wikimedia.org/wikipedia/commons/thumb/3/3a/Mercado_Municipal_%28S%C3%A3o_Paulo%29_07.jpg/800px-Mercado_Municipal_%28S%C3%A3o_Paulo%29_07.jpg?20240522015901', 'https://upload.wikimedia.org/wikipedia/commons/thumb/a/ae/FoodMeat.jpg/800px-FoodMeat.jpg?20090217225448', 'https://upload.wikimedia.org/wikipedia/commons/thumb/8/8a/Meat_burek_%28GAK_bakery%2C_Belgrade%2C_Serbia%29.jpg/800px-Meat_burek_%28GAK_bakery%2C_Belgrade%2C_Serbia%29.jpg?20220922145735', 'https://upload.wikimedia.org/wikipedia/commons/thumb/2/25/Meat_packages_in_a_Roman_supermarket.jpg/800px-Meat_packages_in_a_Roman_supermarket.jpg?20090804170416', 'https://upload.wikimedia.org/wikipedia/commons/thumb/2/20/Meat_6.png/800px-Meat_6.png?20230328135306']",Mercado Municipal (São Paulo) 07.jpg,"Edible flesh derived from animals, typically consumed as food by humans.",black-forest-labs_FLUX.1-dev,prompthero_openjourney,1
30278247,2027,appendix_llama,beverage.n.01,meat,"['food.n.01', 'liquid.n.01']","['chyme.n.01', 'comestible.n.01', 'comfort_food.n.01', 'commissariat.n.01', 'culture_medium.n.01', 'fare.n.04', 'feed.n.01', 'foodstuff.n.02', 'micronutrient.n.01', 'miraculous_food.n.01', 'nutriment.n.01', 'soul_food.n.01', 'water.n.06', 'yolk.n.02', 'alcohol.n.02', 'ammonia_water.n.01', 'antifreeze.n.01', 'beverage.n.01', 'distillate.n.01', 'grume.n.01', 'ink.n.01', 'liquor.n.02', 'medium.n.05', 'pyroligneous_acid.n.01', 'sheep_dip.n.01', 'snake_oil.n.01', 'supernatant.n.01', 'water.n.06']","['https://upload.wikimedia.org/wikipedia/commons/thumb/3/3a/Mercado_Municipal_%28S%C3%A3o_Paulo%29_07.jpg/800px-Mercado_Municipal_%28S%C3%A3o_Paulo%29_07.jpg?20240522015901', 'https://upload.wikimedia.org/wikipedia/commons/thumb/a/ae/FoodMeat.jpg/800px-FoodMeat.jpg?20090217225448', 'https://upload.wikimedia.org/wikipedia/commons/thumb/8/8a/Meat_burek_%28GAK_bakery%2C_Belgrade%2C_Serbia%29.jpg/800px-Meat_burek_%28GAK_bakery%2C_Belgrade%2C_Serbia%29.jpg?20220922145735', 'https://upload.wikimedia.org/wikipedia/commons/thumb/2/25/Meat_packages_in_a_Roman_supermarket.jpg/800px-Meat_packages_in_a_Roman_supermarket.jpg?20090804170416', 'https://upload.wikimedia.org/wikipedia/commons/thumb/2/20/Meat_6.png/800px-Meat_6.png?20230328135306']",Mercado Municipal (São Paulo) 07.jpg,Animal flesh that is eaten as food.,black-forest-labs_FLUX.1-dev,kandinsky-community_kandinsky-3,0
34578737,2049,appendix_llama,cloak.n.02,wine,['overgarment.n.01'],"['aba.n.01', 'coat.n.01', 'izar.n.01', 'snowsuit.n.01']","['https://upload.wikimedia.org/wikipedia/commons/thumb/5/5e/Wine_grapes03.jpg/397px-Wine_grapes03.jpg?20050509083506', 'https://upload.wikimedia.org/wikipedia/commons/thumb/4/4e/Schwappender_Wein.jpg/399px-Schwappender_Wein.jpg?20101218182959', 'https://upload.wikimedia.org/wikipedia/commons/thumb/7/76/Spier_21_Gables.jpg/400px-Spier_21_Gables.jpg?20111109144905', 'https://upload.wikimedia.org/wikipedia/commons/thumb/5/57/Port_wine.jpg/800px-Port_wine.jpg?20100818230542', 'https://upload.wikimedia.org/wikipedia/commons/thumb/3/3c/Red_and_white_wine_12-2015.jpg/600px-Red_and_white_wine_12-2015.jpg?20151223133232']",Wine grapes03.jpg,Wine is an alcoholic beverage made from fermented grapes or other fruits.,runwayml_stable-diffusion-v1-5,black-forest-labs_FLUX.1-dev,0
74080467,2053,appendix_llama,cloak.n.02,liqueur,['overgarment.n.01'],"['aba.n.01', 'coat.n.01', 'izar.n.01', 'snowsuit.n.01']","['https://upload.wikimedia.org/wikipedia/commons/thumb/4/43/Homemade_strawberry_liqueur.jpg/665px-Homemade_strawberry_liqueur.jpg?20070103000905', 'https://upload.wikimedia.org/wikipedia/commons/thumb/2/21/17-05-06-Miniaturen_RR79033.jpg/800px-17-05-06-Miniaturen_RR79033.jpg?20170506130141', 'https://upload.wikimedia.org/wikipedia/commons/thumb/f/fc/Rupes._Liquore_alla_panna.jpg/450px-Rupes._Liquore_alla_panna.jpg?20230713221119', 'https://upload.wikimedia.org/wikipedia/commons/thumb/8/81/Briefkaart_%27Spa_Liqueur%27_voor_stokerij_Bastin_te_Spa.jpg/800px-Briefkaart_%27Spa_Liqueur%27_voor_stokerij_Bastin_te_Spa.jpg?20230515145826', 'https://upload.wikimedia.org/wikipedia/commons/thumb/c/c2/Liqueur_manufacturing_process.jpg/422px-Liqueur_manufacturing_process.jpg?20080524132557']",Homemade strawberry liqueur.jpg,"Liqueur is a sweet alcoholic drink often flavored with fruits, herbs, or spices and typically served after dinner.",black-forest-labs_FLUX.1-dev,stabilityai_stable-diffusion-xl-base-1.0,0
99544808,2054,appendix_llama,cloak.n.02,style,['overgarment.n.01'],"['aba.n.01', 'coat.n.01', 'izar.n.01', 'snowsuit.n.01']","['https://upload.wikimedia.org/wikipedia/commons/thumb/5/59/GFG_Style_Bandini_Dora_1X7A0047.jpg/800px-GFG_Style_Bandini_Dora_1X7A0047.jpg?20220422140258', 'https://upload.wikimedia.org/wikipedia/commons/thumb/e/e3/Style_%28PSF%29.png/800px-Style_%28PSF%29.png?20200311103041', 'https://upload.wikimedia.org/wikipedia/commons/thumb/5/5d/Ngayogyakarta-style_blangkon%2C_2015-05-17_04.jpg/800px-Ngayogyakarta-style_blangkon%2C_2015-05-17_04.jpg?20150518054137', 'https://upload.wikimedia.org/wikipedia/commons/thumb/4/4e/Tableau_styles_graphiques.jpg/800px-Tableau_styles_graphiques.jpg?20201207173717', 'https://upload.wikimedia.org/wikipedia/commons/thumb/b/bf/Iglesia_de_San_Miguel%2C_Jerez_de_la_Frontera%2C_Espa%C3%B1a%2C_2015-12-07%2C_DD_105-107_HDR.JPG/800px-Iglesia_de_San_Miguel%2C_Jerez_de_la_Frontera%2C_Espa%C3%B1a%2C_2015-12-07%2C_DD_105-107_HDR.JPG?20160401191816']",GFG Style Bandini Dora 1X7A0047.jpg,"A manner of doing something or the unique characteristics that distinguish the appearance, design, or arrangement of things.",black-forest-labs_FLUX.1-dev,Tencent-Hunyuan_HunyuanDiT-v1.2-Diffusers,1
58167568,2062,appendix_llama,doll.n.01,mammal,['plaything.n.01'],"['ball.n.06', 'balloon.n.02', 'cockhorse.n.01', 'dollhouse.n.02', 'frisbee.n.01', 'hobby.n.02', 'hula-hoop.n.01', 'jack-in-the-box.n.01', 'jumping_jack.n.01', 'jungle_gym.n.01', 'kaleidoscope.n.02', 'kite.n.03', 'lego.n.01', 'meccano.n.01', 'pea_shooter.n.01', 'pinata.n.01', 'pinwheel.n.03', 'playhouse.n.01', 'pogo_stick.n.01', 'popgun.n.01', 'rattle.n.02', 'sandbox.n.02', 'seesaw.n.01', 'slide.n.04', 'slingshot.n.01', 'stick_horse.n.01', 'swing.n.02', 'teddy.n.01', 'top.n.08', 'train_set.n.01', 'water_pistol.n.01', 'yo-yo.n.01']","['https://upload.wikimedia.org/wikipedia/commons/thumb/6/68/Goldmantelziesel.jpg/697px-Goldmantelziesel.jpg?20050917083731', 'https://upload.wikimedia.org/wikipedia/commons/thumb/0/07/Grey_squirrel_%28Sciurus_carolinensis%29_02.jpg/800px-Grey_squirrel_%28Sciurus_carolinensis%29_02.jpg?20160331223405', 'https://upload.wikimedia.org/wikipedia/commons/thumb/1/1d/Wild_Boar_Habbitat_2.jpg/800px-Wild_Boar_Habbitat_2.jpg?20080119102652', 'https://upload.wikimedia.org/wikipedia/commons/thumb/0/03/Panthera_pardus_close_up.jpg/445px-Panthera_pardus_close_up.jpg?20090706222217', 'https://upload.wikimedia.org/wikipedia/commons/thumb/8/80/Equus_asinus_Kadzid%C5%82owo_001.jpg/800px-Equus_asinus_Kadzid%C5%82owo_001.jpg?20070830135849']",Goldmantelziesel.jpg,"a warm-blooded vertebrate animal that has hair or fur, secretes milk to feed its young, and typically gives birth to live young.",black-forest-labs_FLUX.1-dev,stabilityai_sdxl-turbo,0
47009060,2072,appendix_llama,pie.n.01,candy,['pastry.n.02'],"['baklava.n.01', 'dowdy.n.02', 'frangipane.n.01', 'french_pastry.n.01', 'patty_shell.n.01', 'pie_crust.n.01', 'profiterole.n.01', 'puff.n.02', 'rugulah.n.01', 'sausage_roll.n.01', 'streusel.n.01', 'strudel.n.01', 'tart.n.03', 'timbale.n.02', 'toad-in-the-hole.n.01', 'vol-au-vent.n.01']","['https://upload.wikimedia.org/wikipedia/commons/thumb/c/c0/Ambigram_Candy_icon_-_pink_animated.gif/600px-Ambigram_Candy_icon_-_pink_animated.gif?20210613003659', 'https://upload.wikimedia.org/wikipedia/commons/thumb/4/45/Ambigram_Candy_icon_-_pink_vector.svg/800px-Ambigram_Candy_icon_-_pink_vector.svg.png?20221009145151', 'https://upload.wikimedia.org/wikipedia/commons/thumb/d/db/Candy_6577.jpg/800px-Candy_6577.jpg?20100119114118', 'https://upload.wikimedia.org/wikipedia/commons/thumb/1/10/Candy_in_Damascus.jpg/800px-Candy_in_Damascus.jpg?20101110225859', 'https://upload.wikimedia.org/wikipedia/commons/thumb/d/d1/Candy_6.jpg/800px-Candy_6.jpg?20220521063958']",Ambigram Candy icon - pink animated.gif,"a sweet food made primarily from sugar and often flavored or combined with fruits, nuts, or chocolate.",black-forest-labs_FLUX.1-dev,retrieval,0
57729980,2081,appendix_llama,pie.n.01,candy,['pastry.n.02'],"['baklava.n.01', 'dowdy.n.02', 'frangipane.n.01', 'french_pastry.n.01', 'patty_shell.n.01', 'pie_crust.n.01', 'profiterole.n.01', 'puff.n.02', 'rugulah.n.01', 'sausage_roll.n.01', 'streusel.n.01', 'strudel.n.01', 'tart.n.03', 'timbale.n.02', 'toad-in-the-hole.n.01', 'vol-au-vent.n.01']","['https://upload.wikimedia.org/wikipedia/commons/thumb/c/c0/Ambigram_Candy_icon_-_pink_animated.gif/600px-Ambigram_Candy_icon_-_pink_animated.gif?20210613003659', 'https://upload.wikimedia.org/wikipedia/commons/thumb/4/45/Ambigram_Candy_icon_-_pink_vector.svg/800px-Ambigram_Candy_icon_-_pink_vector.svg.png?20221009145151', 'https://upload.wikimedia.org/wikipedia/commons/thumb/d/db/Candy_6577.jpg/800px-Candy_6577.jpg?20100119114118', 'https://upload.wikimedia.org/wikipedia/commons/thumb/1/10/Candy_in_Damascus.jpg/800px-Candy_in_Damascus.jpg?20101110225859', 'https://upload.wikimedia.org/wikipedia/commons/thumb/d/d1/Candy_6.jpg/800px-Candy_6.jpg?20220521063958']",Ambigram Candy icon - pink animated.gif,"a type of sweet confection, usually made from sugar and often combined with fruit, chocolate, or nuts.",black-forest-labs_FLUX.1-dev,stabilityai_stable-diffusion-3-medium-diffusers,0
53205877,2093,appendix_llama,makeup.n.01,candy,['cosmetic.n.01'],"['depilatory.n.02', 'highlighter.n.01', 'nail_polish.n.01', 'pencil.n.04']","['https://upload.wikimedia.org/wikipedia/commons/thumb/c/c0/Ambigram_Candy_icon_-_pink_animated.gif/600px-Ambigram_Candy_icon_-_pink_animated.gif?20210613003659', 'https://upload.wikimedia.org/wikipedia/commons/thumb/4/45/Ambigram_Candy_icon_-_pink_vector.svg/800px-Ambigram_Candy_icon_-_pink_vector.svg.png?20221009145151', 'https://upload.wikimedia.org/wikipedia/commons/thumb/d/db/Candy_6577.jpg/800px-Candy_6577.jpg?20100119114118', 'https://upload.wikimedia.org/wikipedia/commons/thumb/1/10/Candy_in_Damascus.jpg/800px-Candy_in_Damascus.jpg?20101110225859', 'https://upload.wikimedia.org/wikipedia/commons/thumb/d/d1/Candy_6.jpg/800px-Candy_6.jpg?20220521063958']",Ambigram Candy icon - pink animated.gif,"a sweet food made primarily from sugar, often combined with fruit, chocolate, or nuts, and typically enjoyed as a treat or dessert.",kandinsky-community_kandinsky-3,black-forest-labs_FLUX.1-dev,0
91368083,2098,appendix_llama,makeup.n.01,ball,['cosmetic.n.01'],"['depilatory.n.02', 'highlighter.n.01', 'nail_polish.n.01', 'pencil.n.04']","['https://upload.wikimedia.org/wikipedia/commons/thumb/f/f2/Daniel_Sou%C4%8Dek_U21_Czech_Republic_vs_Greece_10-10-2019.jpg/800px-Daniel_Sou%C4%8Dek_U21_Czech_Republic_vs_Greece_10-10-2019.jpg?20200316105321', 'https://upload.wikimedia.org/wikipedia/commons/thumb/9/91/Ball%2C_%E0%B4%AA%E0%B4%A8%E0%B5%8D%E0%B4%A4%E0%B5%8D.JPG/800px-Ball%2C_%E0%B4%AA%E0%B4%A8%E0%B5%8D%E0%B4%A4%E0%B5%8D.JPG?20120408111839', 'https://upload.wikimedia.org/wikipedia/commons/thumb/7/77/Playing_in_the_Nuba_mountains.jpg/800px-Playing_in_the_Nuba_mountains.jpg?20190203093537', 'https://upload.wikimedia.org/wikipedia/commons/thumb/3/32/U20-WorldCup2007-Okotie-Onka.JPG/800px-U20-WorldCup2007-Okotie-Onka.JPG?20071030061922', 'https://upload.wikimedia.org/wikipedia/commons/thumb/1/1d/CZE_vs_FRA_%2801%29_-_2010_European_Men%27s_Handball_Championship.jpg/800px-CZE_vs_FRA_%2801%29_-_2010_European_Men%27s_Handball_Championship.jpg?20100121000306']",Daniel Souček U21 Czech Republic vs Greece 10-10-2019.jpg,"a formal social gathering for dancing and entertainment, often held in a large room or hall.",runwayml_stable-diffusion-v1-5,black-forest-labs_FLUX.1-dev,1
75401852,2121,appendix_llama,movie.n.01,dimension,"['product.n.02', 'show.n.03']","['book.n.02', 'book.n.11', 'by-product.n.02', 'deliverable.n.01', 'end_product.n.01', 'inspiration.n.02', 'job.n.04', 'magazine.n.02', 'newspaper.n.03', 'output.n.05', 'turnery.n.02', 'work.n.02', 'yield.n.03', 'attraction.n.02', 'broadcast.n.02', 'burlesque.n.01', 'galanty_show.n.01', 'movie.n.01', 'performance.n.01', 'play.n.02', 'puppet_show.n.01', 'stage_dancing.n.01', 'variety_show.n.01']","['https://upload.wikimedia.org/wikipedia/commons/thumb/4/45/Dimension_levels.svg/385px-Dimension_levels.svg.png?20220205142513', 'https://upload.wikimedia.org/wikipedia/commons/thumb/2/25/Squarecubetesseract.png/800px-Squarecubetesseract.png?20080310142852', 'https://upload.wikimedia.org/wikipedia/commons/thumb/5/56/Spacetime_dimensionality.svg/295px-Spacetime_dimensionality.svg.png?20130512020303', 'https://upload.wikimedia.org/wikipedia/commons/e/e5/Nueva_dimensi%C3%B3n_por_Anaya.jpg?20201120231622', 'https://upload.wikimedia.org/wikipedia/commons/thumb/b/b8/2019_Tour_of_Slovenia_%28Team_Dimension_Data%29.jpg/784px-2019_Tour_of_Slovenia_%28Team_Dimension_Data%29.jpg?20190620103459']",Dimension levels.svg,"a measureable extent of some kind, such as length, breadth, depth, or height.",black-forest-labs_FLUX.1-dev,stabilityai_stable-diffusion-xl-base-1.0,0
45869475,2122,appendix_llama,game.n.01,child,['activity.n.01'],"['acting.n.01', 'aid.n.02', 'attempt.n.01', 'behavior.n.01', 'behavior.n.04', 'burst.n.03', 'buzz.n.02', 'calibration.n.01', 'ceremony.n.02', 'ceremony.n.03', 'concealment.n.03', 'continuance.n.01', 'control.n.05', 'creation.n.01', 'cup_of_tea.n.01', 'demand.n.04', 'dismantling.n.01', 'diversion.n.01', 'domesticity.n.02', 'education.n.01', 'energizing.n.01', 'enjoyment.n.02', 'follow-up.n.02', 'fun.n.03', 'grouping.n.02', 'lamentation.n.02', 'last.n.03', 'laughter.n.02', 'leadership.n.01', 'liveliness.n.01', 'market.n.01', 'measurement.n.01', 'music.n.03', 'mystification.n.03', 'negotiation.n.02', 'occupation.n.01', 'occupation.n.03', 'operation.n.03', 'operation.n.05', 'operation.n.11', 'organization.n.06', 'perturbation.n.03', 'placement.n.03', 'pleasure.n.04', 'politics.n.05', 'practice.n.01', 'precession.n.02', 'preparation.n.01', 'procedure.n.01', 'protection.n.01', 'provision.n.02', 'puncture.n.03', 'release.n.09', 'representation.n.10', 'role.n.04', 'search.n.01', 'sensory_activity.n.01', 'service.n.11', 'sin.n.06', 'solo.n.01', 'space_walk.n.01', 'support.n.01', 'support.n.08', 'timekeeping.n.01', 'training.n.01', 'turn.n.03', 'use.n.01', 'variation.n.02', 'verbalization.n.02', 'waste.n.02', 'work.n.01', 'works.n.03', 'worship.n.01', 'writing.n.05', 'wrongdoing.n.02']","['https://upload.wikimedia.org/wikipedia/commons/thumb/9/9a/Child_laborer.jpg/800px-Child_laborer.jpg?20090215113412', 'https://upload.wikimedia.org/wikipedia/commons/thumb/6/66/Child_with_Smallpox_Bangladesh.jpg/393px-Child_with_Smallpox_Bangladesh.jpg?20090615013351', 'https://upload.wikimedia.org/wikipedia/commons/thumb/5/53/Little_girl_of_Don_Som.jpg/800px-Little_girl_of_Don_Som.jpg?20210527200412', 'https://upload.wikimedia.org/wikipedia/commons/thumb/5/5a/Ethiopia_Banna_tribe_kids.jpg/800px-Ethiopia_Banna_tribe_kids.jpg?20220216100652', 'https://upload.wikimedia.org/wikipedia/commons/thumb/3/37/Madonna_with_child_and_angels.jpg/744px-Madonna_with_child_and_angels.jpg?20141108210626']",Child laborer.jpg,A young human being below the age of puberty or below the legal age of majority.,PixArt-alpha_PixArt-Sigma-XL-2-512-MS,black-forest-labs_FLUX.1-dev,1
77132310,2142,appendix_llama,garment.n.01,lower garment,['clothing.n.01'],"['accessory.n.01', 'apparel.n.01', 'array.n.03', 'attire.n.01', 'beachwear.n.01', 'black.n.07', 'blue.n.02', 'change.n.07', 'civilian_clothing.n.01', 'drag.n.04', 'footwear.n.01', 'grey.n.06', 'handwear.n.01', 'headdress.n.01', 'knitwear.n.01', 'leisure_wear.n.01', 'loungewear.n.01', ""man's_clothing.n.01"", 'neckpiece.n.01', 'nightwear.n.01', 'outerwear.n.01', 'protective_garment.n.01', 'ready-to-wear.n.01', 'slip-on.n.01', 'slops.n.02', 'street_clothes.n.01', 'tailor-made.n.01', 'togs.n.01', 'uniform.n.01', 'vestiture.n.01', ""woman's_clothing.n.01"", 'work-clothing.n.01']","['https://upload.wikimedia.org/wikipedia/commons/thumb/7/76/Kopfloser_B%C3%B6hringer.JPG/401px-Kopfloser_B%C3%B6hringer.JPG?20101104153458', 'https://upload.wikimedia.org/wikipedia/commons/thumb/f/fe/JASDF_Type_00_Personal_protection_equipment%28Lower_garment%29_in_Komaki_Air_Base_20130223.JPG/339px-JASDF_Type_00_Personal_protection_equipment%28Lower_garment%29_in_Komaki_Air_Base_20130223.JPG?20140315124347', 'https://upload.wikimedia.org/wikipedia/commons/thumb/9/9e/Traditional_worker_with_coconut_rope_%28edited%29.jpg/393px-Traditional_worker_with_coconut_rope_%28edited%29.jpg?20230712210019', 'https://upload.wikimedia.org/wikipedia/commons/thumb/2/23/Central_Andes%2C_North_Coast%2C_Chimu_or_Lambayeque_%28Sican%29_People_-_Lower_Border_of_a_Garment_-_1954.68_-_Cleveland_Museum_of_Art.tif/lossy-page1-800px-Central_Andes%2C_North_Coast%2C_Chimu_or_Lambayeque_%28Sican%29_People_-_Lower_Border_of_a_Garment_-_1954.68_-_Cleveland_Museum_of_Art.tif.jpg?20190415145453', 'https://upload.wikimedia.org/wikipedia/commons/thumb/2/24/Garment_design_%28LOC%29.jpg/800px-Garment_design_%28LOC%29.jpg?20230605095024']",Kopfloser Böhringer.JPG,"Covers the body from the waist to the ankles or knees, typically including pants, skirts, and shorts.",black-forest-labs_FLUX.1-dev,stabilityai_stable-diffusion-3-medium-diffusers,0
14938382,2145,appendix_llama,trouser.n.01,cotton fabric,['garment.n.01'],"['breechcloth.n.01', 'burqa.n.01', 'camlet.n.01', 'diaper.n.01', 'fur.n.03', 'gown.n.04', 'haik.n.01', 'hand-me-down.n.01', 'head_covering.n.01', 'hose.n.02', 'ironing.n.01', 'jump_suit.n.01', 'kanzu.n.01', 'laundry.n.01', 'legging.n.01', 'leotard.n.01', 'mending.n.01', 'motley.n.02', 'neckwear.n.01', 'overgarment.n.01', 'peplos.n.01', 'raglan.n.01', 'reversible.n.01', 'robe.n.01', 'romper.n.02', 'sackcloth.n.01', 'scapular.n.02', 'scarf.n.01', 'sealskin.n.02', 'separate.n.02', 'shirt.n.01', 'silks.n.01', 'skirt.n.02', 'stomacher.n.01', 'straitjacket.n.02', 'suit.n.01', 'sunsuit.n.01', 'swaddling_clothes.n.01', 'sweat_suit.n.01', 'sweater.n.01', 'swimsuit.n.01', 'trouser.n.02', 'undergarment.n.01', 'vest.n.01', 'weeds.n.01', 'wet_suit.n.01', 'wraparound.n.01']","['https://upload.wikimedia.org/wikipedia/commons/thumb/4/43/Cotton_harvest_in_Xinjiang.jpg/800px-Cotton_harvest_in_Xinjiang.jpg?20230216095511', 'https://upload.wikimedia.org/wikipedia/commons/thumb/c/c5/Cotton_boll_nearly_ready_for_harvest.jpg/800px-Cotton_boll_nearly_ready_for_harvest.jpg?20141129163141', 'https://upload.wikimedia.org/wikipedia/commons/2/2f/Cotton_Processing_for_Fabric_making.jpg?20120716073638', 'https://upload.wikimedia.org/wikipedia/commons/1/15/Cotton-hemp-600x600.jpg?20120312070947', 'https://upload.wikimedia.org/wikipedia/commons/thumb/5/56/Patchwork_madras_fabric%2C_made_from_Indian_cotton_madras_plaid.jpg/800px-Patchwork_madras_fabric%2C_made_from_Indian_cotton_madras_plaid.jpg?20191212071832']",Cotton harvest in Xinjiang.jpg,"a soft, natural textile made from the fibers of the cotton plant, used widely in clothing and household linens.",stabilityai_sdxl-turbo,black-forest-labs_FLUX.1-dev,1
86911328,2157,appendix_llama,trouser.n.01,loose-fitting trousers,['garment.n.01'],"['breechcloth.n.01', 'burqa.n.01', 'camlet.n.01', 'diaper.n.01', 'fur.n.03', 'gown.n.04', 'haik.n.01', 'hand-me-down.n.01', 'head_covering.n.01', 'hose.n.02', 'ironing.n.01', 'jump_suit.n.01', 'kanzu.n.01', 'laundry.n.01', 'legging.n.01', 'leotard.n.01', 'mending.n.01', 'motley.n.02', 'neckwear.n.01', 'overgarment.n.01', 'peplos.n.01', 'raglan.n.01', 'reversible.n.01', 'robe.n.01', 'romper.n.02', 'sackcloth.n.01', 'scapular.n.02', 'scarf.n.01', 'sealskin.n.02', 'separate.n.02', 'shirt.n.01', 'silks.n.01', 'skirt.n.02', 'stomacher.n.01', 'straitjacket.n.02', 'suit.n.01', 'sunsuit.n.01', 'swaddling_clothes.n.01', 'sweat_suit.n.01', 'sweater.n.01', 'swimsuit.n.01', 'trouser.n.02', 'undergarment.n.01', 'vest.n.01', 'weeds.n.01', 'wet_suit.n.01', 'wraparound.n.01']","['https://upload.wikimedia.org/wikipedia/commons/thumb/c/cb/Track_suit_trousers.tif/lossy-page1-428px-Track_suit_trousers.tif.jpg?20160209152132', 'https://upload.wikimedia.org/wikipedia/commons/thumb/8/8e/Post-Medieval_Toy_Figurine_%28FindID_744694%29.jpg/800px-Post-Medieval_Toy_Figurine_%28FindID_744694%29.jpg?20190219122113', 'https://upload.wikimedia.org/wikipedia/commons/thumb/6/62/Post-Medieval_Brooch_%28FindID_615883%29.jpg/800px-Post-Medieval_Brooch_%28FindID_615883%29.jpg?20170123093242', 'https://upload.wikimedia.org/wikipedia/commons/thumb/2/26/Medieval_%2C_Seal_matrix_%28FindID_210891%29.jpg/759px-Medieval_%2C_Seal_matrix_%28FindID_210891%29.jpg?20170201231946', 'https://upload.wikimedia.org/wikipedia/commons/thumb/c/cf/A_Youthful_Musician%2C_Persia%2C_Safavid%2C_Isfahan_or_Khurasan%2C_late_16th_century.jpg/361px-A_Youthful_Musician%2C_Persia%2C_Safavid%2C_Isfahan_or_Khurasan%2C_late_16th_century.jpg?20210405010600']",Track suit trousers.tif,"Garments designed to be worn around the legs, providing ample space and comfort without hugging the body tightly.",black-forest-labs_FLUX.1-dev,runwayml_stable-diffusion-v1-5,0
55457672,2159,appendix_llama,trouser.n.01,pant,['garment.n.01'],"['breechcloth.n.01', 'burqa.n.01', 'camlet.n.01', 'diaper.n.01', 'fur.n.03', 'gown.n.04', 'haik.n.01', 'hand-me-down.n.01', 'head_covering.n.01', 'hose.n.02', 'ironing.n.01', 'jump_suit.n.01', 'kanzu.n.01', 'laundry.n.01', 'legging.n.01', 'leotard.n.01', 'mending.n.01', 'motley.n.02', 'neckwear.n.01', 'overgarment.n.01', 'peplos.n.01', 'raglan.n.01', 'reversible.n.01', 'robe.n.01', 'romper.n.02', 'sackcloth.n.01', 'scapular.n.02', 'scarf.n.01', 'sealskin.n.02', 'separate.n.02', 'shirt.n.01', 'silks.n.01', 'skirt.n.02', 'stomacher.n.01', 'straitjacket.n.02', 'suit.n.01', 'sunsuit.n.01', 'swaddling_clothes.n.01', 'sweat_suit.n.01', 'sweater.n.01', 'swimsuit.n.01', 'trouser.n.02', 'undergarment.n.01', 'vest.n.01', 'weeds.n.01', 'wet_suit.n.01', 'wraparound.n.01']","['https://upload.wikimedia.org/wikipedia/commons/thumb/d/da/Trousers-colourisolated.jpg/483px-Trousers-colourisolated.jpg?20101213074052', 'https://upload.wikimedia.org/wikipedia/commons/thumb/8/8a/Trousers_%28drawing%29.jpg/429px-Trousers_%28drawing%29.jpg?20160224090406', 'https://upload.wikimedia.org/wikipedia/commons/thumb/3/35/Menambang_Belerang.jpg/800px-Menambang_Belerang.jpg?20170621063605', 'https://upload.wikimedia.org/wikipedia/commons/thumb/e/e6/Broek_en_jas_van_uniform_ROTEB%2C_objectnr_62773-B-C%282%29.JPG/401px-Broek_en_jas_van_uniform_ROTEB%2C_objectnr_62773-B-C%282%29.JPG?20200416121535', 'https://upload.wikimedia.org/wikipedia/commons/thumb/4/4b/Z%C3%BCrich_%28Schweiz%29%2C_W%C3%A4scheleinen_--_2011_--_1397.jpg/799px-Z%C3%BCrich_%28Schweiz%29%2C_W%C3%A4scheleinen_--_2011_--_1397.jpg?20230415071834']",Trousers-colourisolated.jpg,"a rapid breathing often associated with excitement, exertion, or anxiety.",stabilityai_sdxl-turbo,black-forest-labs_FLUX.1-dev,3
91199885,2172,predict_hypernym_llama,solid.n.01,glass,['matter.n.03'],"['antimatter.n.01', 'dark_matter.n.01', 'emanation.n.01', 'fluid.n.02', 'glop.n.01', 'residue.n.01', 'sediment.n.01', 'sludge.n.02', 'solute.n.01', 'substance.n.01', 'substance.n.07', 'system.n.03', 'vegetable_matter.n.01', 'ylem.n.01']","['https://upload.wikimedia.org/wikipedia/commons/thumb/c/c2/Colorful_bottle.jpg/800px-Colorful_bottle.jpg?20050705092031', 'https://upload.wikimedia.org/wikipedia/commons/thumb/8/8a/Glass_Beach_Fort_Bragg_2.jpg/800px-Glass_Beach_Fort_Bragg_2.jpg?20080325185421', 'https://upload.wikimedia.org/wikipedia/commons/thumb/4/43/Fassade_Wilhelmstrasse_65%2C_Berlin-Mitte%2C_160417%2C_ako.jpg/800px-Fassade_Wilhelmstrasse_65%2C_Berlin-Mitte%2C_160417%2C_ako.jpg?20160419050516', 'https://upload.wikimedia.org/wikipedia/commons/thumb/f/f9/Life_Saint-Austremoine_Issoire_bottom_n2.jpg/611px-Life_Saint-Austremoine_Issoire_bottom_n2.jpg?20061208095211', 'https://upload.wikimedia.org/wikipedia/commons/thumb/c/cf/Sunlight_on_the_curved_honeycomb_glass_fa%C3%A7ade_of_the_hotel_Andaz_mixed_with_interior_lighting_at_sunset_in_Singapore.jpg/750px-Sunlight_on_the_curved_honeycomb_glass_fa%C3%A7ade_of_the_hotel_Andaz_mixed_with_interior_lighting_at_sunset_in_Singapore.jpg?20181221020957']",Colorful bottle.jpg,"Glass is a hard, brittle substance, typically transparent or translucent, made by fusing sand with soda and lime and cooling rapidly.",prompthero_openjourney,black-forest-labs_FLUX.1-dev,1
50262859,2175,predict_hypernym_llama,laborer.n.01,miner,['workman.n.01'],"['blaster.n.01', 'excavator.n.01', 'fuller.n.03', 'gas_fitter.n.01', 'guest_worker.n.01', 'heaver.n.02', 'lacer.n.01', 'lather.n.03', 'luddite.n.02', 'mill-hand.n.01', 'mover.n.01', 'packer.n.01', 'paster.n.01', 'rat-catcher.n.01', 'roadman.n.02', 'roundsman.n.01', 'scratcher.n.01', 'shearer.n.02', 'sponger.n.01', 'stamper.n.01', 'utility_man.n.02', 'warehouser.n.01', 'wetter.n.02']","['https://upload.wikimedia.org/wikipedia/commons/thumb/3/35/Menambang_Belerang.jpg/800px-Menambang_Belerang.jpg?20170621063605', 'https://upload.wikimedia.org/wikipedia/commons/b/be/Zheltuga_miners_4.jpg?20210413022641', 'https://upload.wikimedia.org/wikipedia/commons/7/7b/Zheltuga_miners.jpg?20210413022634', 'https://upload.wikimedia.org/wikipedia/commons/8/89/Zheltuga_miners_2.jpg?20210413022635', 'https://upload.wikimedia.org/wikipedia/commons/3/34/Miners_gathering_in_Zheltuga.jpg?20210413022635']",Menambang Belerang.jpg,A person who works in a mine extracting minerals or other geological materials from the earth.,runwayml_stable-diffusion-v1-5,black-forest-labs_FLUX.1-dev,1
31398311,2181,predict_hypernym_llama,discipline.n.01,engineering,['knowledge_domain.n.01'],"['region.n.05', 'scientific_knowledge.n.01']","['https://upload.wikimedia.org/wikipedia/commons/thumb/3/3d/PIA19664-MarsInSightLander-Assembly-20150430.jpg/800px-PIA19664-MarsInSightLander-Assembly-20150430.jpg?20150527205733', 'https://upload.wikimedia.org/wikipedia/commons/thumb/8/85/Systems_engineering_application_projects_collage.jpg/600px-Systems_engineering_application_projects_collage.jpg?20070608212929', 'https://upload.wikimedia.org/wikipedia/commons/8/8a/Multimedia_Engineering.jpg?20210815181149', 'https://upload.wikimedia.org/wikipedia/commons/1/1a/B.Tech._Mechanical_Engineering.jpg?20230724071741', 'https://upload.wikimedia.org/wikipedia/commons/thumb/2/21/Best_Engineering_College_in_Dehradun.jpg/800px-Best_Engineering_College_in_Dehradun.jpg?20200303075732']",PIA19664-MarsInSightLander-Assembly-20150430.jpg,"a branch of science and technology concerned with the design, building, and use of engines, machines, and structures.",kandinsky-community_kandinsky-3,black-forest-labs_FLUX.1-dev,0
33431670,2192,leafs_and_no_leafs_llama,trope.n.01,irony,['rhetorical_device.n.01'],"['anacoluthia.n.01', 'anastrophe.n.01', 'antinomasia.n.01', 'antiphrasis.n.01', 'antithesis.n.02', 'apophasis.n.01', 'aposiopesis.n.01', 'apostrophe.n.01', 'asyndeton.n.01', 'catachresis.n.01', 'chiasmus.n.01', 'climax.n.05', 'conversion.n.07', 'ecphonesis.n.01', 'emphasis.n.03', 'enallage.n.01', 'epanorthosis.n.01', 'epiplexis.n.01', 'hendiadys.n.01', 'hypallage.n.01', 'hyperbaton.n.01', 'hypozeugma.n.01', 'hypozeuxis.n.01', 'hysteron_proteron.n.01', 'litotes.n.01', 'onomatopoeia.n.01', 'paralepsis.n.01', 'paregmenon.n.01', 'polysyndeton.n.01', 'prolepsis.n.01', 'repetition.n.03', 'wellerism.n.01']","['https://upload.wikimedia.org/wikipedia/commons/b/b5/Situational_irony_-_Baker_Street_tube_station.jpg?20210203125131', 'https://upload.wikimedia.org/wikipedia/commons/thumb/5/53/Irony_%28Teufelsberg_2017_03_%28tsca%29%29.jpg/800px-Irony_%28Teufelsberg_2017_03_%28tsca%29%29.jpg?20210124182752', 'https://upload.wikimedia.org/wikipedia/commons/thumb/3/3f/Achtung_Hund_2.jpg/800px-Achtung_Hund_2.jpg?20240325213432', 'https://upload.wikimedia.org/wikipedia/commons/thumb/5/57/Define_Irony_%287821082446%29.jpg/400px-Define_Irony_%287821082446%29.jpg?20131110084422', 'https://upload.wikimedia.org/wikipedia/commons/thumb/b/bc/Socrate_du_Louvre.jpg/450px-Socrate_du_Louvre.jpg?20201119215124']",Situational irony - Baker Street tube station.jpg,"Irony is the use of words to convey a meaning that is opposite of its literal meaning, often for humorous or emphatic effect.",black-forest-labs_FLUX.1-dev,stabilityai_stable-diffusion-3-medium-diffusers,3
40551537,2193,predict_hypernym_llama,consume.v.02,eat,[],[],"['https://upload.wikimedia.org/wikipedia/commons/thumb/c/c8/Monkey_eating.jpg/800px-Monkey_eating.jpg?20090816085702', 'https://upload.wikimedia.org/wikipedia/commons/thumb/c/c6/Long-billed_Curlew_eating_sand_crab.jpg/800px-Long-billed_Curlew_eating_sand_crab.jpg?20220203193128', 'https://upload.wikimedia.org/wikipedia/commons/thumb/7/7c/Hawk_eating_prey.jpg/688px-Hawk_eating_prey.jpg?20071118231656', 'https://upload.wikimedia.org/wikipedia/commons/thumb/8/8e/Greater_bamboo_lemur_%28Prolemur_simus%29_male_eating_composite.jpg/800px-Greater_bamboo_lemur_%28Prolemur_simus%29_male_eating_composite.jpg?20190115094617', 'https://upload.wikimedia.org/wikipedia/commons/thumb/2/2c/Roundhouse_wipers.jpg/800px-Roundhouse_wipers.jpg?20111001001905']",Monkey eating.jpg,the act of consuming food for nutritional sustenance and energy.,black-forest-labs_FLUX.1-dev,stabilityai_stable-diffusion-xl-base-1.0,1
42678637,2194,simple_triplet_2parent_llama,religious_festival.n.01,yom kippur,['festival.n.01'],[],"['https://upload.wikimedia.org/wikipedia/commons/thumb/1/1e/Maurycy_Gottlieb_-_Jews_Praying_in_the_Synagogue_on_Yom_Kippur.jpg/463px-Maurycy_Gottlieb_-_Jews_Praying_in_the_Synagogue_on_Yom_Kippur.jpg?20220726092628', 'https://upload.wikimedia.org/wikipedia/commons/thumb/d/dc/Yom_Kippur_War._XXXVII.jpg/800px-Yom_Kippur_War._XXXVII.jpg?20200414063125', 'https://upload.wikimedia.org/wikipedia/commons/thumb/2/25/Yom_Kippur_War_%28G-1-4063-%D7%93%D7%A6%29.jpg/800px-Yom_Kippur_War_%28G-1-4063-%D7%93%D7%A6%29.jpg?20210124072519', 'https://upload.wikimedia.org/wikipedia/commons/thumb/f/fc/Yom_Kippur_War_Montage.png/522px-Yom_Kippur_War_Montage.png?20210502193451']",Maurycy Gottlieb - Jews Praying in the Synagogue on Yom Kippur.jpg,"a Jewish holy day observed with fasting and prayer, dedicated to atonement and repentance for sins of the past year.",black-forest-labs_FLUX.1-dev,kandinsky-community_kandinsky-3,0
49358811,2198,predict_hypernym_llama,adult.n.01,adult,['person.n.01'],"['abator.n.01', 'abjurer.n.01', 'abomination.n.01', 'abstainer.n.02', 'achiever.n.01', 'acquaintance.n.03', 'acquirer.n.01', 'active.n.03', 'actor.n.02', 'adjudicator.n.01', 'admirer.n.02', 'adoptee.n.01', 'adventurer.n.01', 'adversary.n.01', 'advisee.n.01', 'advocate.n.01', 'affiant.n.01', 'african.n.01', 'agnostic.n.01', 'amateur.n.01', 'amerindian.n.01', 'ancient.n.02', 'anomaly.n.02', 'anti-american.n.01', 'anti.n.01', 'applicant.n.01', 'appointee.n.02', 'appreciator.n.01', 'apprehender.n.02', 'aquarius.n.01', 'archaist.n.01', 'aries.n.01', 'arrogator.n.01', 'assessee.n.01', 'asthmatic.n.01', 'authority.n.02', 'autodidact.n.01', 'baby_boomer.n.01', 'baby_buster.n.01', 'bad_guy.n.01', 'bad_person.n.01', 'baldhead.n.01', 'balker.n.01', 'bather.n.02', 'beard.n.03', 'bedfellow.n.02', 'bereaved.n.01', 'best.n.02', 'birth.n.05', 'biter.n.01', 'black.n.05', 'blogger.n.01', 'blond.n.01', 'bluecoat.n.01', 'bodybuilder.n.01', 'bomber.n.02', 'brunet.n.01', 'bullfighter.n.01', 'buster.n.04', 'cancer.n.02', 'candidate.n.02', 'capitalist.n.02', 'capricorn.n.01', 'captor.n.01', 'case.n.06', 'cashier.n.02', 'celebrant.n.01', 'censor.n.01', 'chameleon.n.01', 'changer.n.01', 'charmer.n.02', 'child.n.03', 'chutzpanik.n.01', 'closer.n.01', 'clumsy_person.n.01', 'collector.n.01', 'color-blind_person.n.01', 'combatant.n.01', 'commoner.n.01', 'communicator.n.01', 'complexifier.n.01', 'compulsive.n.01', 'computer_user.n.01', 'contemplative.n.01', 'contestant.n.01', 'convert.n.01', 'copycat.n.01', 'counter.n.05', 'counterterrorist.n.01', 'coward.n.01', 'crawler.n.02', 'creator.n.02', 'creature.n.02', 'creditor.n.01', 'cripple.n.01', 'dancer.n.02', 'dead_person.n.01', 'deaf_person.n.01', 'debaser.n.01', 'debtor.n.01', 'defecator.n.01', 'delayer.n.01', 'deliverer.n.04', 'demander.n.01', 'dieter.n.01', 'differentiator.n.01', 'disentangler.n.01', 'disputant.n.01', 'dissenter.n.01', 'divider.n.02', 'domestic_partner.n.01', 'double.n.03', 'dresser.n.02', 'dribbler.n.02', 'drug_user.n.01', 'dyslectic.n.01', 'ectomorph.n.01', 'effecter.n.01', 'elizabethan.n.01', 'emotional_person.n.01', 'endomorph.n.01', 'engineer.n.01', 'enjoyer.n.01', 'enrollee.n.01', 'entertainer.n.01', 'ethnic.n.01', 'experimenter.n.02', 'expert.n.01', 'explorer.n.01', 'extrovert.n.01', 'face.n.05', 'faddist.n.01', 'faller.n.02', 'fastener.n.01', 'female.n.02', 'fiduciary.n.01', 'first-rater.n.01', 'follower.n.01', 'free_agent.n.02', 'friend.n.01', 'fugitive.n.01', 'gainer.n.01', 'gainer.n.02', 'gambler.n.01', 'gatekeeper.n.01', 'gatherer.n.01', 'gemini.n.01', 'gentile.n.02', 'good_guy.n.01', 'good_person.n.01', 'granter.n.01', 'greeter.n.01', 'grinner.n.01', 'groaner.n.01', 'grunter.n.01', 'guesser.n.01', 'handicapped_person.n.01', 'hater.n.01', 'heterosexual.n.01', 'homosexual.n.01', 'homunculus.n.02', 'hope.n.04', 'hoper.n.01', 'huddler.n.02', 'hugger.n.01', 'immune.n.01', 'individualist.n.01', 'inhabitant.n.01', 'innocent.n.01', 'insured.n.01', 'intellectual.n.01', 'interpreter.n.02', 'introvert.n.01', 'jat.n.01', 'jew.n.01', 'jewel.n.02', 'jumper.n.01', 'junior.n.03', 'juvenile.n.01', 'killer.n.01', 'kink.n.03', 'kneeler.n.01', 'knocker.n.02', 'knower.n.01', 'large_person.n.01', 'latin.n.03', 'laugher.n.01', 'leader.n.01', 'learner.n.01', 'left-hander.n.02', 'leo.n.01', 'libra.n.01', 'life.n.08', 'lightning_rod.n.01', 'linguist.n.02', 'literate.n.01', 'liver.n.03', 'longer.n.01', 'loose_cannon.n.01', 'loved_one.n.01', 'lover.n.01', 'machine.n.02', 'mailer.n.02', 'malcontent.n.01', 'male.n.02', 'man.n.03', 'man_jack.n.01', 'manipulator.n.02', 'married.n.01', 'masturbator.n.01', 'measurer.n.01', 'mesomorph.n.01', 'mestizo.n.01', 'middlebrow.n.01', 'miracle_man.n.01', 'misogamist.n.01', 'mixed-blood.n.01', 'modern.n.01', 'money_handler.n.01', 'monolingual.n.01', 'mother_hen.n.01', 'mouse.n.03', 'mutilator.n.01', 'namer.n.01', 'namesake.n.01', 'national.n.01', 'native.n.01', 'native.n.02', 'neglecter.n.01', 'neighbor.n.01', 'neutral.n.01', 'nondescript.n.01', 'nonmember.n.01', 'nonparticipant.n.01', 'nonpartisan.n.01', 'nonperson.n.01', 'nonreligious_person.n.01', 'nonresident.n.01', 'nonsmoker.n.01', 'nonworker.n.01', 'nude.n.03', 'nurser.n.01', 'occultist.n.01', 'optimist.n.01', 'orphan.n.02', 'ostrich.n.01', 'ouster.n.01', 'outcaste.n.01', 'outdoorsman.n.01', 'owner.n.02', 'pamperer.n.01', 'pansexual.n.01', 'pardoner.n.01', 'partner.n.03', 'party.n.05', 'passer.n.02', 'peer.n.01', 'perceiver.n.01', 'percher.n.01', 'person_of_color.n.01', 'personage.n.01', 'personification.n.01', 'perspirer.n.01', 'philosopher.n.02', 'picker.n.01', 'pisces.n.02', 'pisser.n.01', 'planner.n.01', 'player.n.04', 'posturer.n.01', 'powderer.n.01', 'precursor.n.02', 'preserver.n.03', 'primitive.n.01', 'propositus.n.01', 'public_relations_person.n.01', 'pursuer.n.02', 'pussycat.n.01', 'quarter.n.11', 'quitter.n.01', 'radical.n.03', 'realist.n.02', 'rectifier.n.02', 'redhead.n.01', 'registrant.n.01', 'relative.n.01', 'reliever.n.02', 'religious_person.n.01', 'repeater.n.01', 'rescuer.n.02', 'rester.n.01', 'restrainer.n.02', 'revenant.n.01', 'rich_person.n.01', 'right-hander.n.02', 'riser.n.01', 'romper.n.01', 'roundhead.n.01', 'ruler.n.01', 'rusher.n.03', 'sagittarius.n.01', 'scientist.n.01', 'scorpio.n.01', 'scratcher.n.02', 'second-rater.n.01', 'seeder.n.01', 'seeker.n.01', 'segregate.n.01', 'self.n.02', 'sensualist.n.01', 'sentimentalist.n.01', 'sex_object.n.01', 'sex_symbol.n.01', 'shaker.n.01', 'showman.n.01', 'signer.n.02', 'simpleton.n.01', 'six-footer.n.01', 'skidder.n.01', 'slav.n.01', 'slave.n.01', 'slave.n.03', 'sleepyhead.n.01', 'sloucher.n.01', 'small_person.n.01', 'smasher.n.01', 'smiler.n.01', 'sneezer.n.01', 'sniffer.n.01', 'sniffler.n.01', 'snuffer.n.02', 'snuffler.n.01', 'socializer.n.01', 'sort.n.03', 'sounding_board.n.01', 'sphinx.n.01', 'spitter.n.01', 'sport.n.04', 'sprawler.n.01', 'spurner.n.01', 'squinter.n.01', 'stifler.n.01', 'stigmatic.n.01', 'stooper.n.02', 'stranger.n.02', 'struggler.n.01', 'subject.n.06', 'supernumerary.n.01', 'surrenderer.n.01', 'survivalist.n.01', 'survivor.n.02', 'suspect.n.01', 'tagger.n.01', 'tagger.n.02', 'tapper.n.02', 'taurus.n.02', 'tempter.n.01', 'termer.n.01', 'terror.n.02', 'testator.n.01', 'thin_person.n.01', 'third-rater.n.01', 'thrower.n.02', 'tiger.n.01', 'totemist.n.01', 'toucher.n.01', 'transfer.n.02', 'transsexual.n.02', 'transvestite.n.01', 'traveler.n.01', 'trier.n.02', 'turner.n.07', 'tyrant.n.03', 'undoer.n.02', 'unfortunate.n.01', 'unskilled_person.n.01', 'unwelcome_person.n.01', 'user.n.01', 'vanisher.n.01', 'victim.n.02', 'victorian.n.01', 'virgo.n.01', 'visionary.n.01', 'visually_impaired_person.n.01', 'waiter.n.02', 'waker.n.02', 'walk-in.n.01', 'wanter.n.01', 'ward.n.01', 'warrior.n.01', 'watcher.n.03', 'weakling.n.01', 'weasel.n.01', 'white.n.01', 'wiggler.n.01', 'winker.n.01', 'withholder.n.01', 'witness.n.05', 'worker.n.01', 'worldling.n.01', 'yawner.n.01']","['https://upload.wikimedia.org/wikipedia/commons/thumb/0/0c/Argiope_spider_female_adult_on_her_web_dorsal_view_black_background_Don_Det_Laos.jpg/400px-Argiope_spider_female_adult_on_her_web_dorsal_view_black_background_Don_Det_Laos.jpg?20230413110719', 'https://upload.wikimedia.org/wikipedia/commons/thumb/6/65/Argiope_spider_female_adult_on_her_web_ventral_view_black_background_Don_Det_Laos.jpg/400px-Argiope_spider_female_adult_on_her_web_ventral_view_black_background_Don_Det_Laos.jpg?20210324115117', 'https://upload.wikimedia.org/wikipedia/commons/thumb/5/52/Sole_of_foot_of_an_infant_held_between_the_middle_finger_and_the_ring_finger_of_an_adult_hand_for_size_comparison.jpg/800px-Sole_of_foot_of_an_infant_held_between_the_middle_finger_and_the_ring_finger_of_an_adult_hand_for_size_comparison.jpg?20200912022443', 'https://upload.wikimedia.org/wikipedia/commons/thumb/c/ca/Luxor_R07.jpg/800px-Luxor_R07.jpg?20120510141040', 'https://upload.wikimedia.org/wikipedia/commons/thumb/a/a7/Openbill_Fledgling_Adult_Ranganathittu_Jan24_A7C_09271.jpg/800px-Openbill_Fledgling_Adult_Ranganathittu_Jan24_A7C_09271.jpg?20240218043801']",Argiope spider female adult on her web dorsal view black background Don Det Laos.jpg,a person who is fully grown or developed and is legally responsible for their actions.,stabilityai_stable-diffusion-xl-base-1.0,black-forest-labs_FLUX.1-dev,0
96521920,2204,predict_hypernym_llama,person.n.01,disbeliever,"['causal_agent.n.01', 'organism.n.01']","['agent.n.01', 'agent.n.03', 'catalyst.n.02', 'cause_of_death.n.01', 'danger.n.03', 'destiny.n.02', 'deus_ex_machina.n.01', 'engine.n.02', 'first_cause.n.01', 'nature.n.02', 'operator.n.02', 'power.n.05', 'supernatural.n.01', 'theurgy.n.01', 'vital_principle.n.01', 'aerobe.n.01', 'amphidiploid.n.01', 'anaerobe.n.01', 'animal.n.01', 'animalcule.n.01', 'atavist.n.01', 'benthos.n.02', 'carrier.n.11', 'clone.n.02', 'commensal.n.01', 'conspecific.n.01', 'denizen.n.02', 'diploid.n.01', 'dwarf.n.03', 'eukaryote.n.01', 'fungus.n.01', 'haploid.n.01', 'heteroploid.n.01', 'heterotroph.n.01', 'host.n.03', 'hybrid.n.03', 'individual.n.02', 'katharobe.n.01', 'mascot.n.01', 'microorganism.n.01', 'mutant.n.01', 'myrmecophile.n.01', 'native.n.03', 'nekton.n.01', 'nonvascular_organism.n.01', 'parasite.n.01', 'parent.n.02', 'person.n.01', 'plankton.n.01', 'plant.n.02', 'polymorph.n.01', 'polyploid.n.01', 'postdiluvian.n.01', 'prokaryote.n.01', 'recombinant.n.01', 'relative.n.02', 'relict.n.01', 'saprobe.n.01', 'saprophyte.n.01', 'sitter.n.02', 'stander.n.01', 'utterer.n.01', 'zooid.n.01']","['https://upload.wikimedia.org/wikipedia/commons/thumb/7/7f/%D0%9C%D0%BE%D1%81%D0%BA%D0%B2%D0%B0%D0%B1%D0%B0%D0%B4_Islamic_Moscow.png/800px-%D0%9C%D0%BE%D1%81%D0%BA%D0%B2%D0%B0%D0%B1%D0%B0%D0%B4_Islamic_Moscow.png?20240609113647', 'https://upload.wikimedia.org/wikipedia/commons/thumb/7/78/An_appeal_to_all_that_doubt%2C_or_disbelieve_the_truths_of_the_Gospel%2C_whether_they_be_Deists%2C_Arians%2C_Socinians%2C_or_nominal_Christians_Fleuron_N005415-3.png/800px-An_appeal_to_all_that_doubt%2C_or_disbelieve_the_truths_of_the_Gospel%2C_whether_they_be_Deists%2C_Arians%2C_Socinians%2C_or_nominal_Christians_Fleuron_N005415-3.png?20170515135746', 'https://upload.wikimedia.org/wikipedia/commons/thumb/0/0e/An_appeal_to_all_that_doubt%2C_or_disbelieve_the_truths_of_the_Gospel%2C_whether_they_be_Deists%2C_Arians%2C_Socinians%2C_or_nominal_Christians_Fleuron_N005415-6.png/800px-An_appeal_to_all_that_doubt%2C_or_disbelieve_the_truths_of_the_Gospel%2C_whether_they_be_Deists%2C_Arians%2C_Socinians%2C_or_nominal_Christians_Fleuron_N005415-6.png?20170515135846', 'https://upload.wikimedia.org/wikipedia/commons/thumb/a/a2/An_appeal_to_all_that_doubt_or_disbelieve_the_truths_of_the_Gospel%2C_whether_they_be_Deists%2C_Arians%2C_Socinians%2C_or_nominal_Christians_Fleuron_T077272-5.png/799px-An_appeal_to_all_that_doubt_or_disbelieve_the_truths_of_the_Gospel%2C_whether_they_be_Deists%2C_Arians%2C_Socinians%2C_or_nominal_Christians_Fleuron_T077272-5.png?20170515140047', 'https://upload.wikimedia.org/wikipedia/commons/thumb/7/79/An_appeal_to_all_that_doubt%2C_or_disbelieve_the_truths_of_the_Gospel%2C_whether_they_be_Deists%2C_Arians%2C_Socinians%2C_or_nominal_Christians_Fleuron_T077261-5.png/798px-An_appeal_to_all_that_doubt%2C_or_disbelieve_the_truths_of_the_Gospel%2C_whether_they_be_Deists%2C_Arians%2C_Socinians%2C_or_nominal_Christians_Fleuron_T077261-5.png?20170515135645']",Москвабад Islamic Moscow.png,"A person who lacks belief in something, particularly religion or accepted truths.",PixArt-alpha_PixArt-Sigma-XL-2-512-MS,black-forest-labs_FLUX.1-dev,0
80371125,2207,predict_hypernym_llama,spirit.n.04,fairy,['spiritual_being.n.01'],"['angel.n.01', 'deity.n.01', 'eon.n.03', 'fairy.n.01', 'trickster.n.03']","['https://upload.wikimedia.org/wikipedia/commons/thumb/f/f1/Fairy_of_Eagle_Nebula.jpg/296px-Fairy_of_Eagle_Nebula.jpg?20180903060122', 'https://upload.wikimedia.org/wikipedia/commons/thumb/5/52/SophieAndersonTakethefairfaceofWoman.jpg/478px-SophieAndersonTakethefairfaceofWoman.jpg?20120121153309', 'https://upload.wikimedia.org/wikipedia/commons/thumb/2/2e/Fairy_Burning_Man.jpg/450px-Fairy_Burning_Man.jpg?20210618011423', 'https://upload.wikimedia.org/wikipedia/commons/thumb/5/57/I_samma_%C3%B6gonblick_var_hon_f%C3%B6rvandlad_till_en_undersk%C3%B6n_liten_%C3%A4lva.jpg/572px-I_samma_%C3%B6gonblick_var_hon_f%C3%B6rvandlad_till_en_undersk%C3%B6n_liten_%C3%A4lva.jpg?20051101190635', 'https://upload.wikimedia.org/wikipedia/commons/thumb/4/4a/The_Fairy_Who_Believed_in_Human_Beings%2C_Gertrude_Alice_Kay%2C_gouache%2C_1918._01.png/453px-The_Fairy_Who_Believed_in_Human_Beings%2C_Gertrude_Alice_Kay%2C_gouache%2C_1918._01.png?20221018232101']",Fairy of Eagle Nebula.jpg,"a mythical being or legendary creature in folklore, often depicted as small and humanlike in form, with magical powers and a penchant for mischief or benevolence.",black-forest-labs_FLUX.1-dev,prompthero_openjourney,0
2224660,2214,predict_hypernym_llama,tool.n.01,drill,['implement.n.01'],"['bar.n.03', 'beater.n.02', 'brush.n.02', 'buff.n.05', 'candlesnuffer.n.01', 'cleaning_implement.n.01', 'eraser.n.01', 'fire_iron.n.01', 'flail.n.01', 'hook.n.05', 'iron.n.03', 'leather_strip.n.01', 'needle.n.03', 'oar.n.01', 'rod.n.01', 'sharpener.n.01', 'snuffer.n.01', 'spear.n.02', 'spike.n.09', 'sports_implement.n.01', 'stick.n.01', 'stick.n.07', 'stirrer.n.02', 'strickle.n.02', 'swab.n.01', 'swatter.n.01', 'tuning_fork.n.01', 'utensil.n.01', 'writing_implement.n.01']","['https://upload.wikimedia.org/wikipedia/commons/thumb/a/ae/PalmercarpenterA.jpg/460px-PalmercarpenterA.jpg?20080109022058', 'https://upload.wikimedia.org/wikipedia/commons/thumb/d/d9/Drill_bits_2017_G1.jpg/800px-Drill_bits_2017_G1.jpg?20170311214553', 'https://upload.wikimedia.org/wikipedia/commons/thumb/0/06/Drill_scheme.svg/424px-Drill_scheme.svg.png?20220913120753', 'https://upload.wikimedia.org/wikipedia/commons/thumb/d/d0/Dril_%28Mandrillus_leucophaeus%29%2C_Tierpark_Hellabrunn%2C_M%C3%BAnich%2C_Alemania%2C_2012-06-17%2C_DD_05.JPG/415px-Dril_%28Mandrillus_leucophaeus%29%2C_Tierpark_Hellabrunn%2C_M%C3%BAnich%2C_Alemania%2C_2012-06-17%2C_DD_05.JPG?20121105192744', 'https://upload.wikimedia.org/wikipedia/commons/thumb/e/e0/Drill_%28Mandrillus_leucophaeus%29.jpg/526px-Drill_%28Mandrillus_leucophaeus%29.jpg?20150825161515']",PalmercarpenterA.jpg,"a tool or machine with a rotating cutting tip or reciprocating hammer or chisel, used for making holes in hard materials.",kandinsky-community_kandinsky-3,black-forest-labs_FLUX.1-dev,1
63306451,2218,predict_hypernym_llama,adult.n.01,oldster,['person.n.01'],"['abator.n.01', 'abjurer.n.01', 'abomination.n.01', 'abstainer.n.02', 'achiever.n.01', 'acquaintance.n.03', 'acquirer.n.01', 'active.n.03', 'actor.n.02', 'adjudicator.n.01', 'admirer.n.02', 'adoptee.n.01', 'adventurer.n.01', 'adversary.n.01', 'advisee.n.01', 'advocate.n.01', 'affiant.n.01', 'african.n.01', 'agnostic.n.01', 'amateur.n.01', 'amerindian.n.01', 'ancient.n.02', 'anomaly.n.02', 'anti-american.n.01', 'anti.n.01', 'applicant.n.01', 'appointee.n.02', 'appreciator.n.01', 'apprehender.n.02', 'aquarius.n.01', 'archaist.n.01', 'aries.n.01', 'arrogator.n.01', 'assessee.n.01', 'asthmatic.n.01', 'authority.n.02', 'autodidact.n.01', 'baby_boomer.n.01', 'baby_buster.n.01', 'bad_guy.n.01', 'bad_person.n.01', 'baldhead.n.01', 'balker.n.01', 'bather.n.02', 'beard.n.03', 'bedfellow.n.02', 'bereaved.n.01', 'best.n.02', 'birth.n.05', 'biter.n.01', 'black.n.05', 'blogger.n.01', 'blond.n.01', 'bluecoat.n.01', 'bodybuilder.n.01', 'bomber.n.02', 'brunet.n.01', 'bullfighter.n.01', 'buster.n.04', 'cancer.n.02', 'candidate.n.02', 'capitalist.n.02', 'capricorn.n.01', 'captor.n.01', 'case.n.06', 'cashier.n.02', 'celebrant.n.01', 'censor.n.01', 'chameleon.n.01', 'changer.n.01', 'charmer.n.02', 'child.n.03', 'chutzpanik.n.01', 'closer.n.01', 'clumsy_person.n.01', 'collector.n.01', 'color-blind_person.n.01', 'combatant.n.01', 'commoner.n.01', 'communicator.n.01', 'complexifier.n.01', 'compulsive.n.01', 'computer_user.n.01', 'contemplative.n.01', 'contestant.n.01', 'convert.n.01', 'copycat.n.01', 'counter.n.05', 'counterterrorist.n.01', 'coward.n.01', 'crawler.n.02', 'creator.n.02', 'creature.n.02', 'creditor.n.01', 'cripple.n.01', 'dancer.n.02', 'dead_person.n.01', 'deaf_person.n.01', 'debaser.n.01', 'debtor.n.01', 'defecator.n.01', 'delayer.n.01', 'deliverer.n.04', 'demander.n.01', 'dieter.n.01', 'differentiator.n.01', 'disentangler.n.01', 'disputant.n.01', 'dissenter.n.01', 'divider.n.02', 'domestic_partner.n.01', 'double.n.03', 'dresser.n.02', 'dribbler.n.02', 'drug_user.n.01', 'dyslectic.n.01', 'ectomorph.n.01', 'effecter.n.01', 'elizabethan.n.01', 'emotional_person.n.01', 'endomorph.n.01', 'engineer.n.01', 'enjoyer.n.01', 'enrollee.n.01', 'entertainer.n.01', 'ethnic.n.01', 'experimenter.n.02', 'expert.n.01', 'explorer.n.01', 'extrovert.n.01', 'face.n.05', 'faddist.n.01', 'faller.n.02', 'fastener.n.01', 'female.n.02', 'fiduciary.n.01', 'first-rater.n.01', 'follower.n.01', 'free_agent.n.02', 'friend.n.01', 'fugitive.n.01', 'gainer.n.01', 'gainer.n.02', 'gambler.n.01', 'gatekeeper.n.01', 'gatherer.n.01', 'gemini.n.01', 'gentile.n.02', 'good_guy.n.01', 'good_person.n.01', 'granter.n.01', 'greeter.n.01', 'grinner.n.01', 'groaner.n.01', 'grunter.n.01', 'guesser.n.01', 'handicapped_person.n.01', 'hater.n.01', 'heterosexual.n.01', 'homosexual.n.01', 'homunculus.n.02', 'hope.n.04', 'hoper.n.01', 'huddler.n.02', 'hugger.n.01', 'immune.n.01', 'individualist.n.01', 'inhabitant.n.01', 'innocent.n.01', 'insured.n.01', 'intellectual.n.01', 'interpreter.n.02', 'introvert.n.01', 'jat.n.01', 'jew.n.01', 'jewel.n.02', 'jumper.n.01', 'junior.n.03', 'juvenile.n.01', 'killer.n.01', 'kink.n.03', 'kneeler.n.01', 'knocker.n.02', 'knower.n.01', 'large_person.n.01', 'latin.n.03', 'laugher.n.01', 'leader.n.01', 'learner.n.01', 'left-hander.n.02', 'leo.n.01', 'libra.n.01', 'life.n.08', 'lightning_rod.n.01', 'linguist.n.02', 'literate.n.01', 'liver.n.03', 'longer.n.01', 'loose_cannon.n.01', 'loved_one.n.01', 'lover.n.01', 'machine.n.02', 'mailer.n.02', 'malcontent.n.01', 'male.n.02', 'man.n.03', 'man_jack.n.01', 'manipulator.n.02', 'married.n.01', 'masturbator.n.01', 'measurer.n.01', 'mesomorph.n.01', 'mestizo.n.01', 'middlebrow.n.01', 'miracle_man.n.01', 'misogamist.n.01', 'mixed-blood.n.01', 'modern.n.01', 'money_handler.n.01', 'monolingual.n.01', 'mother_hen.n.01', 'mouse.n.03', 'mutilator.n.01', 'namer.n.01', 'namesake.n.01', 'national.n.01', 'native.n.01', 'native.n.02', 'neglecter.n.01', 'neighbor.n.01', 'neutral.n.01', 'nondescript.n.01', 'nonmember.n.01', 'nonparticipant.n.01', 'nonpartisan.n.01', 'nonperson.n.01', 'nonreligious_person.n.01', 'nonresident.n.01', 'nonsmoker.n.01', 'nonworker.n.01', 'nude.n.03', 'nurser.n.01', 'occultist.n.01', 'optimist.n.01', 'orphan.n.02', 'ostrich.n.01', 'ouster.n.01', 'outcaste.n.01', 'outdoorsman.n.01', 'owner.n.02', 'pamperer.n.01', 'pansexual.n.01', 'pardoner.n.01', 'partner.n.03', 'party.n.05', 'passer.n.02', 'peer.n.01', 'perceiver.n.01', 'percher.n.01', 'person_of_color.n.01', 'personage.n.01', 'personification.n.01', 'perspirer.n.01', 'philosopher.n.02', 'picker.n.01', 'pisces.n.02', 'pisser.n.01', 'planner.n.01', 'player.n.04', 'posturer.n.01', 'powderer.n.01', 'precursor.n.02', 'preserver.n.03', 'primitive.n.01', 'propositus.n.01', 'public_relations_person.n.01', 'pursuer.n.02', 'pussycat.n.01', 'quarter.n.11', 'quitter.n.01', 'radical.n.03', 'realist.n.02', 'rectifier.n.02', 'redhead.n.01', 'registrant.n.01', 'relative.n.01', 'reliever.n.02', 'religious_person.n.01', 'repeater.n.01', 'rescuer.n.02', 'rester.n.01', 'restrainer.n.02', 'revenant.n.01', 'rich_person.n.01', 'right-hander.n.02', 'riser.n.01', 'romper.n.01', 'roundhead.n.01', 'ruler.n.01', 'rusher.n.03', 'sagittarius.n.01', 'scientist.n.01', 'scorpio.n.01', 'scratcher.n.02', 'second-rater.n.01', 'seeder.n.01', 'seeker.n.01', 'segregate.n.01', 'self.n.02', 'sensualist.n.01', 'sentimentalist.n.01', 'sex_object.n.01', 'sex_symbol.n.01', 'shaker.n.01', 'showman.n.01', 'signer.n.02', 'simpleton.n.01', 'six-footer.n.01', 'skidder.n.01', 'slav.n.01', 'slave.n.01', 'slave.n.03', 'sleepyhead.n.01', 'sloucher.n.01', 'small_person.n.01', 'smasher.n.01', 'smiler.n.01', 'sneezer.n.01', 'sniffer.n.01', 'sniffler.n.01', 'snuffer.n.02', 'snuffler.n.01', 'socializer.n.01', 'sort.n.03', 'sounding_board.n.01', 'sphinx.n.01', 'spitter.n.01', 'sport.n.04', 'sprawler.n.01', 'spurner.n.01', 'squinter.n.01', 'stifler.n.01', 'stigmatic.n.01', 'stooper.n.02', 'stranger.n.02', 'struggler.n.01', 'subject.n.06', 'supernumerary.n.01', 'surrenderer.n.01', 'survivalist.n.01', 'survivor.n.02', 'suspect.n.01', 'tagger.n.01', 'tagger.n.02', 'tapper.n.02', 'taurus.n.02', 'tempter.n.01', 'termer.n.01', 'terror.n.02', 'testator.n.01', 'thin_person.n.01', 'third-rater.n.01', 'thrower.n.02', 'tiger.n.01', 'totemist.n.01', 'toucher.n.01', 'transfer.n.02', 'transsexual.n.02', 'transvestite.n.01', 'traveler.n.01', 'trier.n.02', 'turner.n.07', 'tyrant.n.03', 'undoer.n.02', 'unfortunate.n.01', 'unskilled_person.n.01', 'unwelcome_person.n.01', 'user.n.01', 'vanisher.n.01', 'victim.n.02', 'victorian.n.01', 'virgo.n.01', 'visionary.n.01', 'visually_impaired_person.n.01', 'waiter.n.02', 'waker.n.02', 'walk-in.n.01', 'wanter.n.01', 'ward.n.01', 'warrior.n.01', 'watcher.n.03', 'weakling.n.01', 'weasel.n.01', 'white.n.01', 'wiggler.n.01', 'winker.n.01', 'withholder.n.01', 'witness.n.05', 'worker.n.01', 'worldling.n.01', 'yawner.n.01']","['https://upload.wikimedia.org/wikipedia/commons/thumb/b/b4/%D0%A1%D1%82%D0%B0%D1%80%D0%B8%D0%BA_%28oldster%29_%2850904206177%29.jpg/800px-%D0%A1%D1%82%D0%B0%D1%80%D0%B8%D0%BA_%28oldster%29_%2850904206177%29.jpg?20221219225519', 'https://upload.wikimedia.org/wikipedia/commons/thumb/2/21/Three_Oldster_Men_%28262321769%29.jpeg/714px-Three_Oldster_Men_%28262321769%29.jpeg?20180801200247', 'https://upload.wikimedia.org/wikipedia/commons/thumb/b/b1/Oldster.jpg/444px-Oldster.jpg?20191220211819', 'https://upload.wikimedia.org/wikipedia/commons/thumb/b/b0/Seven_oldsters_%2830195256774%29.jpg/800px-Seven_oldsters_%2830195256774%29.jpg?20180221190206', 'https://upload.wikimedia.org/wikipedia/commons/thumb/8/8f/Seven_oldsters_2017_%2835222362426%29.jpg/800px-Seven_oldsters_2017_%2835222362426%29.jpg?20180221190235']",Старик (oldster) (50904206177).jpg,"An older person, often used colloquially to refer to someone who has lived a long life.",black-forest-labs_FLUX.1-dev,Tencent-Hunyuan_HunyuanDiT-v1.2-Diffusers,0
95450946,2219,predict_hypernym_llama,activity.n.01,worship,['act.n.02'],"['acquiring.n.01', 'action.n.01', 'assumption.n.07', 'causing.n.01', 'communication.n.01', 'delivery.n.07', 'departure.n.01', 'derivation.n.08', 'discovery.n.01', 'disposal.n.03', 'distribution.n.03', 'egress.n.03', 'equalization.n.01', 'exhumation.n.01', 'forfeit.n.03', 'group_action.n.01', 'hindrance.n.03', 'hire.n.02', 'implementation.n.02', 'inactivity.n.03', 'judgment.n.02', 'leaning.n.04', 'legitimation.n.01', 'mitzvah.n.02', 'motivation.n.03', 'nonaccomplishment.n.01', 'proclamation.n.02', 'production.n.01', 'propulsion.n.02', 'recovery.n.03', 'rejection.n.01', 'residency.n.01', 'running_away.n.01', 'speech_act.n.01', 'stay.n.01', 'stop.n.02', 'touch.n.05', 'waste.n.05', 'wear.n.03']","['https://upload.wikimedia.org/wikipedia/commons/thumb/d/d6/2016_Bahai_House_of_Worship_Langenhain_1_ks01.jpg/800px-2016_Bahai_House_of_Worship_Langenhain_1_ks01.jpg?20160909195310', 'https://upload.wikimedia.org/wikipedia/commons/thumb/6/68/Holy_Trinity_Sloane_Street_Church_Nave_2_-_Diliff.jpg/800px-Holy_Trinity_Sloane_Street_Church_Nave_2_-_Diliff.jpg?20140317132858', 'https://upload.wikimedia.org/wikipedia/commons/thumb/1/1b/Theyyam_of_Kerala_3.jpg/800px-Theyyam_of_Kerala_3.jpg?20200203102509', 'https://upload.wikimedia.org/wikipedia/commons/thumb/8/82/Worship_time_at_Trent_Vineyard.jpg/800px-Worship_time_at_Trent_Vineyard.jpg?20230820111846', 'https://upload.wikimedia.org/wikipedia/commons/thumb/9/97/London_September_2021_Eucharist_Procession_and_Worship.jpg/400px-London_September_2021_Eucharist_Procession_and_Worship.jpg?20211015145519']",2016 Bahai House of Worship Langenhain 1 ks01.jpg,a feeling or expression of reverence and adoration for a deity or sacred entity.,playgroundai_playground-v2.5-1024px-aesthetic,black-forest-labs_FLUX.1-dev,1
24808131,2236,leafs_and_no_leafs_llama,affect.v.01,influence,['change.v.01'],"['accelerate.v.02', 'acerbate.v.02', 'acetylate.v.02', 'achromatize.v.01', 'activate.v.02', 'activate.v.03', 'activate.v.04', 'activate.v.05', 'adjust.v.01', 'affect.v.02', 'age.v.03', 'alchemize.v.01', 'alcoholize.v.03', 'alkalinize.v.02', 'allegorize.v.02', 'alter.v.03', 'americanize.v.01', 'angulate.v.01', 'animize.v.01', 'antiquate.v.01', 'antique.v.02', 'archaize.v.01', 'arterialize.v.01', 'ash.v.01', 'assimilate.v.03', 'automatize.v.01', 'automatize.v.02', 'awaken.v.01', 'barb.v.01', 'barbarize.v.02', 'bestialize.v.01', 'better.v.02', 'blind.v.02', 'blister.v.03', 'blunt.v.04', 'blur.v.02', 'blur.v.05', 'boil.v.03', 'break.v.39', 'break_down.v.01', 'brighten.v.01', 'bring.v.02', 'bring.v.05', 'brutalize.v.02', 'bubble.v.04', 'calcify.v.04', 'camp.v.03', 'capture.v.04', 'cause_to_sleep.v.01', 'centralize.v.01', 'change_intensity.v.01', 'change_taste.v.01', 'charge.v.08', 'charge.v.23', 'chasten.v.02', 'check.v.07', 'circularize.v.05', 'civilize.v.02', 'clarify.v.02', 'classicize.v.01', 'clean.v.01', 'clear.v.20', 'clot.v.02', 'cloud.v.06', 'coarsen.v.01', 'coarsen.v.02', 'cohere.v.02', 'color.v.01', 'commercialize.v.02', 'communize.v.01', 'commute.v.04', 'complicate.v.01', 'complicate.v.02', 'condense.v.07', 'confuse.v.05', 'constitutionalize.v.03', 'contaminate.v.02', 'conventionalize.v.01', 'convert.v.01', 'convert.v.02', 'convert.v.05', 'cook.v.05', 'cool.v.01', 'corrupt.v.01', 'counterchange.v.01', 'crack.v.11', 'cry.v.07', 'customize.v.02', 'damage.v.01', 'darken.v.03', 'de-emphasize.v.01', 'deaden.v.03', 'deaden.v.06', 'deaminate.v.01', 'decarboxylate.v.02', 'decelerate.v.02', 'decentralize.v.01', 'decimalize.v.01', 'decorate.v.01', 'decrease.v.02', 'decrepitate.v.02', 'deflate.v.04', 'deform.v.01', 'dehydrogenate.v.01', 'demagnetize.v.02', 'demist.v.01', 'democratize.v.02', 'demonize.v.01', 'demulsify.v.01', 'demythologize.v.01', 'denationalize.v.01', 'denaturalize.v.01', 'denaturalize.v.02', 'denature.v.01', 'denature.v.02', 'denature.v.03', 'deodorize.v.01', 'depersonalize.v.01', 'depolarize.v.01', 'desensitize.v.01', 'desensitize.v.02', 'destabilize.v.02', 'detransitivize.v.01', 'devalue.v.02', 'develop.v.12', 'develop.v.15', 'devilize.v.01', 'digitize.v.01', 'dinge.v.02', 'dirty.v.01', 'disable.v.01', 'discolor.v.02', 'disharmonize.v.01', 'disintegrate.v.02', 'disorder.v.02', 'disqualify.v.01', 'dissimilate.v.02', 'dissolve.v.07', 'dissolve.v.11', 'diversify.v.01', 'dizzy.v.01', 'domesticate.v.02', 'dope.v.02', 'draw.v.16', 'dry.v.01', 'dull.v.01', 'dull.v.05', 'dynamize.v.01', 'dynamize.v.02', 'ease_up.v.03', 'edit.v.01', 'edit.v.03', 'embrittle.v.01', 'empty.v.01', 'emulsify.v.01', 'enable.v.01', 'end.v.02', 'equal.v.03', 'eroticize.v.01', 'estrange.v.02', 'etherealize.v.01', 'etiolate.v.02', 'etiolate.v.03', 'europeanize.v.01', 'europeanize.v.02', 'evaporate.v.02', 'even.v.02', 'excite.v.07', 'excite.v.08', 'extend.v.09', 'exteriorize.v.02', 'fatten.v.01', 'feminize.v.02', 'fertilize.v.02', 'fill.v.01', 'fix.v.12', 'flatten.v.03', 'flocculate.v.02', 'freeze.v.04', 'frenchify.v.01', 'full.v.02', 'gelatinize.v.03', 'glamorize.v.02', 'glorify.v.02', 'habituate.v.02', 'harmonize.v.06', 'harshen.v.01', 'heat.v.01', 'hue.v.01', 'humanize.v.01', 'humble.v.01', 'hydrogenate.v.01', 'immaterialize.v.01', 'immortalize.v.02', 'inactivate.v.02', 'incandesce.v.01', 'increase.v.02', 'indispose.v.03', 'industrialize.v.01', 'inflate.v.03', 'inform.v.02', 'inseminate.v.02', 'insulate.v.01', 'intensify.v.04', 'internationalize.v.02', 'introvert.v.02', 'invalidate.v.04', 'invert.v.01', 'iodinate.v.01', 'ionate.v.01', 'islamize.v.01', 'isomerize.v.01', 'laicize.v.01', 'legitimate.v.03', 'lend.v.01', 'liberalize.v.01', 'lifehack.v.01', 'lift.v.10', 'liquefy.v.02', 'loosen.v.01', 'loosen.v.06', 'louden.v.02', 'lower.v.04', 'lubricate.v.03', 'magnetize.v.01', 'make.v.02', 'make.v.18', 'make.v.45', 'mark.v.05', 'masculinize.v.01', 'masculinize.v.02', 'mechanize.v.02', 'mechanize.v.03', 'militarize.v.01', 'militarize.v.02', 'mince.v.01', 'mix.v.05', 'morph.v.01', 'muddy.v.03', 'mythologize.v.02', 'nationalize.v.01', 'nationalize.v.02', 'naturalize.v.01', 'naturalize.v.04', 'nazify.v.01', 'neutralize.v.01', 'neutralize.v.06', 'nick.v.03', 'normalize.v.02', 'obfuscate.v.01', 'obscure.v.03', 'obscure.v.05', 'occidentalize.v.01', 'officialize.v.01', 'opacify.v.01', 'opalize.v.01', 'opsonize.v.01', 'orientalize.v.01', 'ossify.v.03', 'outmode.v.01', 'oxidize.v.02', 'oxygenize.v.01', 'paganize.v.01', 'pall.v.05', 'parallel.v.02', 'patent.v.03', 'personalize.v.01', 'piggyback.v.05', 'plasticize.v.02', 'poison.v.03', 'polarize.v.01', 'politicize.v.01', 'port.v.08', 'professionalize.v.02', 'proof.v.04', 'prostrate.v.02', 'purify.v.02', 'put.v.02', 'radicalize.v.01', 'rarefy.v.01', 'rarefy.v.02', 'rationalize.v.05', 'recombine.v.02', 'recommend.v.03', 'reconstruct.v.03', 'refine.v.06', 'reflate.v.02', 'reform.v.02', 'refresh.v.04', 'relax.v.06', 'remodel.v.01', 'restore.v.05', 'revolutionize.v.01', 'right.v.01', 'right.v.02', 'ripen.v.01', 'romanticize.v.02', 'round_off.v.03', 'rusticate.v.05', 'sanitize.v.02', 'saponify.v.02', 'saturate.v.01', 'sauce.v.03', 'schematize.v.02', 'scramble.v.05', 'sensitize.v.01', 'sensitize.v.03', 'sensitize.v.04', 'sentimentalize.v.02', 'set.v.05', 'sexualize.v.01', 'shade.v.04', 'shake.v.08', 'shallow.v.01', 'shape.v.03', 'sharpen.v.01', 'sharpen.v.06', 'shift.v.05', 'shorten.v.03', 'simplify.v.01', 'slenderize.v.01', 'smut.v.01', 'sober.v.01', 'socialize.v.04', 'soften.v.06', 'solemnize.v.03', 'solvate.v.01', 'spice.v.01', 'spike.v.05', 'sputter.v.02', 'stabilize.v.01', 'stain.v.02', 'steepen.v.02', 'stiffen.v.02', 'still.v.04', 'straighten.v.02', 'strengthen.v.01', 'string.v.07', 'substitute.v.01', 'suburbanize.v.02', 'supercharge.v.02', 'supple.v.01', 'suspend.v.02', 'suspend.v.05', 'sweeten.v.02', 'switch.v.04', 'symmetrize.v.01', 'synchronize.v.03', 'tame.v.01', 'tender.v.04', 'tense.v.02', 'territorialize.v.02', 'thicken.v.01', 'think.v.13', 'tighten.v.01', 'tone_down.v.02', 'touch.v.11', 'transaminate.v.01', 'transfigure.v.01', 'transform.v.01', 'transform.v.02', 'transform.v.05', 'transform.v.06', 'transform.v.07', 'transitivize.v.01', 'translate.v.02', 'transmute.v.03', 'transpose.v.07', 'turn.v.16', 'turn_back.v.05', 'uglify.v.01', 'unclutter.v.01', 'uniformize.v.01', 'unite.v.05', 'unite.v.06', 'unsanctify.v.01', 'unscramble.v.01', 'unsex.v.02', 'untie.v.02', 'untune.v.02', 'urbanize.v.01', 'urbanize.v.02', 'validate.v.04', 'variegate.v.01', 'vascularize.v.02', 'ventilate.v.05', 'verbify.v.01', 'vesiculate.v.02', 'visualize.v.04', 'vitalize.v.01', 'vitrify.v.01', 'vivify.v.02', 'volatilize.v.01', 'vulgarise.v.02', 'warm.v.02', 'weaken.v.01', 'weaponize.v.01', 'wet.v.01', 'widen.v.03', 'worsen.v.02']","['https://upload.wikimedia.org/wikipedia/commons/thumb/8/84/Heat_map_circle_of_influence.svg/567px-Heat_map_circle_of_influence.svg.png?20211122144459', 'https://upload.wikimedia.org/wikipedia/commons/thumb/8/8f/Nadia_Navarro.png/491px-Nadia_Navarro.png?20230427111740', 'https://upload.wikimedia.org/wikipedia/commons/thumb/9/9a/Influence_of_The_Defence_of_Duffer%27s_Drift.svg/400px-Influence_of_The_Defence_of_Duffer%27s_Drift.svg.png?20240501083019', 'https://upload.wikimedia.org/wikipedia/commons/thumb/0/01/Hall_effect.png/598px-Hall_effect.png?20050410030020', 'https://upload.wikimedia.org/wikipedia/commons/thumb/9/90/The_Influence_of_Sea_Power_Upon_History.jpg/424px-The_Influence_of_Sea_Power_Upon_History.jpg?20071121213122']",Heat map circle of influence.svg,"A capacity to have an effect on the character, development, or behavior of someone or something, often exercised without direct force or command.",black-forest-labs_FLUX.1-dev,retrieval,1
43304323,2237,predict_hypernym_llama,adult.n.01,adult,['person.n.01'],"['abator.n.01', 'abjurer.n.01', 'abomination.n.01', 'abstainer.n.02', 'achiever.n.01', 'acquaintance.n.03', 'acquirer.n.01', 'active.n.03', 'actor.n.02', 'adjudicator.n.01', 'admirer.n.02', 'adoptee.n.01', 'adventurer.n.01', 'adversary.n.01', 'advisee.n.01', 'advocate.n.01', 'affiant.n.01', 'african.n.01', 'agnostic.n.01', 'amateur.n.01', 'amerindian.n.01', 'ancient.n.02', 'anomaly.n.02', 'anti-american.n.01', 'anti.n.01', 'applicant.n.01', 'appointee.n.02', 'appreciator.n.01', 'apprehender.n.02', 'aquarius.n.01', 'archaist.n.01', 'aries.n.01', 'arrogator.n.01', 'assessee.n.01', 'asthmatic.n.01', 'authority.n.02', 'autodidact.n.01', 'baby_boomer.n.01', 'baby_buster.n.01', 'bad_guy.n.01', 'bad_person.n.01', 'baldhead.n.01', 'balker.n.01', 'bather.n.02', 'beard.n.03', 'bedfellow.n.02', 'bereaved.n.01', 'best.n.02', 'birth.n.05', 'biter.n.01', 'black.n.05', 'blogger.n.01', 'blond.n.01', 'bluecoat.n.01', 'bodybuilder.n.01', 'bomber.n.02', 'brunet.n.01', 'bullfighter.n.01', 'buster.n.04', 'cancer.n.02', 'candidate.n.02', 'capitalist.n.02', 'capricorn.n.01', 'captor.n.01', 'case.n.06', 'cashier.n.02', 'celebrant.n.01', 'censor.n.01', 'chameleon.n.01', 'changer.n.01', 'charmer.n.02', 'child.n.03', 'chutzpanik.n.01', 'closer.n.01', 'clumsy_person.n.01', 'collector.n.01', 'color-blind_person.n.01', 'combatant.n.01', 'commoner.n.01', 'communicator.n.01', 'complexifier.n.01', 'compulsive.n.01', 'computer_user.n.01', 'contemplative.n.01', 'contestant.n.01', 'convert.n.01', 'copycat.n.01', 'counter.n.05', 'counterterrorist.n.01', 'coward.n.01', 'crawler.n.02', 'creator.n.02', 'creature.n.02', 'creditor.n.01', 'cripple.n.01', 'dancer.n.02', 'dead_person.n.01', 'deaf_person.n.01', 'debaser.n.01', 'debtor.n.01', 'defecator.n.01', 'delayer.n.01', 'deliverer.n.04', 'demander.n.01', 'dieter.n.01', 'differentiator.n.01', 'disentangler.n.01', 'disputant.n.01', 'dissenter.n.01', 'divider.n.02', 'domestic_partner.n.01', 'double.n.03', 'dresser.n.02', 'dribbler.n.02', 'drug_user.n.01', 'dyslectic.n.01', 'ectomorph.n.01', 'effecter.n.01', 'elizabethan.n.01', 'emotional_person.n.01', 'endomorph.n.01', 'engineer.n.01', 'enjoyer.n.01', 'enrollee.n.01', 'entertainer.n.01', 'ethnic.n.01', 'experimenter.n.02', 'expert.n.01', 'explorer.n.01', 'extrovert.n.01', 'face.n.05', 'faddist.n.01', 'faller.n.02', 'fastener.n.01', 'female.n.02', 'fiduciary.n.01', 'first-rater.n.01', 'follower.n.01', 'free_agent.n.02', 'friend.n.01', 'fugitive.n.01', 'gainer.n.01', 'gainer.n.02', 'gambler.n.01', 'gatekeeper.n.01', 'gatherer.n.01', 'gemini.n.01', 'gentile.n.02', 'good_guy.n.01', 'good_person.n.01', 'granter.n.01', 'greeter.n.01', 'grinner.n.01', 'groaner.n.01', 'grunter.n.01', 'guesser.n.01', 'handicapped_person.n.01', 'hater.n.01', 'heterosexual.n.01', 'homosexual.n.01', 'homunculus.n.02', 'hope.n.04', 'hoper.n.01', 'huddler.n.02', 'hugger.n.01', 'immune.n.01', 'individualist.n.01', 'inhabitant.n.01', 'innocent.n.01', 'insured.n.01', 'intellectual.n.01', 'interpreter.n.02', 'introvert.n.01', 'jat.n.01', 'jew.n.01', 'jewel.n.02', 'jumper.n.01', 'junior.n.03', 'juvenile.n.01', 'killer.n.01', 'kink.n.03', 'kneeler.n.01', 'knocker.n.02', 'knower.n.01', 'large_person.n.01', 'latin.n.03', 'laugher.n.01', 'leader.n.01', 'learner.n.01', 'left-hander.n.02', 'leo.n.01', 'libra.n.01', 'life.n.08', 'lightning_rod.n.01', 'linguist.n.02', 'literate.n.01', 'liver.n.03', 'longer.n.01', 'loose_cannon.n.01', 'loved_one.n.01', 'lover.n.01', 'machine.n.02', 'mailer.n.02', 'malcontent.n.01', 'male.n.02', 'man.n.03', 'man_jack.n.01', 'manipulator.n.02', 'married.n.01', 'masturbator.n.01', 'measurer.n.01', 'mesomorph.n.01', 'mestizo.n.01', 'middlebrow.n.01', 'miracle_man.n.01', 'misogamist.n.01', 'mixed-blood.n.01', 'modern.n.01', 'money_handler.n.01', 'monolingual.n.01', 'mother_hen.n.01', 'mouse.n.03', 'mutilator.n.01', 'namer.n.01', 'namesake.n.01', 'national.n.01', 'native.n.01', 'native.n.02', 'neglecter.n.01', 'neighbor.n.01', 'neutral.n.01', 'nondescript.n.01', 'nonmember.n.01', 'nonparticipant.n.01', 'nonpartisan.n.01', 'nonperson.n.01', 'nonreligious_person.n.01', 'nonresident.n.01', 'nonsmoker.n.01', 'nonworker.n.01', 'nude.n.03', 'nurser.n.01', 'occultist.n.01', 'optimist.n.01', 'orphan.n.02', 'ostrich.n.01', 'ouster.n.01', 'outcaste.n.01', 'outdoorsman.n.01', 'owner.n.02', 'pamperer.n.01', 'pansexual.n.01', 'pardoner.n.01', 'partner.n.03', 'party.n.05', 'passer.n.02', 'peer.n.01', 'perceiver.n.01', 'percher.n.01', 'person_of_color.n.01', 'personage.n.01', 'personification.n.01', 'perspirer.n.01', 'philosopher.n.02', 'picker.n.01', 'pisces.n.02', 'pisser.n.01', 'planner.n.01', 'player.n.04', 'posturer.n.01', 'powderer.n.01', 'precursor.n.02', 'preserver.n.03', 'primitive.n.01', 'propositus.n.01', 'public_relations_person.n.01', 'pursuer.n.02', 'pussycat.n.01', 'quarter.n.11', 'quitter.n.01', 'radical.n.03', 'realist.n.02', 'rectifier.n.02', 'redhead.n.01', 'registrant.n.01', 'relative.n.01', 'reliever.n.02', 'religious_person.n.01', 'repeater.n.01', 'rescuer.n.02', 'rester.n.01', 'restrainer.n.02', 'revenant.n.01', 'rich_person.n.01', 'right-hander.n.02', 'riser.n.01', 'romper.n.01', 'roundhead.n.01', 'ruler.n.01', 'rusher.n.03', 'sagittarius.n.01', 'scientist.n.01', 'scorpio.n.01', 'scratcher.n.02', 'second-rater.n.01', 'seeder.n.01', 'seeker.n.01', 'segregate.n.01', 'self.n.02', 'sensualist.n.01', 'sentimentalist.n.01', 'sex_object.n.01', 'sex_symbol.n.01', 'shaker.n.01', 'showman.n.01', 'signer.n.02', 'simpleton.n.01', 'six-footer.n.01', 'skidder.n.01', 'slav.n.01', 'slave.n.01', 'slave.n.03', 'sleepyhead.n.01', 'sloucher.n.01', 'small_person.n.01', 'smasher.n.01', 'smiler.n.01', 'sneezer.n.01', 'sniffer.n.01', 'sniffler.n.01', 'snuffer.n.02', 'snuffler.n.01', 'socializer.n.01', 'sort.n.03', 'sounding_board.n.01', 'sphinx.n.01', 'spitter.n.01', 'sport.n.04', 'sprawler.n.01', 'spurner.n.01', 'squinter.n.01', 'stifler.n.01', 'stigmatic.n.01', 'stooper.n.02', 'stranger.n.02', 'struggler.n.01', 'subject.n.06', 'supernumerary.n.01', 'surrenderer.n.01', 'survivalist.n.01', 'survivor.n.02', 'suspect.n.01', 'tagger.n.01', 'tagger.n.02', 'tapper.n.02', 'taurus.n.02', 'tempter.n.01', 'termer.n.01', 'terror.n.02', 'testator.n.01', 'thin_person.n.01', 'third-rater.n.01', 'thrower.n.02', 'tiger.n.01', 'totemist.n.01', 'toucher.n.01', 'transfer.n.02', 'transsexual.n.02', 'transvestite.n.01', 'traveler.n.01', 'trier.n.02', 'turner.n.07', 'tyrant.n.03', 'undoer.n.02', 'unfortunate.n.01', 'unskilled_person.n.01', 'unwelcome_person.n.01', 'user.n.01', 'vanisher.n.01', 'victim.n.02', 'victorian.n.01', 'virgo.n.01', 'visionary.n.01', 'visually_impaired_person.n.01', 'waiter.n.02', 'waker.n.02', 'walk-in.n.01', 'wanter.n.01', 'ward.n.01', 'warrior.n.01', 'watcher.n.03', 'weakling.n.01', 'weasel.n.01', 'white.n.01', 'wiggler.n.01', 'winker.n.01', 'withholder.n.01', 'witness.n.05', 'worker.n.01', 'worldling.n.01', 'yawner.n.01']","['https://upload.wikimedia.org/wikipedia/commons/thumb/0/0c/Argiope_spider_female_adult_on_her_web_dorsal_view_black_background_Don_Det_Laos.jpg/400px-Argiope_spider_female_adult_on_her_web_dorsal_view_black_background_Don_Det_Laos.jpg?20230413110719', 'https://upload.wikimedia.org/wikipedia/commons/thumb/6/65/Argiope_spider_female_adult_on_her_web_ventral_view_black_background_Don_Det_Laos.jpg/400px-Argiope_spider_female_adult_on_her_web_ventral_view_black_background_Don_Det_Laos.jpg?20210324115117', 'https://upload.wikimedia.org/wikipedia/commons/thumb/5/52/Sole_of_foot_of_an_infant_held_between_the_middle_finger_and_the_ring_finger_of_an_adult_hand_for_size_comparison.jpg/800px-Sole_of_foot_of_an_infant_held_between_the_middle_finger_and_the_ring_finger_of_an_adult_hand_for_size_comparison.jpg?20200912022443', 'https://upload.wikimedia.org/wikipedia/commons/thumb/c/ca/Luxor_R07.jpg/800px-Luxor_R07.jpg?20120510141040', 'https://upload.wikimedia.org/wikipedia/commons/thumb/a/a7/Openbill_Fledgling_Adult_Ranganathittu_Jan24_A7C_09271.jpg/800px-Openbill_Fledgling_Adult_Ranganathittu_Jan24_A7C_09271.jpg?20240218043801']",Argiope spider female adult on her web dorsal view black background Don Det Laos.jpg,a person who is fully grown or developed and is considered legally responsible for their actions.,DeepFloyd_IF-I-XL-v1.0,black-forest-labs_FLUX.1-dev,3
7734711,2239,simple_triplet_2parent_llama,food_fish.n.01,sardine,['fish.n.01'],"['bony_fish.n.01', 'bottom-feeder.n.02', 'bottom_lurkers.n.01', 'cartilaginous_fish.n.01', 'climbing_perch.n.01', 'fingerling.n.01', 'game_fish.n.01', 'mouthbreeder.n.01', 'northern_snakehead.n.01', 'rough_fish.n.01', 'spawner.n.01', 'young_fish.n.01']","['https://upload.wikimedia.org/wikipedia/commons/thumb/3/3d/2014_03_19_397_Eingelegte_Fische.jpg/800px-2014_03_19_397_Eingelegte_Fische.jpg?20150729101825', 'https://upload.wikimedia.org/wikipedia/commons/thumb/7/78/Sardina_pilchardus_Gervais.jpg/800px-Sardina_pilchardus_Gervais.jpg?20120205134020', 'https://upload.wikimedia.org/wikipedia/commons/6/6a/Sardina_pilchardus_2011.jpg?20110607211127', 'https://upload.wikimedia.org/wikipedia/commons/b/b1/Pacific_sardine002.jpg?20060127231549', 'https://upload.wikimedia.org/wikipedia/commons/thumb/c/c8/Sardina_pilchardus.jpg/800px-Sardina_pilchardus.jpg?20180926042719']",2014 03 19 397 Eingelegte Fische.jpg,"a small, oily fish commonly preserved in cans or jars and used as food.",playgroundai_playground-v2.5-1024px-aesthetic,black-forest-labs_FLUX.1-dev,1
9044146,2240,predict_hypernym_llama,concept.n.01,quantity,['idea.n.01'],"['burden.n.04', 'cogitation.n.01', 'figment.n.01', 'generalization.n.02', 'ideal.n.01', 'idealization.n.03', 'impression.n.01', 'inspiration.n.01', 'keynote.n.02', 'kink.n.04', 'meaning.n.02', 'misconception.n.01', 'notion.n.03', 'plan.n.01', 'preoccupation.n.01', 'reaction.n.02', 'suggestion.n.01', 'theme.n.02', 'theorem.n.02']","['https://upload.wikimedia.org/wikipedia/commons/thumb/3/39/QTY_Code.jpg/800px-QTY_Code.jpg?20240502151617', 'https://upload.wikimedia.org/wikipedia/commons/thumb/f/f6/Conceptual_model_focusing_on_%E2%80%98kind_of_quantity.%E2%80%99.png/590px-Conceptual_model_focusing_on_%E2%80%98kind_of_quantity.%E2%80%99.png?20230910051820', 'https://upload.wikimedia.org/wikipedia/commons/4/4a/QTY_Showbox_10152017.png?20180727034946', 'https://upload.wikimedia.org/wikipedia/commons/thumb/1/1d/QTY_Alex_Boot_and_Saddle_December_7%2C_2017.png/800px-QTY_Alex_Boot_and_Saddle_December_7%2C_2017.png?20180331143931', 'https://upload.wikimedia.org/wikipedia/commons/thumb/2/2c/Nombre_d%27objets_envoy%C3%A9s_dans_l%27espace_par_pays.svg/800px-Nombre_d%27objets_envoy%C3%A9s_dans_l%27espace_par_pays.svg.png?20220504174157']",QTY Code.jpg,"A measure of amount or number in numerical terms, not associated with value or quality.",black-forest-labs_FLUX.1-dev,stabilityai_stable-diffusion-xl-base-1.0,0
49253635,2251,predict_hypernym_llama,dainty.n.01,sweet,['nutriment.n.01'],"['course.n.07', 'dish.n.02', 'fast_food.n.01', 'finger_food.n.01', 'ingesta.n.01', 'kosher.n.01', 'meal.n.01', 'mess.n.03', 'milk.n.02', 'mince.n.01', 'puree.n.01', 'stodge.n.01', 'vitamin.n.01', 'wheat_germ.n.01']","['https://upload.wikimedia.org/wikipedia/commons/thumb/4/45/Strucla_sweet_bread02.jpg/800px-Strucla_sweet_bread02.jpg?20050503104045', 'https://upload.wikimedia.org/wikipedia/commons/thumb/3/34/Sweet_mangosteen.jpg/800px-Sweet_mangosteen.jpg?20180918091430', 'https://upload.wikimedia.org/wikipedia/commons/thumb/0/00/Sweet_Bread_Mountain.jpg/800px-Sweet_Bread_Mountain.jpg?20220719031909', 'https://upload.wikimedia.org/wikipedia/commons/thumb/6/6f/Sweet_granadillas_%28Passiflora_ligularis%29_-_whole_and_cross_section.jpg/800px-Sweet_granadillas_%28Passiflora_ligularis%29_-_whole_and_cross_section.jpg?20220210184036', 'https://upload.wikimedia.org/wikipedia/commons/thumb/7/7e/Gerbera_Daisy_--_Gerbera_Garvinea_%27Sweet_Glow%27.jpg/676px-Gerbera_Daisy_--_Gerbera_Garvinea_%27Sweet_Glow%27.jpg?20180506211514']",Strucla sweet bread02.jpg,A taste sensation that is pleasingly sugary or characterized by flavors associated with sugar.,black-forest-labs_FLUX.1-dev,DeepFloyd_IF-I-XL-v1.0,1
6567313,2254,leafs_and_no_leafs_llama,compose.v.02,orchestrate,['make.v.03'],"['arouse.v.01', 'assemble.v.01', 'bear.v.05', 'beat.v.18', 'beget.v.01', 'blast.v.05', 'bring.v.03', 'build.v.03', 'cause.v.01', 'chop.v.03', 'choreograph.v.01', 'clear.v.02', 'cleave.v.02', 'construct.v.01', 'copy.v.04', 'create.v.05', 'create_by_mental_act.v.01', 'create_from_raw_material.v.01', 'create_verbally.v.01', 'cut.v.06', 'cut.v.22', 'derive.v.04', 'direct.v.03', 'distill.v.03', 'establish.v.05', 'film-make.v.01', 'film.v.02', 'form.v.01', 'froth.v.02', 'generate.v.01', 'give.v.09', 'grind.v.06', 'incorporate.v.03', 'institute.v.02', 'lay_down.v.01', 'manufacture.v.04', 'offset.v.04', 'originate.v.02', 'prepare.v.03', 'press.v.07', 'produce.v.01', 'produce.v.03', 'puncture.v.02', 'put_on.v.04', 'raise.v.07', 'raise.v.11', 're-create.v.01', 'realize.v.03', 'recreate.v.04', 'regenerate.v.07', 'reproduce.v.02', 'scrape.v.02', 'short-circuit.v.02', 'strike.v.13', 'style.v.02', 'track.v.05', 'twine.v.03']","['https://upload.wikimedia.org/wikipedia/commons/thumb/e/e0/Autograph_score_of_part_of_Act2_%28Wolf%27s_Glen%29_of_%27Der_Freisch%C3%BCtz%27_-_NGO4p1116.jpg/793px-Autograph_score_of_part_of_Act2_%28Wolf%27s_Glen%29_of_%27Der_Freisch%C3%BCtz%27_-_NGO4p1116.jpg?20110621090005', 'https://upload.wikimedia.org/wikipedia/commons/thumb/3/34/Fraud_Orchestration_Example_1.png/800px-Fraud_Orchestration_Example_1.png?20190920020303', 'https://upload.wikimedia.org/wikipedia/commons/thumb/d/d7/Mussorgsky-Ravel_Gnomus_bars_19-24%2C_first_orchestration_04.png/800px-Mussorgsky-Ravel_Gnomus_bars_19-24%2C_first_orchestration_04.png?20210323155618', 'https://upload.wikimedia.org/wikipedia/commons/thumb/3/34/The_Orchestrator.png/337px-The_Orchestrator.png?20221228042400', 'https://upload.wikimedia.org/wikipedia/commons/thumb/6/61/A_group_of_fishermen_orchestrates.jpg/800px-A_group_of_fishermen_orchestrates.jpg?20240414212451']",Autograph score of part of Act2 (Wolf's Glen) of 'Der Freischütz' - NGO4p1116.jpg,Orchestrate: to arrange or direct the elements of a situation or event to achieve a desired effect.,stabilityai_stable-diffusion-xl-base-1.0,black-forest-labs_FLUX.1-dev,0
72705984,2258,leafs_and_no_leafs_llama,elementary_particle.n.01,baryon,['particle.n.02'],"['alpha_particle.n.01', 'beta_particle.n.01', 'boson.n.01', 'deuteron.n.01', 'fermion.n.01', 'ion.n.01', 'magnetic_monopole.n.01', 'micelle.n.01', 'prion.n.01', 'scintilla.n.02', 'superstring.n.01', 'thermion.n.01', 'virino.n.01', 'virion.n.01']","['https://upload.wikimedia.org/wikipedia/commons/thumb/e/ea/Baryon-octet.svg/600px-Baryon-octet.svg.png?20150124161116', 'https://upload.wikimedia.org/wikipedia/commons/thumb/f/f6/Baryon_decuplet.svg/733px-Baryon_decuplet.svg.png?20231228105008', 'https://upload.wikimedia.org/wikipedia/commons/thumb/f/f6/Baryon_octet.svg/800px-Baryon_octet.svg.png?20080420220905', 'https://upload.wikimedia.org/wikipedia/commons/thumb/2/2a/Baryon_Decuplet.svg/654px-Baryon_Decuplet.svg.png?20230709234207', 'https://upload.wikimedia.org/wikipedia/commons/thumb/7/78/Baryon-decuplet-small.svg/560px-Baryon-decuplet-small.svg.png?20120912192757']",Baryon-octet.svg,"a subatomic particle made up of three quarks, such as a proton or neutron, which is a constituent of atomic nuclei.",playgroundai_playground-v2.5-1024px-aesthetic,black-forest-labs_FLUX.1-dev,1
94814274,2262,predict_hypernym_llama,doctrine.n.01,religious orientation,['belief.n.01'],"['autotelism.n.01', 'conviction.n.01', 'expectation.n.01', 'faith.n.02', 'fetishism.n.01', 'geneticism.n.01', 'individualism.n.02', 'meliorism.n.01', 'opinion.n.01', 'originalism.n.01', 'pacifism.n.02', 'philosophy.n.03', 'public_opinion.n.01', 'religion.n.01', 'revolutionism.n.01', 'sacerdotalism.n.01', 'spiritual_being.n.01', 'spiritual_world.n.01', 'spiritualism.n.02', 'suffragism.n.01', 'supernaturalism.n.01', 'superstition.n.01', 'supremacism.n.01', 'theory.n.03', 'theosophism.n.01', 'thought.n.03', 'totemism.n.01', 'tribalism.n.02', 'values.n.01', 'vampirism.n.01']","['https://upload.wikimedia.org/wikipedia/commons/thumb/b/ba/Ansel_Adams_-_National_Archives_79-AA-Q01_restored.jpg/449px-Ansel_Adams_-_National_Archives_79-AA-Q01_restored.jpg?20110531005059', 'https://upload.wikimedia.org/wikipedia/commons/thumb/3/3f/Copy_in_Reverse_Design_Orientation-_Based_on_the_Group_of_Reclining_Figures_at_Left_in_Domenico_Beccafumi%27s_Scene_of_Moses_Striking_the_Rock_in_the_Pavement_of_Siena_Cathedral_MET_271669.jpg/800px-thumbnail.jpg?20170720154439', 'https://upload.wikimedia.org/wikipedia/commons/thumb/4/49/Copy_in_Reverse_Design_Orientation-_Based_on_the_Group_of_Reclining_Figures_at_Left_in_Domenico_Beccafumi%27s_Scene_of_Moses_Striking_the_Rock_in_the_Pavement_of_Siena_Cathedral_MET_DP807869.jpg/800px-thumbnail.jpg?20170720154441', 'https://upload.wikimedia.org/wikipedia/commons/thumb/5/52/Copy_in_Reverse_Design_Orientation-_Based_on_the_Group_of_Reclining_Figures_at_Left_in_Domenico_Beccafumi%27s_Scene_of_Moses_Striking_the_Rock_in_the_Pavement_of_Siena_Cathedral_MET_19.151.5.jpg/800px-thumbnail.jpg?20170720154445', 'https://upload.wikimedia.org/wikipedia/commons/thumb/6/6c/Religious_1_%28481%29_22.jpg/800px-Religious_1_%28481%29_22.jpg?20240525113238']",Ansel Adams - National Archives 79-AA-Q01 restored.jpg,a personal or collective system of beliefs and practices related to the sacred or divine.,retrieval,black-forest-labs_FLUX.1-dev,1
12852206,2263,leafs_and_no_leafs_llama,potato.n.01,sweet potato,"['root_vegetable.n.01', 'solanaceous_vegetable.n.01', 'starches.n.01']","['beet.n.02', 'carrot.n.03', 'celeriac.n.02', 'jerusalem_artichoke.n.03', 'parsnip.n.03', 'radish.n.01', 'salsify.n.03', 'sweet_potato.n.02', 'taro.n.03', 'turnip.n.02', 'yam.n.04', 'eggplant.n.01', 'pepper.n.04', 'potato.n.01', 'tomatillo.n.03', 'tomato.n.01', 'bread.n.01', 'potato.n.01', 'rice.n.01']","['https://upload.wikimedia.org/wikipedia/commons/a/a4/Ipomoea_batatas.jpg?20050512125243', 'https://upload.wikimedia.org/wikipedia/commons/thumb/3/3f/Ipomoea_batatas_%28Sweet_Potato%29_Flower.jpg/800px-Ipomoea_batatas_%28Sweet_Potato%29_Flower.jpg?20121104135900', 'https://upload.wikimedia.org/wikipedia/commons/thumb/5/58/Ipomoea_batatas_006.JPG/799px-Ipomoea_batatas_006.JPG?20100529065725', 'https://upload.wikimedia.org/wikipedia/commons/thumb/3/38/Ipomoea_batatas_-_Tubers.jpg/800px-Ipomoea_batatas_-_Tubers.jpg?20200224024609', 'https://upload.wikimedia.org/wikipedia/commons/thumb/2/27/Ipomoea_batatas_Convolvulaceae.jpg/800px-Ipomoea_batatas_Convolvulaceae.jpg?20221015101203']",Ipomoea batatas.jpg,"A starchy, sweet-tasting root vegetable that is typically orange in color but can also be white, purple, or yellow.",kandinsky-community_kandinsky-3,black-forest-labs_FLUX.1-dev,1
90076481,2267,predict_hypernym_llama,sauce.n.01,salad dressing,['condiment.n.01'],"['catsup.n.01', 'chili_sauce.n.01', 'chutney.n.01', 'cranberry_sauce.n.01', 'dip.n.04', 'duck_sauce.n.01', 'horseradish.n.03', 'marinade.n.01', 'mint_sauce.n.01', 'mustard.n.02', 'relish.n.02', 'salsa.n.01', 'soy_sauce.n.01', 'spread.n.05', 'steak_sauce.n.01', 'taco_sauce.n.01', 'vinegar.n.01', 'wasabi.n.02']","['https://upload.wikimedia.org/wikipedia/commons/thumb/9/94/Salad_platter.jpg/800px-Salad_platter.jpg?20080218152459', 'https://upload.wikimedia.org/wikipedia/commons/thumb/2/26/PXL_20230523_164106755_Marshall_University_Drinko_Library_coffee_shop_food_yogurts%2C_chef_salad%2C_and_fruit_cups_and_salad_dressing.jpg/800px-PXL_20230523_164106755_Marshall_University_Drinko_Library_coffee_shop_food_yogurts%2C_chef_salad%2C_and_fruit_cups_and_salad_dressing.jpg?20230614130902', 'https://upload.wikimedia.org/wikipedia/commons/thumb/6/66/Salad_with_cranberry_dressing.jpg/800px-Salad_with_cranberry_dressing.jpg?20140622154948', 'https://upload.wikimedia.org/wikipedia/commons/thumb/7/70/Salad_Dressing_%2823340150265%29.jpg/800px-Salad_Dressing_%2823340150265%29.jpg?20151224121424', 'https://upload.wikimedia.org/wikipedia/commons/thumb/0/09/Ken%27s_Steakhouse_dressing.jpg/231px-Ken%27s_Steakhouse_dressing.jpg?20230731014250']",Salad platter.jpg,"Salad dressing is a condiment used to enhance the flavor of salads, typically made from ingredients like oil, vinegar, herbs, and various seasonings.",Tencent-Hunyuan_HunyuanDiT-v1.2-Diffusers,black-forest-labs_FLUX.1-dev,0
30373565,2281,predict_hypernym_llama,advocate.n.01,supporter,['person.n.01'],"['abator.n.01', 'abjurer.n.01', 'abomination.n.01', 'abstainer.n.02', 'achiever.n.01', 'acquaintance.n.03', 'acquirer.n.01', 'active.n.03', 'actor.n.02', 'adjudicator.n.01', 'admirer.n.02', 'adoptee.n.01', 'adult.n.01', 'adventurer.n.01', 'adversary.n.01', 'advisee.n.01', 'affiant.n.01', 'african.n.01', 'agnostic.n.01', 'amateur.n.01', 'amerindian.n.01', 'ancient.n.02', 'anomaly.n.02', 'anti-american.n.01', 'anti.n.01', 'applicant.n.01', 'appointee.n.02', 'appreciator.n.01', 'apprehender.n.02', 'aquarius.n.01', 'archaist.n.01', 'aries.n.01', 'arrogator.n.01', 'assessee.n.01', 'asthmatic.n.01', 'authority.n.02', 'autodidact.n.01', 'baby_boomer.n.01', 'baby_buster.n.01', 'bad_guy.n.01', 'bad_person.n.01', 'baldhead.n.01', 'balker.n.01', 'bather.n.02', 'beard.n.03', 'bedfellow.n.02', 'bereaved.n.01', 'best.n.02', 'birth.n.05', 'biter.n.01', 'black.n.05', 'blogger.n.01', 'blond.n.01', 'bluecoat.n.01', 'bodybuilder.n.01', 'bomber.n.02', 'brunet.n.01', 'bullfighter.n.01', 'buster.n.04', 'cancer.n.02', 'candidate.n.02', 'capitalist.n.02', 'capricorn.n.01', 'captor.n.01', 'case.n.06', 'cashier.n.02', 'celebrant.n.01', 'censor.n.01', 'chameleon.n.01', 'changer.n.01', 'charmer.n.02', 'child.n.03', 'chutzpanik.n.01', 'closer.n.01', 'clumsy_person.n.01', 'collector.n.01', 'color-blind_person.n.01', 'combatant.n.01', 'commoner.n.01', 'communicator.n.01', 'complexifier.n.01', 'compulsive.n.01', 'computer_user.n.01', 'contemplative.n.01', 'contestant.n.01', 'convert.n.01', 'copycat.n.01', 'counter.n.05', 'counterterrorist.n.01', 'coward.n.01', 'crawler.n.02', 'creator.n.02', 'creature.n.02', 'creditor.n.01', 'cripple.n.01', 'dancer.n.02', 'dead_person.n.01', 'deaf_person.n.01', 'debaser.n.01', 'debtor.n.01', 'defecator.n.01', 'delayer.n.01', 'deliverer.n.04', 'demander.n.01', 'dieter.n.01', 'differentiator.n.01', 'disentangler.n.01', 'disputant.n.01', 'dissenter.n.01', 'divider.n.02', 'domestic_partner.n.01', 'double.n.03', 'dresser.n.02', 'dribbler.n.02', 'drug_user.n.01', 'dyslectic.n.01', 'ectomorph.n.01', 'effecter.n.01', 'elizabethan.n.01', 'emotional_person.n.01', 'endomorph.n.01', 'engineer.n.01', 'enjoyer.n.01', 'enrollee.n.01', 'entertainer.n.01', 'ethnic.n.01', 'experimenter.n.02', 'expert.n.01', 'explorer.n.01', 'extrovert.n.01', 'face.n.05', 'faddist.n.01', 'faller.n.02', 'fastener.n.01', 'female.n.02', 'fiduciary.n.01', 'first-rater.n.01', 'follower.n.01', 'free_agent.n.02', 'friend.n.01', 'fugitive.n.01', 'gainer.n.01', 'gainer.n.02', 'gambler.n.01', 'gatekeeper.n.01', 'gatherer.n.01', 'gemini.n.01', 'gentile.n.02', 'good_guy.n.01', 'good_person.n.01', 'granter.n.01', 'greeter.n.01', 'grinner.n.01', 'groaner.n.01', 'grunter.n.01', 'guesser.n.01', 'handicapped_person.n.01', 'hater.n.01', 'heterosexual.n.01', 'homosexual.n.01', 'homunculus.n.02', 'hope.n.04', 'hoper.n.01', 'huddler.n.02', 'hugger.n.01', 'immune.n.01', 'individualist.n.01', 'inhabitant.n.01', 'innocent.n.01', 'insured.n.01', 'intellectual.n.01', 'interpreter.n.02', 'introvert.n.01', 'jat.n.01', 'jew.n.01', 'jewel.n.02', 'jumper.n.01', 'junior.n.03', 'juvenile.n.01', 'killer.n.01', 'kink.n.03', 'kneeler.n.01', 'knocker.n.02', 'knower.n.01', 'large_person.n.01', 'latin.n.03', 'laugher.n.01', 'leader.n.01', 'learner.n.01', 'left-hander.n.02', 'leo.n.01', 'libra.n.01', 'life.n.08', 'lightning_rod.n.01', 'linguist.n.02', 'literate.n.01', 'liver.n.03', 'longer.n.01', 'loose_cannon.n.01', 'loved_one.n.01', 'lover.n.01', 'machine.n.02', 'mailer.n.02', 'malcontent.n.01', 'male.n.02', 'man.n.03', 'man_jack.n.01', 'manipulator.n.02', 'married.n.01', 'masturbator.n.01', 'measurer.n.01', 'mesomorph.n.01', 'mestizo.n.01', 'middlebrow.n.01', 'miracle_man.n.01', 'misogamist.n.01', 'mixed-blood.n.01', 'modern.n.01', 'money_handler.n.01', 'monolingual.n.01', 'mother_hen.n.01', 'mouse.n.03', 'mutilator.n.01', 'namer.n.01', 'namesake.n.01', 'national.n.01', 'native.n.01', 'native.n.02', 'neglecter.n.01', 'neighbor.n.01', 'neutral.n.01', 'nondescript.n.01', 'nonmember.n.01', 'nonparticipant.n.01', 'nonpartisan.n.01', 'nonperson.n.01', 'nonreligious_person.n.01', 'nonresident.n.01', 'nonsmoker.n.01', 'nonworker.n.01', 'nude.n.03', 'nurser.n.01', 'occultist.n.01', 'optimist.n.01', 'orphan.n.02', 'ostrich.n.01', 'ouster.n.01', 'outcaste.n.01', 'outdoorsman.n.01', 'owner.n.02', 'pamperer.n.01', 'pansexual.n.01', 'pardoner.n.01', 'partner.n.03', 'party.n.05', 'passer.n.02', 'peer.n.01', 'perceiver.n.01', 'percher.n.01', 'person_of_color.n.01', 'personage.n.01', 'personification.n.01', 'perspirer.n.01', 'philosopher.n.02', 'picker.n.01', 'pisces.n.02', 'pisser.n.01', 'planner.n.01', 'player.n.04', 'posturer.n.01', 'powderer.n.01', 'precursor.n.02', 'preserver.n.03', 'primitive.n.01', 'propositus.n.01', 'public_relations_person.n.01', 'pursuer.n.02', 'pussycat.n.01', 'quarter.n.11', 'quitter.n.01', 'radical.n.03', 'realist.n.02', 'rectifier.n.02', 'redhead.n.01', 'registrant.n.01', 'relative.n.01', 'reliever.n.02', 'religious_person.n.01', 'repeater.n.01', 'rescuer.n.02', 'rester.n.01', 'restrainer.n.02', 'revenant.n.01', 'rich_person.n.01', 'right-hander.n.02', 'riser.n.01', 'romper.n.01', 'roundhead.n.01', 'ruler.n.01', 'rusher.n.03', 'sagittarius.n.01', 'scientist.n.01', 'scorpio.n.01', 'scratcher.n.02', 'second-rater.n.01', 'seeder.n.01', 'seeker.n.01', 'segregate.n.01', 'self.n.02', 'sensualist.n.01', 'sentimentalist.n.01', 'sex_object.n.01', 'sex_symbol.n.01', 'shaker.n.01', 'showman.n.01', 'signer.n.02', 'simpleton.n.01', 'six-footer.n.01', 'skidder.n.01', 'slav.n.01', 'slave.n.01', 'slave.n.03', 'sleepyhead.n.01', 'sloucher.n.01', 'small_person.n.01', 'smasher.n.01', 'smiler.n.01', 'sneezer.n.01', 'sniffer.n.01', 'sniffler.n.01', 'snuffer.n.02', 'snuffler.n.01', 'socializer.n.01', 'sort.n.03', 'sounding_board.n.01', 'sphinx.n.01', 'spitter.n.01', 'sport.n.04', 'sprawler.n.01', 'spurner.n.01', 'squinter.n.01', 'stifler.n.01', 'stigmatic.n.01', 'stooper.n.02', 'stranger.n.02', 'struggler.n.01', 'subject.n.06', 'supernumerary.n.01', 'surrenderer.n.01', 'survivalist.n.01', 'survivor.n.02', 'suspect.n.01', 'tagger.n.01', 'tagger.n.02', 'tapper.n.02', 'taurus.n.02', 'tempter.n.01', 'termer.n.01', 'terror.n.02', 'testator.n.01', 'thin_person.n.01', 'third-rater.n.01', 'thrower.n.02', 'tiger.n.01', 'totemist.n.01', 'toucher.n.01', 'transfer.n.02', 'transsexual.n.02', 'transvestite.n.01', 'traveler.n.01', 'trier.n.02', 'turner.n.07', 'tyrant.n.03', 'undoer.n.02', 'unfortunate.n.01', 'unskilled_person.n.01', 'unwelcome_person.n.01', 'user.n.01', 'vanisher.n.01', 'victim.n.02', 'victorian.n.01', 'virgo.n.01', 'visionary.n.01', 'visually_impaired_person.n.01', 'waiter.n.02', 'waker.n.02', 'walk-in.n.01', 'wanter.n.01', 'ward.n.01', 'warrior.n.01', 'watcher.n.03', 'weakling.n.01', 'weasel.n.01', 'white.n.01', 'wiggler.n.01', 'winker.n.01', 'withholder.n.01', 'witness.n.05', 'worker.n.01', 'worldling.n.01', 'yawner.n.01']","['https://upload.wikimedia.org/wikipedia/commons/thumb/7/75/San_marcos_bullfight_04.jpg/800px-San_marcos_bullfight_04.jpg?20100502162127', 'https://upload.wikimedia.org/wikipedia/commons/thumb/a/af/A_Trump_supporter_in_Kenosha_Wisconsin.jpg/458px-A_Trump_supporter_in_Kenosha_Wisconsin.jpg?20200901224955', 'https://upload.wikimedia.org/wikipedia/commons/thumb/5/5c/Heraldic_supporters_lions_rampant.svg/661px-Heraldic_supporters_lions_rampant.svg.png?20220801131316', 'https://upload.wikimedia.org/wikipedia/commons/thumb/1/1e/Proper_Crane_Supporter_%28Heraldry%29.svg/177px-Proper_Crane_Supporter_%28Heraldry%29.svg.png?20230104220527', 'https://upload.wikimedia.org/wikipedia/commons/thumb/6/66/A_Kyle_Rittenhouse_supporter_in_Kenosha_Wisconsin.jpg/739px-A_Kyle_Rittenhouse_supporter_in_Kenosha_Wisconsin.jpg?20200901225007']",San marcos bullfight 04.jpg,"a person who backs, advocates for, or shows enthusiasm for a particular cause, individual, or group.",playgroundai_playground-v2.5-1024px-aesthetic,black-forest-labs_FLUX.1-dev,0
62785284,2282,predict_hypernym_llama,sauce.n.01,sauce,['condiment.n.01'],"['catsup.n.01', 'chili_sauce.n.01', 'chutney.n.01', 'cranberry_sauce.n.01', 'dip.n.04', 'duck_sauce.n.01', 'horseradish.n.03', 'marinade.n.01', 'mint_sauce.n.01', 'mustard.n.02', 'relish.n.02', 'salsa.n.01', 'soy_sauce.n.01', 'spread.n.05', 'steak_sauce.n.01', 'taco_sauce.n.01', 'vinegar.n.01', 'wasabi.n.02']","['https://upload.wikimedia.org/wikipedia/commons/thumb/8/84/Lunch_sauces.jpg/800px-Lunch_sauces.jpg?20080117145120', 'https://upload.wikimedia.org/wikipedia/commons/thumb/1/1a/Spargel_sauce_hollandaise.jpg/800px-Spargel_sauce_hollandaise.jpg?20120602233113', 'https://upload.wikimedia.org/wikipedia/commons/thumb/3/31/Sauces_maustekastikkeet.jpg/481px-Sauces_maustekastikkeet.jpg?20200811163943', 'https://upload.wikimedia.org/wikipedia/commons/thumb/e/ef/HK_Kennedy_Town_%E5%A3%AB%E7%BE%8E%E8%8F%B2%E8%B7%AF_43_Smithfield_%E5%A3%AB%E7%BE%8E%E8%8F%B2%E9%96%A3_Smithfield_Court_shop_%E4%BD%B3%E5%AF%B6%E9%A3%9F%E5%93%81_Kai_Bo_Food_Supermarket_goods_%E4%B8%AD%E5%BC%8F%E8%BE%A3%E9%86%AC_sauce_August_2020_SS2_02.jpg/800px-thumbnail.jpg?20200824033411', 'https://upload.wikimedia.org/wikipedia/commons/thumb/d/d7/Salsas_de_fritanga_barranquillera.jpg/800px-Salsas_de_fritanga_barranquillera.jpg?20080709020424']",Lunch sauces.jpg,A flavorful liquid or semi-liquid substance served with food to enhance its flavor or to complement its dish.,Tencent-Hunyuan_HunyuanDiT-v1.2-Diffusers,black-forest-labs_FLUX.1-dev,1
80437216,2285,simple_triplet_2parent_llama,sulfate.n.01,sodium lauryl sulfate,['salt.n.01'],"['acetate.n.01', 'alkali.n.02', 'ammonium_chloride.n.01', 'arsenate.n.01', 'benzoate.n.01', 'bichromate.n.01', 'bile_salt.n.01', 'borate.n.01', 'borosilicate.n.01', 'calcium_chloride.n.01', 'calcium_lactate.n.01', 'calcium_stearate.n.01', 'calcium_sulphate.n.01', 'carbamate.n.01', 'carbonate.n.01', 'chlorate.n.01', 'chromate.n.01', 'chrome_alum.n.01', 'citrate.n.01', 'cream_of_tartar.n.01', 'cyanide.n.02', 'dibasic_salt.n.01', 'double_salt.n.01', 'ferricyanide.n.01', 'ferrocyanide.n.01', 'fluoroboride.n.01', 'fluosilicate.n.01', 'fulminate.n.01', ""glauber's_salt.n.01"", 'glutamate.n.01', 'halide.n.01', 'hypochlorite.n.01', 'isocyanate.n.01', 'lactate.n.01', 'manganate.n.01', 'microcosmic_salt.n.01', 'oxalacetate.n.01', 'oxalate.n.01', 'perchlorate.n.01', 'permanganate.n.01', 'phosphate.n.01', 'polyphosphate.n.01', 'potassium_bromide.n.01', 'potassium_chlorate.n.01', 'potassium_dichromate.n.01', 'propenoate.n.01', 'pyrophosphate.n.01', 'salicylate.n.01', 'silicate.n.01', 'sodium_carbonate.n.01', 'sodium_carboxymethyl_cellulose.n.01', 'sodium_chlorate.n.01', 'sodium_dichromate.n.01', 'sodium_fluoride.n.01', 'sulfonate.n.01', 'tartrate.n.01', 'thiocyanate.n.01', 'tungstate.n.01', 'urate.n.01', 'vanadate.n.01', 'xanthate.n.01']","['https://upload.wikimedia.org/wikipedia/commons/thumb/e/e9/Sodium_lauryl_sulfate.svg/368px-Sodium_lauryl_sulfate.svg.png?20240318175544', 'https://upload.wikimedia.org/wikipedia/commons/thumb/4/4a/Sodium_laurylsulfate_V.1.svg/798px-Sodium_laurylsulfate_V.1.svg.png?20100530071712', 'https://upload.wikimedia.org/wikipedia/commons/thumb/7/74/SLS_AMG_Roadster.jpg/800px-SLS_AMG_Roadster.jpg?20111104141239', 'https://upload.wikimedia.org/wikipedia/commons/thumb/2/2f/SDS_with_structure_description.svg/800px-SDS_with_structure_description.svg.png?20220108205241', 'https://upload.wikimedia.org/wikipedia/commons/thumb/c/c9/SDS-2D-skeletal.svg/799px-SDS-2D-skeletal.svg.png?20220504082407']",Sodium lauryl sulfate.svg,"A surfactant used in many cleaning and hygiene products that acts to lower the surface tension of water, allowing it to more effectively remove oils and soils.",black-forest-labs_FLUX.1-dev,retrieval,1
31595142,2289,predict_hypernym_llama,lawman.n.01,police officer,['defender.n.01'],"['admonisher.n.01', 'bodyguard.n.01', 'champion.n.02', 'chaperon.n.01', 'custodian.n.01', 'fireman.n.04', 'foster-parent.n.01', 'guard.n.01', 'keeper.n.01', 'patron_saint.n.01', 'peacekeeper.n.02', 'tribune.n.01', 'watchdog.n.01']","['https://upload.wikimedia.org/wikipedia/commons/thumb/c/ce/HH_Polizeihauptmeister_MZ.jpg/400px-HH_Polizeihauptmeister_MZ.jpg?20070515131534', 'https://upload.wikimedia.org/wikipedia/commons/thumb/7/76/Chicago_police_officer_on_segway.jpg/398px-Chicago_police_officer_on_segway.jpg?20050829015018', 'https://upload.wikimedia.org/wikipedia/commons/thumb/e/ee/Very_friendly_MPS_officers_in_London.jpg/426px-Very_friendly_MPS_officers_in_London.jpg?20090324234544', 'https://upload.wikimedia.org/wikipedia/commons/e/ee/Queensland_Police_Officer_George_Doyle.jpg?20220223235924', 'https://upload.wikimedia.org/wikipedia/commons/thumb/8/8a/Senior_Police_Officer_Gail_Denise_Thomas_funeral.jpg/800px-Senior_Police_Officer_Gail_Denise_Thomas_funeral.jpg?20200422114811']",HH Polizeihauptmeister MZ.jpg,"A law enforcement agent responsible for maintaining public order, enforcing laws, preventing crime, and protecting citizens and property.",DeepFloyd_IF-I-XL-v1.0,black-forest-labs_FLUX.1-dev,1
48565245,2297,leafs_and_no_leafs_llama,paper_money.n.01,currency,['currency.n.01'],"['cash.n.01', 'coinage.n.01', 'eurocurrency.n.01', 'hard_currency.n.01', 'money.n.03']","['https://upload.wikimedia.org/wikipedia/commons/thumb/e/e9/Billets_de_5000.jpg/385px-Billets_de_5000.jpg?20070302152821', 'https://upload.wikimedia.org/wikipedia/commons/thumb/b/b8/MapCurrency-1907-0423.jpg/770px-MapCurrency-1907-0423.jpg?20231204174308', 'https://upload.wikimedia.org/wikipedia/commons/thumb/9/9e/Monnaie_en_bronze%2C_Pont_Amisos%2C_85-65_BCE.jpg/800px-Monnaie_en_bronze%2C_Pont_Amisos%2C_85-65_BCE.jpg?20170819161439', 'https://upload.wikimedia.org/wikipedia/commons/thumb/9/9a/Monnaie_en_or%2C_Lucanie%2C_M%C3%A9taponte.jpg/800px-Monnaie_en_or%2C_Lucanie%2C_M%C3%A9taponte.jpg?20180512095223', 'https://upload.wikimedia.org/wikipedia/commons/thumb/5/5e/Mxn_currency_symbol.svg/400px-Mxn_currency_symbol.svg.png?20211105211925']",Billets de 5000.jpg,A system of money in general use in a particular country.,black-forest-labs_FLUX.1-dev,kandinsky-community_kandinsky-3,0
42580285,2302,leafs_and_no_leafs_llama,hammer.n.02,ball-peen hammer,['hand_tool.n.01'],"['awl.n.01', 'bevel.n.02', 'bodkin.n.03', 'bodkin.n.04', 'crank.n.04', 'dibble.n.01', 'file.n.04', 'float.n.05', 'graver.n.01', 'gutter.n.04', 'hand_shovel.n.01', 'marlinespike.n.01', 'miter_box.n.01', 'opener.n.03', 'pallet.n.03', 'pestle.n.03', 'pick.n.06', 'pincer.n.01', 'pipe_cutter.n.01', 'pitchfork.n.01', 'plane.n.05', 'pliers.n.01', ""plumber's_snake.n.01"", 'plunger.n.03', 'ravehook.n.01', 'sandblaster.n.01', 'saw.n.02', 'scraper.n.01', 'screwdriver.n.01', 'shovel.n.01', 'soldering_iron.n.01', 'spatula.n.02', 'spreader.n.01', 'square.n.08', 'straightedge.n.01', 'tire_iron.n.01', 'trowel.n.01', 'weeder.n.02', 'wire_stripper.n.01', 'wrench.n.03']","['https://upload.wikimedia.org/wikipedia/commons/thumb/c/c3/Buck_Knives_Hammer_%285075278861%29.jpg/800px-Buck_Knives_Hammer_%285075278861%29.jpg?20160502164840', 'https://upload.wikimedia.org/wikipedia/commons/c/cd/Ball-peen_hammer_380mm.JPG?20060905002025', 'https://upload.wikimedia.org/wikipedia/commons/thumb/5/5a/Ball-peen_Hammer.jpg/800px-Ball-peen_Hammer.jpg?20191022174746', 'https://upload.wikimedia.org/wikipedia/commons/7/75/Peen_hammers.png?20100331234224', 'https://upload.wikimedia.org/wikipedia/commons/e/ec/Hammer_ball_pane.jpg?20080514175713']",Buck Knives Hammer (5075278861).jpg,"A type of hammer with a rounded peen opposite the flat striking face, typically used in metalworking.",Tencent-Hunyuan_HunyuanDiT-v1.2-Diffusers,black-forest-labs_FLUX.1-dev,1
44295589,2306,predict_hypernym_llama,represent.v.09,draw,['re-create.v.01'],"['act.v.03', 'fictionalize.v.01', 'forge.v.02', 'model.v.05', 'perform.v.03', 'play.v.06', 'recite.v.03', 'reenact.v.01', 'regenerate.v.01', 'regenerate.v.05', 'stage.v.01']","['https://upload.wikimedia.org/wikipedia/commons/thumb/5/55/Carlsen_Giri_draw_in_Tata_Steel_Chess_2020.jpg/800px-Carlsen_Giri_draw_in_Tata_Steel_Chess_2020.jpg?20200113102948', 'https://upload.wikimedia.org/wikipedia/commons/thumb/6/6f/Chess_Draw_-_Flickr_-_aspidoscelis.jpg/800px-Chess_Draw_-_Flickr_-_aspidoscelis.jpg?20201010160854', 'https://upload.wikimedia.org/wikipedia/commons/thumb/8/8a/Near_Chess_Draw_-_Flickr_-_aspidoscelis.jpg/800px-Near_Chess_Draw_-_Flickr_-_aspidoscelis.jpg?20201010160845', 'https://upload.wikimedia.org/wikipedia/commons/4/40/Chess_Pieces_00.png?20210110200743', 'https://upload.wikimedia.org/wikipedia/commons/thumb/9/9f/Chess_Pieces_07.png/687px-Chess_Pieces_07.png?20210115150308']",Carlsen Giri draw in Tata Steel Chess 2020.jpg,a result in a contest in which neither side wins.,black-forest-labs_FLUX.1-dev,playgroundai_playground-v2.5-1024px-aesthetic,3
65145807,2310,predict_hypernym_llama,condition.n.01,congenital defect,['state.n.02'],"['action.n.02', 'being.n.01', 'cleavage.n.01', 'condition.n.03', 'conditionality.n.01', 'conflict.n.04', 'damnation.n.02', 'dead_letter.n.01', 'death.n.03', 'degree.n.02', 'dependence.n.01', 'disorder.n.03', 'dystopia.n.01', 'employment.n.01', 'end.n.06', 'enlargement.n.02', 'feeling.n.01', 'flux.n.05', 'freedom.n.01', 'grace.n.01', 'ground_state.n.01', 'heterozygosity.n.01', 'homozygosity.n.01', 'hostility.n.02', 'illumination.n.02', 'immaturity.n.01', 'imminence.n.01', 'imperfection.n.01', 'inaction.n.01', 'integrity.n.01', 'isomerism.n.01', 'kalemia.n.01', 'maturity.n.02', 'medium.n.08', 'merchantability.n.01', 'motion.n.04', 'motionlessness.n.01', 'nationhood.n.01', 'neotony.n.01', 'nonbeing.n.01', 'obligation.n.02', 'office.n.04', 'omnipotence.n.01', 'omniscience.n.01', 'order.n.03', 'ornamentation.n.01', 'ownership.n.03', 'paternity.n.01', 'perfection.n.01', 'plurality.n.01', 'polyvalence.n.01', 'polyvalence.n.02', 'readiness.n.01', 'receivership.n.01', 'relationship.n.02', 'relationship.n.03', 'representation.n.04', 'revocation.n.01', 'separation.n.01', 'situation.n.01', 'skillfulness.n.01', 'status.n.01', 'temporary_state.n.01', 'tribalism.n.01', 'turgor.n.01', 'unemployment.n.01', 'union.n.04', 'utilization.n.02', 'utopia.n.02', 'wild.n.01']","['https://upload.wikimedia.org/wikipedia/commons/thumb/5/5e/2219Boys_of_the_Philippines_with_congenital_childhood_blindness_and_amputation_birth_defect_03.jpg/800px-2219Boys_of_the_Philippines_with_congenital_childhood_blindness_and_amputation_birth_defect_03.jpg?20210212083621', 'https://upload.wikimedia.org/wikipedia/commons/thumb/b/b6/2219Boys_of_the_Philippines_with_congenital_childhood_blindness_and_amputation_birth_defect_28.jpg/800px-2219Boys_of_the_Philippines_with_congenital_childhood_blindness_and_amputation_birth_defect_28.jpg?20210212083857', 'https://upload.wikimedia.org/wikipedia/commons/thumb/6/6b/2219Boys_of_the_Philippines_with_congenital_childhood_blindness_and_amputation_birth_defect_05.jpg/800px-2219Boys_of_the_Philippines_with_congenital_childhood_blindness_and_amputation_birth_defect_05.jpg?20210212083633', 'https://upload.wikimedia.org/wikipedia/commons/thumb/2/20/2219Boys_of_the_Philippines_with_congenital_childhood_blindness_and_amputation_birth_defect_19.jpg/800px-2219Boys_of_the_Philippines_with_congenital_childhood_blindness_and_amputation_birth_defect_19.jpg?20210212083800', 'https://upload.wikimedia.org/wikipedia/commons/thumb/3/33/2219Boys_of_the_Philippines_with_congenital_childhood_blindness_and_amputation_birth_defect_18.jpg/800px-2219Boys_of_the_Philippines_with_congenital_childhood_blindness_and_amputation_birth_defect_18.jpg?20210212083751']",2219Boys of the Philippines with congenital childhood blindness and amputation birth defect 03.jpg,"a physical or biochemical abnormality that develops at or before birth and is present at the time of birth, regardless of cause.",black-forest-labs_FLUX.1-dev,stabilityai_stable-diffusion-3-medium-diffusers,1
41015844,2319,predict_hypernym_llama,person.n.01,agent,"['causal_agent.n.01', 'organism.n.01']","['agent.n.01', 'agent.n.03', 'catalyst.n.02', 'cause_of_death.n.01', 'danger.n.03', 'destiny.n.02', 'deus_ex_machina.n.01', 'engine.n.02', 'first_cause.n.01', 'nature.n.02', 'operator.n.02', 'power.n.05', 'supernatural.n.01', 'theurgy.n.01', 'vital_principle.n.01', 'aerobe.n.01', 'amphidiploid.n.01', 'anaerobe.n.01', 'animal.n.01', 'animalcule.n.01', 'atavist.n.01', 'benthos.n.02', 'carrier.n.11', 'clone.n.02', 'commensal.n.01', 'conspecific.n.01', 'denizen.n.02', 'diploid.n.01', 'dwarf.n.03', 'eukaryote.n.01', 'fungus.n.01', 'haploid.n.01', 'heteroploid.n.01', 'heterotroph.n.01', 'host.n.03', 'hybrid.n.03', 'individual.n.02', 'katharobe.n.01', 'mascot.n.01', 'microorganism.n.01', 'mutant.n.01', 'myrmecophile.n.01', 'native.n.03', 'nekton.n.01', 'nonvascular_organism.n.01', 'parasite.n.01', 'parent.n.02', 'person.n.01', 'plankton.n.01', 'plant.n.02', 'polymorph.n.01', 'polyploid.n.01', 'postdiluvian.n.01', 'prokaryote.n.01', 'recombinant.n.01', 'relative.n.02', 'relict.n.01', 'saprobe.n.01', 'saprophyte.n.01', 'sitter.n.02', 'stander.n.01', 'utterer.n.01', 'zooid.n.01']","['https://upload.wikimedia.org/wikipedia/commons/thumb/3/39/Sal_Jobe_Sports_Agent_and_Actor.jpg/450px-Sal_Jobe_Sports_Agent_and_Actor.jpg?20191124214735', 'https://upload.wikimedia.org/wikipedia/commons/thumb/9/9c/James_Bruce_Talent_Agent.jpg/626px-James_Bruce_Talent_Agent.jpg?20160307192249', 'https://upload.wikimedia.org/wikipedia/commons/thumb/3/3e/Theatrical_agent_George_Bovyer_%28SAYRE_10115%29.jpg/415px-Theatrical_agent_George_Bovyer_%28SAYRE_10115%29.jpg?20190724153916', 'https://upload.wikimedia.org/wikipedia/commons/thumb/f/fa/GV_agent_EA-5458_%28GVX%29.png/799px-GV_agent_EA-5458_%28GVX%29.png?20210501182225', 'https://upload.wikimedia.org/wikipedia/commons/thumb/2/26/Vaudeville_booking_agent_Edward_J_Fisher_%28SAYRE_810%29.jpg/380px-Vaudeville_booking_agent_Edward_J_Fisher_%28SAYRE_810%29.jpg?20190725032600']",Sal Jobe Sports Agent and Actor.jpg,"A representative or intermediary who acts on behalf of others, often in business, entertainment, or secretive operations.",black-forest-labs_FLUX.1-dev,runwayml_stable-diffusion-v1-5,3
3416363,2320,predict_hypernym_llama,performer.n.01,actor,['entertainer.n.01'],"['bombshell.n.01', 'busker.n.01', 'drawing_card.n.01', 'humorist.n.01', 'master_of_ceremonies.n.01', 'pleaser.n.01']","['https://upload.wikimedia.org/wikipedia/commons/thumb/e/ea/Chaplin_The_Kid_edit.jpg/443px-Chaplin_The_Kid_edit.jpg?20140110154020', 'https://upload.wikimedia.org/wikipedia/commons/thumb/9/97/India_-_Actors_-_0258.jpg/800px-India_-_Actors_-_0258.jpg?20130316151237', 'https://upload.wikimedia.org/wikipedia/commons/thumb/b/b5/ActorsOffSetLaughing.jpg/450px-ActorsOffSetLaughing.jpg?20050513001335', 'https://upload.wikimedia.org/wikipedia/commons/thumb/8/86/The_Ghost_Train_Patricia_Mantuano.JPG/800px-The_Ghost_Train_Patricia_Mantuano.JPG?20150504073330', 'https://upload.wikimedia.org/wikipedia/commons/thumb/a/ab/Antoine_Watteau_-_Actors_from_the_Com%C3%A9die_Fran%C3%A7aise_-_WGA25475.jpg/770px-Antoine_Watteau_-_Actors_from_the_Com%C3%A9die_Fran%C3%A7aise_-_WGA25475.jpg?20110606085642']",Chaplin The Kid edit.jpg,"a person who performs in plays, movies, or television shows, typically taking on the role of different characters.",runwayml_stable-diffusion-v1-5,black-forest-labs_FLUX.1-dev,3
1678990,2322,simple_triplet_2parent_llama,housing.n.01,trailer home,['structure.n.01'],"['airdock.n.01', 'altar.n.02', 'arcade.n.02', 'arch.n.04', 'area.n.05', 'balance.n.04', 'balcony.n.01', 'balcony.n.02', 'bascule.n.01', 'boarding.n.02', 'body.n.11', 'bridge.n.01', 'building.n.01', 'building_complex.n.01', 'catchment.n.01', 'coil.n.01', 'colonnade.n.01', 'column.n.06', 'corner.n.11', 'cross.n.01', 'deathtrap.n.01', 'defensive_structure.n.01', 'door.n.04', 'entablature.n.01', 'erection.n.02', 'establishment.n.04', 'false_bottom.n.01', 'floor.n.02', 'fountain.n.01', 'guide.n.06', 'honeycomb.n.01', 'house_of_cards.n.02', 'hull.n.06', 'jungle_gym.n.01', 'lamination.n.01', 'landing.n.02', 'lookout.n.03', 'masonry.n.01', 'memorial.n.03', 'mound.n.04', 'obstruction.n.01', 'partition.n.01', 'platform.n.04', 'porch.n.01', 'post_and_lintel.n.01', 'prefab.n.01', 'projection.n.04', 'public_works.n.01', 'sail.n.03', 'set-back.n.01', 'shelter.n.01', 'shoebox.n.01', 'signboard.n.01', 'stadium.n.01', 'superstructure.n.01', 'supporting_structure.n.01', 'tower.n.01', 'transept.n.01', 'trestlework.n.01', 'vaulting.n.01', 'ways.n.01', 'wellhead.n.02', 'wind_tunnel.n.01']","['https://upload.wikimedia.org/wikipedia/commons/thumb/b/b7/Exterior_Sectional.jpg/800px-Exterior_Sectional.jpg?20090716124528', 'https://upload.wikimedia.org/wikipedia/commons/3/32/67elcona.JPG?20060825141819', 'https://upload.wikimedia.org/wikipedia/commons/9/9f/Stacaravan.jpg?20071207133456', 'https://upload.wikimedia.org/wikipedia/commons/thumb/f/f5/Mobile_home_park.jpg/800px-Mobile_home_park.jpg?20231016024834', 'https://upload.wikimedia.org/wikipedia/commons/thumb/9/96/Latvian_beehive_trailer_II.jpg/800px-Latvian_beehive_trailer_II.jpg?20090312221335']",Exterior Sectional.jpg,"A movable dwelling built on a chassis and equipped with wheels, designed for temporary or permanent residence.",black-forest-labs_FLUX.1-dev,retrieval,0
11914464,2328,predict_hypernym_llama,plate.n.14,armor plate,['shield.n.01'],"['nipple_shield.n.01', 'shielding.n.02', 'shielding.n.03']","['https://upload.wikimedia.org/wikipedia/commons/thumb/b/b9/Abrams-transparent.png/799px-Abrams-transparent.png?20090714031558', 'https://upload.wikimedia.org/wikipedia/commons/thumb/1/16/History_of_the_manufacture_of_armor_plate_for_the_United_States_navy_%281899%29_%2814779920074%29.jpg/800px-History_of_the_manufacture_of_armor_plate_for_the_United_States_navy_%281899%29_%2814779920074%29.jpg?20160919120311', 'https://upload.wikimedia.org/wikipedia/commons/thumb/9/9d/Armor_plate_MET_ME58_31_33.jpeg/370px-Armor_plate_MET_ME58_31_33.jpeg?20170629195337', 'https://upload.wikimedia.org/wikipedia/commons/thumb/0/04/Armor_plate_MET_ME59_107_31.jpeg/403px-Armor_plate_MET_ME59_107_31.jpeg?20170629202553', 'https://upload.wikimedia.org/wikipedia/commons/thumb/8/8d/Armor_plate_MET_ME58_31_36.jpg/357px-Armor_plate_MET_ME58_31_36.jpg?20170629195337']",Abrams-transparent.png,"a strong protective covering made to prevent damage from physical impacts and projectiles, commonly used in military vehicles and body armor.",black-forest-labs_FLUX.1-dev,runwayml_stable-diffusion-v1-5,0
23424702,2345,leafs_and_no_leafs_llama,inclined_plane.n.01,block and tackle,['machine.n.04'],"['lever.n.02', 'pulley.n.01', 'wheel.n.01']","['https://upload.wikimedia.org/wikipedia/commons/thumb/8/8e/Palans.jpg/399px-Palans.jpg?20100809205024', 'https://upload.wikimedia.org/wikipedia/commons/thumb/c/ce/Blocks_and_Tackle_%28PSF%29.png/423px-Blocks_and_Tackle_%28PSF%29.png?20200104144651', 'https://upload.wikimedia.org/wikipedia/commons/thumb/3/37/Block-and-tackle-in-use.svg/548px-Block-and-tackle-in-use.svg.png?20140914141315', 'https://upload.wikimedia.org/wikipedia/commons/thumb/c/ca/Block_and_tackle_%28PSF%29.png/548px-Block_and_tackle_%28PSF%29.png?20071129203208', 'https://upload.wikimedia.org/wikipedia/commons/thumb/7/7a/Block_and_Tackle_%28PSF%29.jpg/478px-Block_and_Tackle_%28PSF%29.jpg?20070813025018']",Palans.jpg,"a system of pulleys with a rope or cable threaded between them, used to lift or pull heavy loads.",kandinsky-community_kandinsky-3,black-forest-labs_FLUX.1-dev,1
1557564,2352,predict_hypernym_llama,membrane.n.02,duct,['animal_tissue.n.01'],"['adipose_tissue.n.01', 'capillary_bed.n.01', 'cartilage.n.01', 'chalaza.n.02', 'connective_tissue.n.01', 'coronet.n.02', 'cortex.n.02', 'embryonic_tissue.n.01', 'epithelium.n.01', 'erectile_tissue.n.01', 'fibrous_tissue.n.01', 'flap.n.04', 'flesh.n.01', 'gingiva.n.01', 'graft.n.01', 'interstitial_tissue.n.01', 'lens_cortex.n.01', 'lymphatic_tissue.n.01', 'matrix.n.05', 'medulla.n.03', 'muscle.n.02', 'nervous_tissue.n.01', 'parenchyma.n.01', 'stroma.n.03']","['https://upload.wikimedia.org/wikipedia/commons/thumb/a/a7/Ultrasound_of_diated_common_bile_duct_and_intrahepatic_ducts_due_to_gallstone_obstruction.png/800px-Ultrasound_of_diated_common_bile_duct_and_intrahepatic_ducts_due_to_gallstone_obstruction.png?20220112064258', 'https://upload.wikimedia.org/wikipedia/commons/thumb/a/ae/Location_of_common_bile_duct_as_seen_on_ultrasound_abdomen.png/800px-Location_of_common_bile_duct_as_seen_on_ultrasound_abdomen.png?20230102042716', 'https://upload.wikimedia.org/wikipedia/commons/3/37/Bile_duct_formation..jpg?20130405185408', 'https://upload.wikimedia.org/wikipedia/commons/thumb/7/7a/Histopathology_of_a_bile_duct_hamartoma%2C_high_magnification.jpg/800px-Histopathology_of_a_bile_duct_hamartoma%2C_high_magnification.jpg?20210514220356', 'https://upload.wikimedia.org/wikipedia/commons/thumb/9/94/Histopathology_of_a_bile_duct_hamartoma%2C_low_magnification.jpg/672px-Histopathology_of_a_bile_duct_hamartoma%2C_low_magnification.jpg?20210514220356']",Ultrasound of diated common bile duct and intrahepatic ducts due to gallstone obstruction.png,"a passage or tube for conveying substances such as air, liquid, or gas from one area to another.",black-forest-labs_FLUX.1-dev,playgroundai_playground-v2.5-1024px-aesthetic,1
25038436,2355,predict_hypernym_llama,solid.n.01,glass,['matter.n.03'],"['antimatter.n.01', 'dark_matter.n.01', 'emanation.n.01', 'fluid.n.02', 'glop.n.01', 'residue.n.01', 'sediment.n.01', 'sludge.n.02', 'solute.n.01', 'substance.n.01', 'substance.n.07', 'system.n.03', 'vegetable_matter.n.01', 'ylem.n.01']","['https://upload.wikimedia.org/wikipedia/commons/thumb/c/c2/Colorful_bottle.jpg/800px-Colorful_bottle.jpg?20050705092031', 'https://upload.wikimedia.org/wikipedia/commons/thumb/8/8a/Glass_Beach_Fort_Bragg_2.jpg/800px-Glass_Beach_Fort_Bragg_2.jpg?20080325185421', 'https://upload.wikimedia.org/wikipedia/commons/thumb/4/43/Fassade_Wilhelmstrasse_65%2C_Berlin-Mitte%2C_160417%2C_ako.jpg/800px-Fassade_Wilhelmstrasse_65%2C_Berlin-Mitte%2C_160417%2C_ako.jpg?20160419050516', 'https://upload.wikimedia.org/wikipedia/commons/thumb/f/f9/Life_Saint-Austremoine_Issoire_bottom_n2.jpg/611px-Life_Saint-Austremoine_Issoire_bottom_n2.jpg?20061208095211', 'https://upload.wikimedia.org/wikipedia/commons/thumb/c/cf/Sunlight_on_the_curved_honeycomb_glass_fa%C3%A7ade_of_the_hotel_Andaz_mixed_with_interior_lighting_at_sunset_in_Singapore.jpg/750px-Sunlight_on_the_curved_honeycomb_glass_fa%C3%A7ade_of_the_hotel_Andaz_mixed_with_interior_lighting_at_sunset_in_Singapore.jpg?20181221020957']",Colorful bottle.jpg,"A hard, brittle substance usually transparent or translucent, made by fusing sand with soda, lime, and sometimes other materials, used commonly in windows and containers.",black-forest-labs_FLUX.1-dev,retrieval,0
73963841,2359,leafs_and_no_leafs_llama,plain.n.01,alpine,['land.n.04'],"['archipelago.n.01', 'beachfront.n.01', 'cape.n.01', 'coastal_plain.n.01', 'floor.n.04', 'foreland.n.02', 'forest.n.02', 'island.n.01', 'isthmus.n.01', 'landmass.n.01', 'mainland.n.01', 'neck.n.02', 'oxbow.n.01', 'peninsula.n.01', 'slash.n.02', 'wonderland.n.01']","['https://upload.wikimedia.org/wikipedia/commons/thumb/b/b8/City_of_Alpine_and_County_Seat_of_Brewster_County%2C_State_of_Texas%2C_United_States_%28April_2004%29.jpg/800px-City_of_Alpine_and_County_Seat_of_Brewster_County%2C_State_of_Texas%2C_United_States_%28April_2004%29.jpg?20150928015901', 'https://upload.wikimedia.org/wikipedia/commons/thumb/0/07/Alpine%2C_Texas_from_atop_Hancock_Hill.JPG/800px-Alpine%2C_Texas_from_atop_Hancock_Hill.JPG?20171116022531', 'https://upload.wikimedia.org/wikipedia/commons/thumb/1/15/Ladders_in_Alpine_Texas_2002.JPG/800px-Ladders_in_Alpine_Texas_2002.JPG?20140611065833', 'https://upload.wikimedia.org/wikipedia/commons/thumb/d/d1/Lunch_time_on_the_Range%2C_Alpine%2C_Texas_%2826173436811%29.jpg/800px-Lunch_time_on_the_Range%2C_Alpine%2C_Texas_%2826173436811%29.jpg?20160915124400', 'https://upload.wikimedia.org/wikipedia/commons/thumb/1/12/Alpine-A110-Berlinette-arriere.jpg/800px-Alpine-A110-Berlinette-arriere.jpg?20180423214148']","City of Alpine and County Seat of Brewster County, State of Texas, United States (April 2004).jpg","pertaining to high mountains, specifically the Alps, often used to describe the related environments and ecosystems.",black-forest-labs_FLUX.1-dev,Tencent-Hunyuan_HunyuanDiT-v1.2-Diffusers,0
10024569,2360,predict_hypernym_llama,artifact.n.01,block,['whole.n.02'],"['assembly.n.05', 'congener.n.03', 'item.n.03', 'living_thing.n.01', 'natural_object.n.01', 'sum.n.05']","['https://upload.wikimedia.org/wikipedia/commons/thumb/e/e9/Four_pulleys.svg/800px-Four_pulleys.svg.png?20080914195725', 'https://upload.wikimedia.org/wikipedia/commons/thumb/3/34/Hamburg%2C_Speicherstadt%2C_Block_P_--_2016_--_3330-6.jpg/800px-Hamburg%2C_Speicherstadt%2C_Block_P_--_2016_--_3330-6.jpg?20170108160811', 'https://upload.wikimedia.org/wikipedia/commons/thumb/b/b2/Centre_Block_-_Parliament_Hill.jpg/798px-Centre_Block_-_Parliament_Hill.jpg?20140124035213', 'https://upload.wikimedia.org/wikipedia/commons/thumb/c/c1/Block_on_inclined_plane_with_pulley_and_suspended_weight.svg/375px-Block_on_inclined_plane_with_pulley_and_suspended_weight.svg.png?20220706231839', 'https://upload.wikimedia.org/wikipedia/commons/thumb/9/9d/Francis_Hopkinson_Spring-Block_1793.png/450px-Francis_Hopkinson_Spring-Block_1793.png?20191029143359']",Four pulleys.svg,an obstruction or impediment to movement or progress.,kandinsky-community_kandinsky-3,black-forest-labs_FLUX.1-dev,1
46042889,2375,predict_hypernym_llama,time_period.n.01,time off,['fundamental_quantity.n.01'],"['length.n.01', 'mass.n.01', 'temperature.n.01']","['https://upload.wikimedia.org/wikipedia/commons/thumb/2/29/OECD_time_off_for_fulltime_woker.svg/765px-OECD_time_off_for_fulltime_woker.svg.png?20200413130234', 'https://upload.wikimedia.org/wikipedia/commons/thumb/3/3f/Time_off_allocate_in_OECD.svg/800px-Time_off_allocate_in_OECD.svg.png?20220914113611', 'https://upload.wikimedia.org/wikipedia/commons/thumb/3/3e/Time_Off_-_geograph.org.uk_-_3537693.jpg/441px-Time_Off_-_geograph.org.uk_-_3537693.jpg?20220518151001', 'https://upload.wikimedia.org/wikipedia/commons/thumb/5/54/Knocking_off_time_-_geograph.org.uk_-_2824425.jpg/800px-Knocking_off_time_-_geograph.org.uk_-_2824425.jpg?20211204083658', 'https://upload.wikimedia.org/wikipedia/commons/0/04/Cooling_off_time._-_geograph.org.uk_-_1994756.jpg?20210514054616']",OECD time off for fulltime woker.svg,"A period during which work, duties, or activities are suspended or reduced, typically used for rest or recreation.",prompthero_openjourney,black-forest-labs_FLUX.1-dev,1
55819553,2377,simple_triplet_2parent_llama,noble_metal.n.01,silver,['metallic_element.n.01'],"['alkali_metal.n.01', 'alkaline_earth.n.01', 'aluminum.n.01', 'americium.n.01', 'antimony.n.01', 'barium.n.01', 'base_metal.n.01', 'berkelium.n.01', 'beryllium.n.01', 'bismuth.n.01', 'cadmium.n.01', 'calcium.n.01', 'californium.n.01', 'cerium.n.01', 'cesium.n.01', 'chromium.n.01', 'cobalt.n.01', 'copper.n.01', 'curium.n.01', 'dysprosium.n.01', 'einsteinium.n.01', 'erbium.n.01', 'europium.n.01', 'fermium.n.01', 'francium.n.01', 'gadolinium.n.01', 'gallium.n.01', 'hafnium.n.01', 'heavy_metal.n.01', 'holmium.n.01', 'indium.n.01', 'iridium.n.01', 'iron.n.01', 'lanthanum.n.01', 'lead.n.02', 'lithium.n.01', 'lutetium.n.01', 'magnesium.n.01', 'manganese.n.01', 'mercury.n.01', 'molybdenum.n.01', 'neodymium.n.01', 'neptunium.n.01', 'nickel.n.01', 'niobium.n.01', 'osmium.n.01', 'palladium.n.01', 'polonium.n.01', 'potassium.n.01', 'praseodymium.n.01', 'promethium.n.01', 'protactinium.n.01', 'radium.n.01', 'rhenium.n.01', 'rhodium.n.01', 'rubidium.n.01', 'ruthenium.n.01', 'samarium.n.01', 'scandium.n.01', 'sodium.n.01', 'strontium.n.01', 'tantalum.n.01', 'technetium.n.01', 'terbium.n.01', 'thallium.n.01', 'thorium.n.01', 'thulium.n.01', 'tin.n.01', 'titanium.n.01', 'tungsten.n.01', 'uranium.n.01', 'vanadium.n.01', 'ytterbium.n.01', 'yttrium.n.01', 'zinc.n.01', 'zirconium.n.01']","['https://upload.wikimedia.org/wikipedia/commons/thumb/5/55/Silver_crystal.jpg/765px-Silver_crystal.jpg?20090726191728', 'https://upload.wikimedia.org/wikipedia/commons/thumb/a/a0/Silver_Target_in_XPS_Spectrometer.jpg/800px-Silver_Target_in_XPS_Spectrometer.jpg?20110530165226', 'https://upload.wikimedia.org/wikipedia/commons/f/f1/Ag%2C47.jpg?20050123193252', 'https://upload.wikimedia.org/wikipedia/commons/6/64/SilverUSGOV.jpg?20050827044041', 'https://upload.wikimedia.org/wikipedia/commons/thumb/d/d7/Silver_square.svg/350px-Silver_square.svg.png?20160910002033']",Silver crystal.jpg,"Silver is a chemical element with the symbol Ag and atomic number 47, known for its shiny, white metallic luster and high thermal and electrical conductivity.",black-forest-labs_FLUX.1-dev,stabilityai_stable-diffusion-3-medium-diffusers,0
81435593,2379,leafs_and_no_leafs_llama,worm.n.01,nematode,['invertebrate.n.01'],"['arthropod.n.01', 'brachiopod.n.01', 'bryozoan.n.01', 'coelenterate.n.01', 'ctenophore.n.01', 'echinoderm.n.01', 'ectoproct.n.01', 'entoproct.n.01', 'mollusk.n.01', 'peanut_worm.n.01', 'phoronid.n.01', 'rotifer.n.01', 'sponge.n.04', 'symbion_pandora.n.01', 'woodborer.n.01', 'zoophyte.n.01']","['https://upload.wikimedia.org/wikipedia/commons/thumb/4/4b/C_elegans_male.svg/375px-C_elegans_male.svg.png?20170828220827', 'https://upload.wikimedia.org/wikipedia/commons/thumb/2/28/Soybean_cyst_nematode_and_egg_SEM.jpg/729px-Soybean_cyst_nematode_and_egg_SEM.jpg?20060725000019', 'https://upload.wikimedia.org/wikipedia/commons/thumb/4/43/Varbuss.jpg/800px-Varbuss.jpg?20110921230956', 'https://upload.wikimedia.org/wikipedia/commons/f/fb/Roundworm.jpg?20051017023937', 'https://upload.wikimedia.org/wikipedia/commons/6/6a/CelegansGoldsteinLabUNC.jpg?20090516202140']",C elegans male.svg,"A nematode is a type of unsegmented worm belonging to the phylum Nematoda, commonly found in soil and water or as parasites of plants and animals.",runwayml_stable-diffusion-v1-5,black-forest-labs_FLUX.1-dev,1
29383339,2384,predict_hypernym_llama,spermatophyte.n.01,gymnosperm,['vascular_plant.n.01'],"['aquatic_plant.n.01', 'bulbous_plant.n.01', 'cormous_plant.n.01', 'creeper.n.01', 'cultivar.n.01', 'cultivated_plant.n.01', 'deciduous_plant.n.01', 'desert_plant.n.01', 'evergreen.n.01', 'geophyte.n.01', 'halophyte.n.01', 'herb.n.01', 'mesophyte.n.01', 'psilophyte.n.01', 'psilophyton.n.01', 'pteridophyte.n.01', 'succulent.n.01', 'tuberous_plant.n.01', 'vine.n.01', 'weed.n.01', 'woody_plant.n.01']","['https://upload.wikimedia.org/wikipedia/commons/thumb/9/9c/Fichtennadel.jpg/512px-Fichtennadel.jpg?20061115111958', 'https://upload.wikimedia.org/wikipedia/commons/thumb/4/40/Gymnospermae.jpg/791px-Gymnospermae.jpg?20140719122328', 'https://upload.wikimedia.org/wikipedia/commons/thumb/7/7e/Gymnosperm_seed_fossil_2.jpg/800px-Gymnosperm_seed_fossil_2.jpg?20190903062538', 'https://upload.wikimedia.org/wikipedia/commons/thumb/2/2a/Gymnosperm_seed_fossil_1.jpg/800px-Gymnosperm_seed_fossil_1.jpg?20190903062535', 'https://upload.wikimedia.org/wikipedia/commons/thumb/1/1e/Araucaria_araucana_ArboretumMT_2.jpg/450px-Araucaria_araucana_ArboretumMT_2.jpg?20061204192340']",Fichtennadel.jpg,"Gymnosperm refers to a group of seed-producing plants that includes conifers, cycads, ginkgo, and gnetophytes, whose seeds are not enclosed by a mature ovary or fruit.",stabilityai_sdxl-turbo,black-forest-labs_FLUX.1-dev,1
49808082,2397,predict_hypernym_llama,chemical.n.01,pesticide,['material.n.01'],"['abrasive.n.01', 'adhesive_material.n.01', 'aggregate.n.02', 'ammunition.n.02', 'animal_material.n.01', 'atom.n.02', 'ballast.n.01', 'bedding_material.n.01', 'bimetal.n.01', 'builder.n.01', 'coloring_material.n.01', 'composite_material.n.01', 'conductor.n.02', 'contaminant.n.01', 'detritus.n.02', 'diamagnet.n.01', 'discharge.n.03', 'dust.n.03', 'earth.n.02', 'elastomer.n.01', 'fiber.n.01', 'filling.n.01', 'floccule.n.01', 'fluff.n.01', 'foam.n.02', 'hazmat.n.01', 'homogenate.n.01', 'humate.n.01', 'impregnation.n.01', 'insulator.n.01', 'mineral.n.01', 'packing_material.n.01', 'paper.n.01', 'particulate.n.01', 'plant_material.n.01', 'precursor.n.01', 'radioactive_material.n.01', 'raw_material.n.01', 'rind.n.01', 'rock.n.02', 'sealing_material.n.01', 'sorbate.n.01', 'sorbent.n.01', 'thickening.n.01', 'toner.n.02', 'transparent_substance.n.01', 'undercut.n.01', 'vernix.n.01', 'wad.n.01', 'waste.n.01']","['https://upload.wikimedia.org/wikipedia/commons/thumb/5/5e/Cropduster_spraying_pesticides.jpg/405px-Cropduster_spraying_pesticides.jpg?20080410104218', 'https://upload.wikimedia.org/wikipedia/commons/thumb/d/de/412_DSP_Pesticide_010_-_DPLA_-_999aef58d8e73b263c95a3d39578fcd3.jpg/800px-412_DSP_Pesticide_010_-_DPLA_-_999aef58d8e73b263c95a3d39578fcd3.jpg?20201122085612', 'https://upload.wikimedia.org/wikipedia/commons/thumb/7/71/Pathways_of_pesticide_movement_in_the_hydrologic_cycle.png/771px-Pathways_of_pesticide_movement_in_the_hydrologic_cycle.png?20190511195849', 'https://upload.wikimedia.org/wikipedia/commons/7/71/Eerie_caution_sign_about_use_of_pesticides.jpg?20231004193734', 'https://upload.wikimedia.org/wikipedia/commons/thumb/a/a9/Pesticidi_classificati_EPA.png/800px-Pesticidi_classificati_EPA.png?20211017205741']",Cropduster spraying pesticides.jpg,Pesticide is a substance used for destroying insects or other organisms harmful to cultivated plants or to animals.,retrieval,black-forest-labs_FLUX.1-dev,1
65960228,2405,predict_hypernym_llama,artifact.n.01,toy gun,['whole.n.02'],"['assembly.n.05', 'congener.n.03', 'item.n.03', 'living_thing.n.01', 'natural_object.n.01', 'sum.n.05']","['https://upload.wikimedia.org/wikipedia/commons/thumb/0/0a/A_toy_gun_at_Llanddwyn_beach.jpg/800px-A_toy_gun_at_Llanddwyn_beach.jpg?20221005050641', 'https://upload.wikimedia.org/wikipedia/commons/thumb/5/54/Wooden_toy_gun_%283395810227%29.jpg/800px-Wooden_toy_gun_%283395810227%29.jpg?20220601185535', 'https://upload.wikimedia.org/wikipedia/commons/thumb/d/da/Toy_Guns_in_Pile.jpg/400px-Toy_Guns_in_Pile.jpg?20201031180447', 'https://upload.wikimedia.org/wikipedia/commons/thumb/f/f8/Toy_gun_%28AM_1996.165.61%29.jpg/800px-Toy_gun_%28AM_1996.165.61%29.jpg?20180120113454', 'https://upload.wikimedia.org/wikipedia/commons/thumb/5/57/Adventure_Force_Toy_Gun.jpg/450px-Adventure_Force_Toy_Gun.jpg?20201108005643']",A toy gun at Llanddwyn beach.jpg,"a replica or imitation gun intended for play or recreational use, especially by children.",black-forest-labs_FLUX.1-dev,stabilityai_stable-diffusion-3-medium-diffusers,0
97662732,2409,predict_hypernym_llama,address.n.03,sermon,['speech_act.n.01'],"['affirmation.n.02', 'agreement.n.06', 'boast.n.01', 'challenge.n.02', 'citation.n.02', 'command.n.01', 'congratulation.n.01', 'denial.n.01', 'denunciation.n.01', 'description.n.02', 'disagreement.n.03', 'disclosure.n.01', 'explanation.n.03', 'informing.n.02', 'naming.n.01', 'objection.n.02', 'offer.n.01', 'promise.n.01', 'proposal.n.03', 'rejection.n.04', 'reply.n.02', 'request.n.02', 'resignation.n.02', 'slander.n.01']","['https://upload.wikimedia.org/wikipedia/commons/thumb/3/39/Knox_Window.jpg/796px-Knox_Window.jpg?20190922202406', 'https://upload.wikimedia.org/wikipedia/commons/thumb/e/ee/Urtasun-Lakidain_anaien_predikua._Diez_de_Ulzurrun_Sagal%C3%A0_familiaren_funts_pribatua%2C_DUSAT-004.jpg/800px-Urtasun-Lakidain_anaien_predikua._Diez_de_Ulzurrun_Sagal%C3%A0_familiaren_funts_pribatua%2C_DUSAT-004.jpg?20230801081643', 'https://upload.wikimedia.org/wikipedia/commons/thumb/c/cc/2022-12-24_Auf_der_Kanzel_der_Marktkirche_von_Hannover%2C_Landesbischof_Ralf_Meister.jpg/337px-2022-12-24_Auf_der_Kanzel_der_Marktkirche_von_Hannover%2C_Landesbischof_Ralf_Meister.jpg?20221224180500', 'https://upload.wikimedia.org/wikipedia/commons/thumb/3/3e/L%C3%B6scher_-_Predigt_zur_Einweihung_der_Dresdner_Frauenkirche.jpg/448px-L%C3%B6scher_-_Predigt_zur_Einweihung_der_Dresdner_Frauenkirche.jpg?20200525171248', 'https://upload.wikimedia.org/wikipedia/commons/thumb/4/42/Jain_Nun_Sermon.jpg/800px-Jain_Nun_Sermon.jpg?20200213113159']",Knox Window.jpg,"a speech given from a pulpit in a house of worship that is intended to provide religious instruction, encouragement, or admonition.",black-forest-labs_FLUX.1-dev,DeepFloyd_IF-I-XL-v1.0,0
61635816,2431,predict_hypernym_llama,spirit.n.04,spirit,['spiritual_being.n.01'],"['angel.n.01', 'deity.n.01', 'eon.n.03', 'fairy.n.01', 'trickster.n.03']","['https://upload.wikimedia.org/wikipedia/commons/thumb/4/47/B-2_Spirit_original.jpg/800px-B-2_Spirit_original.jpg?20070220153212', 'https://upload.wikimedia.org/wikipedia/commons/thumb/e/ec/B-2_Spirit_%28cropped%29.jpg/800px-B-2_Spirit_%28cropped%29.jpg?20180802003623', 'https://upload.wikimedia.org/wikipedia/commons/thumb/6/69/MarsSunset.jpg/779px-MarsSunset.jpg?20050825073709', 'https://upload.wikimedia.org/wikipedia/commons/thumb/f/f9/MarsPanoramaa.jpg/800px-MarsPanoramaa.jpg?20080301064028', 'https://upload.wikimedia.org/wikipedia/commons/thumb/8/89/Spirit%27s_West_Valley_Panorama_%28PIA10216%29.jpg/800px-Spirit%27s_West_Valley_Panorama_%28PIA10216%29.jpg?20080229055844']",B-2 Spirit original.jpg,a nonphysical part of a person which is the seat of emotions and character; often regarded as synonymous with the soul.,stabilityai_stable-diffusion-3-medium-diffusers,black-forest-labs_FLUX.1-dev,1
18845198,2432,predict_hypernym_llama,adult.n.01,celebrity,['person.n.01'],"['abator.n.01', 'abjurer.n.01', 'abomination.n.01', 'abstainer.n.02', 'achiever.n.01', 'acquaintance.n.03', 'acquirer.n.01', 'active.n.03', 'actor.n.02', 'adjudicator.n.01', 'admirer.n.02', 'adoptee.n.01', 'adventurer.n.01', 'adversary.n.01', 'advisee.n.01', 'advocate.n.01', 'affiant.n.01', 'african.n.01', 'agnostic.n.01', 'amateur.n.01', 'amerindian.n.01', 'ancient.n.02', 'anomaly.n.02', 'anti-american.n.01', 'anti.n.01', 'applicant.n.01', 'appointee.n.02', 'appreciator.n.01', 'apprehender.n.02', 'aquarius.n.01', 'archaist.n.01', 'aries.n.01', 'arrogator.n.01', 'assessee.n.01', 'asthmatic.n.01', 'authority.n.02', 'autodidact.n.01', 'baby_boomer.n.01', 'baby_buster.n.01', 'bad_guy.n.01', 'bad_person.n.01', 'baldhead.n.01', 'balker.n.01', 'bather.n.02', 'beard.n.03', 'bedfellow.n.02', 'bereaved.n.01', 'best.n.02', 'birth.n.05', 'biter.n.01', 'black.n.05', 'blogger.n.01', 'blond.n.01', 'bluecoat.n.01', 'bodybuilder.n.01', 'bomber.n.02', 'brunet.n.01', 'bullfighter.n.01', 'buster.n.04', 'cancer.n.02', 'candidate.n.02', 'capitalist.n.02', 'capricorn.n.01', 'captor.n.01', 'case.n.06', 'cashier.n.02', 'celebrant.n.01', 'censor.n.01', 'chameleon.n.01', 'changer.n.01', 'charmer.n.02', 'child.n.03', 'chutzpanik.n.01', 'closer.n.01', 'clumsy_person.n.01', 'collector.n.01', 'color-blind_person.n.01', 'combatant.n.01', 'commoner.n.01', 'communicator.n.01', 'complexifier.n.01', 'compulsive.n.01', 'computer_user.n.01', 'contemplative.n.01', 'contestant.n.01', 'convert.n.01', 'copycat.n.01', 'counter.n.05', 'counterterrorist.n.01', 'coward.n.01', 'crawler.n.02', 'creator.n.02', 'creature.n.02', 'creditor.n.01', 'cripple.n.01', 'dancer.n.02', 'dead_person.n.01', 'deaf_person.n.01', 'debaser.n.01', 'debtor.n.01', 'defecator.n.01', 'delayer.n.01', 'deliverer.n.04', 'demander.n.01', 'dieter.n.01', 'differentiator.n.01', 'disentangler.n.01', 'disputant.n.01', 'dissenter.n.01', 'divider.n.02', 'domestic_partner.n.01', 'double.n.03', 'dresser.n.02', 'dribbler.n.02', 'drug_user.n.01', 'dyslectic.n.01', 'ectomorph.n.01', 'effecter.n.01', 'elizabethan.n.01', 'emotional_person.n.01', 'endomorph.n.01', 'engineer.n.01', 'enjoyer.n.01', 'enrollee.n.01', 'entertainer.n.01', 'ethnic.n.01', 'experimenter.n.02', 'expert.n.01', 'explorer.n.01', 'extrovert.n.01', 'face.n.05', 'faddist.n.01', 'faller.n.02', 'fastener.n.01', 'female.n.02', 'fiduciary.n.01', 'first-rater.n.01', 'follower.n.01', 'free_agent.n.02', 'friend.n.01', 'fugitive.n.01', 'gainer.n.01', 'gainer.n.02', 'gambler.n.01', 'gatekeeper.n.01', 'gatherer.n.01', 'gemini.n.01', 'gentile.n.02', 'good_guy.n.01', 'good_person.n.01', 'granter.n.01', 'greeter.n.01', 'grinner.n.01', 'groaner.n.01', 'grunter.n.01', 'guesser.n.01', 'handicapped_person.n.01', 'hater.n.01', 'heterosexual.n.01', 'homosexual.n.01', 'homunculus.n.02', 'hope.n.04', 'hoper.n.01', 'huddler.n.02', 'hugger.n.01', 'immune.n.01', 'individualist.n.01', 'inhabitant.n.01', 'innocent.n.01', 'insured.n.01', 'intellectual.n.01', 'interpreter.n.02', 'introvert.n.01', 'jat.n.01', 'jew.n.01', 'jewel.n.02', 'jumper.n.01', 'junior.n.03', 'juvenile.n.01', 'killer.n.01', 'kink.n.03', 'kneeler.n.01', 'knocker.n.02', 'knower.n.01', 'large_person.n.01', 'latin.n.03', 'laugher.n.01', 'leader.n.01', 'learner.n.01', 'left-hander.n.02', 'leo.n.01', 'libra.n.01', 'life.n.08', 'lightning_rod.n.01', 'linguist.n.02', 'literate.n.01', 'liver.n.03', 'longer.n.01', 'loose_cannon.n.01', 'loved_one.n.01', 'lover.n.01', 'machine.n.02', 'mailer.n.02', 'malcontent.n.01', 'male.n.02', 'man.n.03', 'man_jack.n.01', 'manipulator.n.02', 'married.n.01', 'masturbator.n.01', 'measurer.n.01', 'mesomorph.n.01', 'mestizo.n.01', 'middlebrow.n.01', 'miracle_man.n.01', 'misogamist.n.01', 'mixed-blood.n.01', 'modern.n.01', 'money_handler.n.01', 'monolingual.n.01', 'mother_hen.n.01', 'mouse.n.03', 'mutilator.n.01', 'namer.n.01', 'namesake.n.01', 'national.n.01', 'native.n.01', 'native.n.02', 'neglecter.n.01', 'neighbor.n.01', 'neutral.n.01', 'nondescript.n.01', 'nonmember.n.01', 'nonparticipant.n.01', 'nonpartisan.n.01', 'nonperson.n.01', 'nonreligious_person.n.01', 'nonresident.n.01', 'nonsmoker.n.01', 'nonworker.n.01', 'nude.n.03', 'nurser.n.01', 'occultist.n.01', 'optimist.n.01', 'orphan.n.02', 'ostrich.n.01', 'ouster.n.01', 'outcaste.n.01', 'outdoorsman.n.01', 'owner.n.02', 'pamperer.n.01', 'pansexual.n.01', 'pardoner.n.01', 'partner.n.03', 'party.n.05', 'passer.n.02', 'peer.n.01', 'perceiver.n.01', 'percher.n.01', 'person_of_color.n.01', 'personage.n.01', 'personification.n.01', 'perspirer.n.01', 'philosopher.n.02', 'picker.n.01', 'pisces.n.02', 'pisser.n.01', 'planner.n.01', 'player.n.04', 'posturer.n.01', 'powderer.n.01', 'precursor.n.02', 'preserver.n.03', 'primitive.n.01', 'propositus.n.01', 'public_relations_person.n.01', 'pursuer.n.02', 'pussycat.n.01', 'quarter.n.11', 'quitter.n.01', 'radical.n.03', 'realist.n.02', 'rectifier.n.02', 'redhead.n.01', 'registrant.n.01', 'relative.n.01', 'reliever.n.02', 'religious_person.n.01', 'repeater.n.01', 'rescuer.n.02', 'rester.n.01', 'restrainer.n.02', 'revenant.n.01', 'rich_person.n.01', 'right-hander.n.02', 'riser.n.01', 'romper.n.01', 'roundhead.n.01', 'ruler.n.01', 'rusher.n.03', 'sagittarius.n.01', 'scientist.n.01', 'scorpio.n.01', 'scratcher.n.02', 'second-rater.n.01', 'seeder.n.01', 'seeker.n.01', 'segregate.n.01', 'self.n.02', 'sensualist.n.01', 'sentimentalist.n.01', 'sex_object.n.01', 'sex_symbol.n.01', 'shaker.n.01', 'showman.n.01', 'signer.n.02', 'simpleton.n.01', 'six-footer.n.01', 'skidder.n.01', 'slav.n.01', 'slave.n.01', 'slave.n.03', 'sleepyhead.n.01', 'sloucher.n.01', 'small_person.n.01', 'smasher.n.01', 'smiler.n.01', 'sneezer.n.01', 'sniffer.n.01', 'sniffler.n.01', 'snuffer.n.02', 'snuffler.n.01', 'socializer.n.01', 'sort.n.03', 'sounding_board.n.01', 'sphinx.n.01', 'spitter.n.01', 'sport.n.04', 'sprawler.n.01', 'spurner.n.01', 'squinter.n.01', 'stifler.n.01', 'stigmatic.n.01', 'stooper.n.02', 'stranger.n.02', 'struggler.n.01', 'subject.n.06', 'supernumerary.n.01', 'surrenderer.n.01', 'survivalist.n.01', 'survivor.n.02', 'suspect.n.01', 'tagger.n.01', 'tagger.n.02', 'tapper.n.02', 'taurus.n.02', 'tempter.n.01', 'termer.n.01', 'terror.n.02', 'testator.n.01', 'thin_person.n.01', 'third-rater.n.01', 'thrower.n.02', 'tiger.n.01', 'totemist.n.01', 'toucher.n.01', 'transfer.n.02', 'transsexual.n.02', 'transvestite.n.01', 'traveler.n.01', 'trier.n.02', 'turner.n.07', 'tyrant.n.03', 'undoer.n.02', 'unfortunate.n.01', 'unskilled_person.n.01', 'unwelcome_person.n.01', 'user.n.01', 'vanisher.n.01', 'victim.n.02', 'victorian.n.01', 'virgo.n.01', 'visionary.n.01', 'visually_impaired_person.n.01', 'waiter.n.02', 'waker.n.02', 'walk-in.n.01', 'wanter.n.01', 'ward.n.01', 'warrior.n.01', 'watcher.n.03', 'weakling.n.01', 'weasel.n.01', 'white.n.01', 'wiggler.n.01', 'winker.n.01', 'withholder.n.01', 'witness.n.05', 'worker.n.01', 'worldling.n.01', 'yawner.n.01']","['https://upload.wikimedia.org/wikipedia/commons/thumb/0/05/Celebrity_Summit-DSC_0134w.jpg/800px-Celebrity_Summit-DSC_0134w.jpg?20131127193705', 'https://upload.wikimedia.org/wikipedia/commons/thumb/5/5f/Brad_Pitt%2C_Margot_Robbie%2C_and_Leonardo_DiCaprio_2019_by_Glenn_Francis.jpg/750px-Brad_Pitt%2C_Margot_Robbie%2C_and_Leonardo_DiCaprio_2019_by_Glenn_Francis.jpg?20191025045844', 'https://upload.wikimedia.org/wikipedia/commons/thumb/2/24/Tom_Cruise_by_Gage_Skidmore.jpg/504px-Tom_Cruise_by_Gage_Skidmore.jpg?20130726112641', 'https://upload.wikimedia.org/wikipedia/commons/0/0c/Cartoon-glbt-95--First_world_celebrity_charitable_causes.jpg?20210930010107']",Celebrity Summit-DSC 0134w.jpg,"Celebrity refers to a person who is widely recognized in society, typically due to their achievements in fields such as entertainment, sports, or other public arenas.",playgroundai_playground-v2.5-1024px-aesthetic,black-forest-labs_FLUX.1-dev,0
69489691,2434,leafs_and_no_leafs_llama,white.n.01,albino,['person.n.01'],"['abator.n.01', 'abjurer.n.01', 'abomination.n.01', 'abstainer.n.02', 'achiever.n.01', 'acquaintance.n.03', 'acquirer.n.01', 'active.n.03', 'actor.n.02', 'adjudicator.n.01', 'admirer.n.02', 'adoptee.n.01', 'adult.n.01', 'adventurer.n.01', 'adversary.n.01', 'advisee.n.01', 'advocate.n.01', 'affiant.n.01', 'african.n.01', 'agnostic.n.01', 'amateur.n.01', 'amerindian.n.01', 'ancient.n.02', 'anomaly.n.02', 'anti-american.n.01', 'anti.n.01', 'applicant.n.01', 'appointee.n.02', 'appreciator.n.01', 'apprehender.n.02', 'aquarius.n.01', 'archaist.n.01', 'aries.n.01', 'arrogator.n.01', 'assessee.n.01', 'asthmatic.n.01', 'authority.n.02', 'autodidact.n.01', 'baby_boomer.n.01', 'baby_buster.n.01', 'bad_guy.n.01', 'bad_person.n.01', 'baldhead.n.01', 'balker.n.01', 'bather.n.02', 'beard.n.03', 'bedfellow.n.02', 'bereaved.n.01', 'best.n.02', 'birth.n.05', 'biter.n.01', 'black.n.05', 'blogger.n.01', 'blond.n.01', 'bluecoat.n.01', 'bodybuilder.n.01', 'bomber.n.02', 'brunet.n.01', 'bullfighter.n.01', 'buster.n.04', 'cancer.n.02', 'candidate.n.02', 'capitalist.n.02', 'capricorn.n.01', 'captor.n.01', 'case.n.06', 'cashier.n.02', 'celebrant.n.01', 'censor.n.01', 'chameleon.n.01', 'changer.n.01', 'charmer.n.02', 'child.n.03', 'chutzpanik.n.01', 'closer.n.01', 'clumsy_person.n.01', 'collector.n.01', 'color-blind_person.n.01', 'combatant.n.01', 'commoner.n.01', 'communicator.n.01', 'complexifier.n.01', 'compulsive.n.01', 'computer_user.n.01', 'contemplative.n.01', 'contestant.n.01', 'convert.n.01', 'copycat.n.01', 'counter.n.05', 'counterterrorist.n.01', 'coward.n.01', 'crawler.n.02', 'creator.n.02', 'creature.n.02', 'creditor.n.01', 'cripple.n.01', 'dancer.n.02', 'dead_person.n.01', 'deaf_person.n.01', 'debaser.n.01', 'debtor.n.01', 'defecator.n.01', 'delayer.n.01', 'deliverer.n.04', 'demander.n.01', 'dieter.n.01', 'differentiator.n.01', 'disentangler.n.01', 'disputant.n.01', 'dissenter.n.01', 'divider.n.02', 'domestic_partner.n.01', 'double.n.03', 'dresser.n.02', 'dribbler.n.02', 'drug_user.n.01', 'dyslectic.n.01', 'ectomorph.n.01', 'effecter.n.01', 'elizabethan.n.01', 'emotional_person.n.01', 'endomorph.n.01', 'engineer.n.01', 'enjoyer.n.01', 'enrollee.n.01', 'entertainer.n.01', 'ethnic.n.01', 'experimenter.n.02', 'expert.n.01', 'explorer.n.01', 'extrovert.n.01', 'face.n.05', 'faddist.n.01', 'faller.n.02', 'fastener.n.01', 'female.n.02', 'fiduciary.n.01', 'first-rater.n.01', 'follower.n.01', 'free_agent.n.02', 'friend.n.01', 'fugitive.n.01', 'gainer.n.01', 'gainer.n.02', 'gambler.n.01', 'gatekeeper.n.01', 'gatherer.n.01', 'gemini.n.01', 'gentile.n.02', 'good_guy.n.01', 'good_person.n.01', 'granter.n.01', 'greeter.n.01', 'grinner.n.01', 'groaner.n.01', 'grunter.n.01', 'guesser.n.01', 'handicapped_person.n.01', 'hater.n.01', 'heterosexual.n.01', 'homosexual.n.01', 'homunculus.n.02', 'hope.n.04', 'hoper.n.01', 'huddler.n.02', 'hugger.n.01', 'immune.n.01', 'individualist.n.01', 'inhabitant.n.01', 'innocent.n.01', 'insured.n.01', 'intellectual.n.01', 'interpreter.n.02', 'introvert.n.01', 'jat.n.01', 'jew.n.01', 'jewel.n.02', 'jumper.n.01', 'junior.n.03', 'juvenile.n.01', 'killer.n.01', 'kink.n.03', 'kneeler.n.01', 'knocker.n.02', 'knower.n.01', 'large_person.n.01', 'latin.n.03', 'laugher.n.01', 'leader.n.01', 'learner.n.01', 'left-hander.n.02', 'leo.n.01', 'libra.n.01', 'life.n.08', 'lightning_rod.n.01', 'linguist.n.02', 'literate.n.01', 'liver.n.03', 'longer.n.01', 'loose_cannon.n.01', 'loved_one.n.01', 'lover.n.01', 'machine.n.02', 'mailer.n.02', 'malcontent.n.01', 'male.n.02', 'man.n.03', 'man_jack.n.01', 'manipulator.n.02', 'married.n.01', 'masturbator.n.01', 'measurer.n.01', 'mesomorph.n.01', 'mestizo.n.01', 'middlebrow.n.01', 'miracle_man.n.01', 'misogamist.n.01', 'mixed-blood.n.01', 'modern.n.01', 'money_handler.n.01', 'monolingual.n.01', 'mother_hen.n.01', 'mouse.n.03', 'mutilator.n.01', 'namer.n.01', 'namesake.n.01', 'national.n.01', 'native.n.01', 'native.n.02', 'neglecter.n.01', 'neighbor.n.01', 'neutral.n.01', 'nondescript.n.01', 'nonmember.n.01', 'nonparticipant.n.01', 'nonpartisan.n.01', 'nonperson.n.01', 'nonreligious_person.n.01', 'nonresident.n.01', 'nonsmoker.n.01', 'nonworker.n.01', 'nude.n.03', 'nurser.n.01', 'occultist.n.01', 'optimist.n.01', 'orphan.n.02', 'ostrich.n.01', 'ouster.n.01', 'outcaste.n.01', 'outdoorsman.n.01', 'owner.n.02', 'pamperer.n.01', 'pansexual.n.01', 'pardoner.n.01', 'partner.n.03', 'party.n.05', 'passer.n.02', 'peer.n.01', 'perceiver.n.01', 'percher.n.01', 'person_of_color.n.01', 'personage.n.01', 'personification.n.01', 'perspirer.n.01', 'philosopher.n.02', 'picker.n.01', 'pisces.n.02', 'pisser.n.01', 'planner.n.01', 'player.n.04', 'posturer.n.01', 'powderer.n.01', 'precursor.n.02', 'preserver.n.03', 'primitive.n.01', 'propositus.n.01', 'public_relations_person.n.01', 'pursuer.n.02', 'pussycat.n.01', 'quarter.n.11', 'quitter.n.01', 'radical.n.03', 'realist.n.02', 'rectifier.n.02', 'redhead.n.01', 'registrant.n.01', 'relative.n.01', 'reliever.n.02', 'religious_person.n.01', 'repeater.n.01', 'rescuer.n.02', 'rester.n.01', 'restrainer.n.02', 'revenant.n.01', 'rich_person.n.01', 'right-hander.n.02', 'riser.n.01', 'romper.n.01', 'roundhead.n.01', 'ruler.n.01', 'rusher.n.03', 'sagittarius.n.01', 'scientist.n.01', 'scorpio.n.01', 'scratcher.n.02', 'second-rater.n.01', 'seeder.n.01', 'seeker.n.01', 'segregate.n.01', 'self.n.02', 'sensualist.n.01', 'sentimentalist.n.01', 'sex_object.n.01', 'sex_symbol.n.01', 'shaker.n.01', 'showman.n.01', 'signer.n.02', 'simpleton.n.01', 'six-footer.n.01', 'skidder.n.01', 'slav.n.01', 'slave.n.01', 'slave.n.03', 'sleepyhead.n.01', 'sloucher.n.01', 'small_person.n.01', 'smasher.n.01', 'smiler.n.01', 'sneezer.n.01', 'sniffer.n.01', 'sniffler.n.01', 'snuffer.n.02', 'snuffler.n.01', 'socializer.n.01', 'sort.n.03', 'sounding_board.n.01', 'sphinx.n.01', 'spitter.n.01', 'sport.n.04', 'sprawler.n.01', 'spurner.n.01', 'squinter.n.01', 'stifler.n.01', 'stigmatic.n.01', 'stooper.n.02', 'stranger.n.02', 'struggler.n.01', 'subject.n.06', 'supernumerary.n.01', 'surrenderer.n.01', 'survivalist.n.01', 'survivor.n.02', 'suspect.n.01', 'tagger.n.01', 'tagger.n.02', 'tapper.n.02', 'taurus.n.02', 'tempter.n.01', 'termer.n.01', 'terror.n.02', 'testator.n.01', 'thin_person.n.01', 'third-rater.n.01', 'thrower.n.02', 'tiger.n.01', 'totemist.n.01', 'toucher.n.01', 'transfer.n.02', 'transsexual.n.02', 'transvestite.n.01', 'traveler.n.01', 'trier.n.02', 'turner.n.07', 'tyrant.n.03', 'undoer.n.02', 'unfortunate.n.01', 'unskilled_person.n.01', 'unwelcome_person.n.01', 'user.n.01', 'vanisher.n.01', 'victim.n.02', 'victorian.n.01', 'virgo.n.01', 'visionary.n.01', 'visually_impaired_person.n.01', 'waiter.n.02', 'waker.n.02', 'walk-in.n.01', 'wanter.n.01', 'ward.n.01', 'warrior.n.01', 'watcher.n.03', 'weakling.n.01', 'weasel.n.01', 'wiggler.n.01', 'winker.n.01', 'withholder.n.01', 'witness.n.05', 'worker.n.01', 'worldling.n.01', 'yawner.n.01']","['https://upload.wikimedia.org/wikipedia/commons/thumb/4/4f/Albino_Alligator_2008.jpg/800px-Albino_Alligator_2008.jpg?20090421191037', 'https://upload.wikimedia.org/wikipedia/commons/thumb/1/1f/Chelonia_mydas_albino_p1440273.jpg/800px-Chelonia_mydas_albino_p1440273.jpg?20080428194359', 'https://upload.wikimedia.org/wikipedia/commons/thumb/1/16/Albino_20_agosto_2022.jpg/800px-Albino_20_agosto_2022.jpg?20220820143232', 'https://upload.wikimedia.org/wikipedia/commons/9/9a/Albinisitic_man_portrait.jpg?20070607112808', 'https://upload.wikimedia.org/wikipedia/commons/thumb/6/6c/Albino_panoramica_01.jpg/800px-Albino_panoramica_01.jpg?20070304193728']",Albino Alligator 2008.jpg,"a person or animal lacking pigment in their skin and hair, and having pink eyes, due to a hereditary condition that inhibits melanin production.",black-forest-labs_FLUX.1-dev,retrieval,1
91790573,2468,predict_hypernym_llama,professional.n.01,lawyer,['adult.n.01'],"['brachycephalic.n.01', 'caregiver.n.02', 'catch.n.03', 'centrist.n.01', 'character.n.05', 'conservative.n.01', 'dolichocephalic.n.01', 'elder.n.01', 'ex-spouse.n.01', 'host.n.01', 'important_person.n.01', 'jack_of_all_trades.n.01', 'liberal.n.01', 'liberal.n.02', 'man.n.01', 'militarist.n.01', 'oldster.n.01', 'pacifist.n.01', 'patrician.n.01', 'pledgee.n.01', 'pledger.n.01', 'sobersides.n.01', 'sophisticate.n.01', 'stay-at-home.n.01', 'stoic.n.02', 'thoroughbred.n.01', 'woman.n.01']","['https://upload.wikimedia.org/wikipedia/commons/thumb/3/38/Diana_Ellis_-_19_Oct_2011.jpg/800px-Diana_Ellis_-_19_Oct_2011.jpg?20120427065727', 'https://upload.wikimedia.org/wikipedia/commons/thumb/4/48/Advokat%2C_Engelsk_advokatdr%C3%A4kt%2C_Nordisk_familjebok.svg/416px-Advokat%2C_Engelsk_advokatdr%C3%A4kt%2C_Nordisk_familjebok.svg.png?20180804170852', 'https://upload.wikimedia.org/wikipedia/commons/thumb/8/8b/Advokat%2C_Fransk_advokatdr%C3%A4kt%2C_Nordisk_familjebok.svg/495px-Advokat%2C_Fransk_advokatdr%C3%A4kt%2C_Nordisk_familjebok.svg.png?20101211111620', 'https://upload.wikimedia.org/wikipedia/commons/thumb/6/65/Advokat%2C_Fransk_advokatdr%C3%A4kt%2C_Nordisk_familjebok.png/495px-Advokat%2C_Fransk_advokatdr%C3%A4kt%2C_Nordisk_familjebok.png?20070228194433', 'https://upload.wikimedia.org/wikipedia/commons/thumb/3/3a/Procurator.jpg/461px-Procurator.jpg?20060114152930']",Diana Ellis - 19 Oct 2011.jpg,"A professional authorized to practice law, who advises or represents clients in legal matters.",retrieval,black-forest-labs_FLUX.1-dev,0
91980352,2469,predict_hypernym_llama,modality.n.03,sensation,['sense.n.03'],['sensitivity.n.01'],"['https://upload.wikimedia.org/wikipedia/commons/thumb/5/55/Allium_purple_sensation%2C_17-04-2024_%28d.j.b.%29_02.jpg/600px-Allium_purple_sensation%2C_17-04-2024_%28d.j.b.%29_02.jpg?20240503172057', 'https://upload.wikimedia.org/wikipedia/commons/thumb/d/db/Robert_Jacob_Hamerton_-_Poster_for_A_Sensation_Novel.jpg/435px-Robert_Jacob_Hamerton_-_Poster_for_A_Sensation_Novel.jpg?20220922215108', 'https://upload.wikimedia.org/wikipedia/commons/thumb/0/0d/A_Society_Sensation_%281918%29_-_2.jpg/475px-A_Society_Sensation_%281918%29_-_2.jpg?20210716213813', 'https://upload.wikimedia.org/wikipedia/commons/thumb/2/28/Sensation_white_2010_-_Entr%C3%A9e_%282%29.jpg/800px-Sensation_white_2010_-_Entr%C3%A9e_%282%29.jpg?20160902120732', 'https://upload.wikimedia.org/wikipedia/commons/thumb/3/3b/Still_from_A_Society_Sensation_01.jpg/800px-Still_from_A_Society_Sensation_01.jpg?20150927134131']","Allium purple sensation, 17-04-2024 (d.j.b.) 02.jpg",a physical feeling or perception resulting from something that happens to or comes into contact with the body.,stabilityai_stable-diffusion-xl-base-1.0,black-forest-labs_FLUX.1-dev,1
