wordnet_id,Unnamed: 0,subset,core_synset,core_lemma,hypernym_synsets,cohyponym_synsets,wikimedia_images,image_filename,definition,model_1,model_2,assessor_alina
13392688,16,appendix,guinea.n.01,guinea,['coin.n.01'],"['bawbee.n.01', 'bezant.n.01', 'change.n.08', 'crown.n.06', 'denier.n.02', 'dime.n.01', 'dollar.n.03', 'double_eagle.n.02', 'doubloon.n.01', 'ducat.n.01', 'eagle.n.03', 'eightpence.n.01', 'farthing.n.01', 'fivepence.n.01', 'fourpence.n.01', 'guinea.n.01', 'half_crown.n.01', 'half_dollar.n.01', 'half_eagle.n.01', 'halfpenny.n.01', ""louis_d'or.n.01"", 'maundy_money.n.01', 'medallion.n.01', 'nickel.n.02', 'ninepence.n.01', 'penny.n.02', 'piece_of_eight.n.01', 'quarter.n.10', 'real.n.03', 'shilling.n.06', 'sixpence.n.01', 'slug.n.03', 'sou.n.01', 'stater.n.01', 'tenpence.n.01', 'threepence.n.01', 'twopence.n.01']","['https://upload.wikimedia.org/wikipedia/commons/thumb/e/e4/Guinea_%28orthographic_projection%29.svg/550px-Guinea_%28orthographic_projection%29.svg.png?20170817052623', 'https://upload.wikimedia.org/wikipedia/commons/b/b9/Guinee_carte.png?20060616221005', 'https://upload.wikimedia.org/wikipedia/commons/thumb/3/36/Conakry_in_Guinea_%28special_marker%29.svg/794px-Conakry_in_Guinea_%28special_marker%29.svg.png?20111113065026', 'https://upload.wikimedia.org/wikipedia/commons/thumb/3/3e/Conakry_in_Guinea.svg/794px-Conakry_in_Guinea.svg.png?20111113065031', 'https://upload.wikimedia.org/wikipedia/commons/thumb/d/de/Guinea-Russia_Relations.png/800px-Guinea-Russia_Relations.png?20230317070728']",Guinea (orthographic projection).svg,a former British gold coin worth 21 shillings,black-forest-labs_FLUX.1-dev,stabilityai_sdxl-turbo,3
13389949,17,appendix,half_crown.n.01,half_crown,['coin.n.01'],"['bawbee.n.01', 'bezant.n.01', 'change.n.08', 'crown.n.06', 'denier.n.02', 'dime.n.01', 'dollar.n.03', 'double_eagle.n.02', 'doubloon.n.01', 'ducat.n.01', 'eagle.n.03', 'eightpence.n.01', 'farthing.n.01', 'fivepence.n.01', 'fourpence.n.01', 'guinea.n.01', 'half_crown.n.01', 'half_dollar.n.01', 'half_eagle.n.01', 'halfpenny.n.01', ""louis_d'or.n.01"", 'maundy_money.n.01', 'medallion.n.01', 'nickel.n.02', 'ninepence.n.01', 'penny.n.02', 'piece_of_eight.n.01', 'quarter.n.10', 'real.n.03', 'shilling.n.06', 'sixpence.n.01', 'slug.n.03', 'sou.n.01', 'stater.n.01', 'tenpence.n.01', 'threepence.n.01', 'twopence.n.01']","['https://upload.wikimedia.org/wikipedia/commons/thumb/2/2e/Coins_%28Nz_Half_Crowns_1933_To_1966_Set_In_Folder%29_%2848708992871%29.jpg/400px-Coins_%28Nz_Half_Crowns_1933_To_1966_Set_In_Folder%29_%2848708992871%29.jpg?20210827005957', 'https://upload.wikimedia.org/wikipedia/commons/thumb/b/b1/Coin_%28AM_1936.16.2-1%29.jpg/413px-Coin_%28AM_1936.16.2-1%29.jpg?20191024015733', 'https://upload.wikimedia.org/wikipedia/commons/d/dc/The_Half_Crown%2C_South_Benfleet_-_geograph.org.uk_-_246627.jpg?20100201163425', 'https://upload.wikimedia.org/wikipedia/commons/thumb/7/71/The_Crown_Inn_%28with_Half_Crown%29%2C_Chiddingfold.jpg/800px-The_Crown_Inn_%28with_Half_Crown%29%2C_Chiddingfold.jpg?20220516153457', 'https://upload.wikimedia.org/wikipedia/commons/thumb/4/4c/Coin_set_%28AM_1936.16-3%29.jpg/800px-Coin_set_%28AM_1936.16-3%29.jpg?20180108155521']",Coins (Nz Half Crowns 1933 To 1966 Set In Folder) (48708992871).jpg,an English coin worth half a crown,Tencent-Hunyuan_HunyuanDiT-v1.2-Diffusers,black-forest-labs_FLUX.1-dev,1
13390405,18,appendix,half_dollar.n.01,half_dollar,['coin.n.01'],"['bawbee.n.01', 'bezant.n.01', 'change.n.08', 'crown.n.06', 'denier.n.02', 'dime.n.01', 'dollar.n.03', 'double_eagle.n.02', 'doubloon.n.01', 'ducat.n.01', 'eagle.n.03', 'eightpence.n.01', 'farthing.n.01', 'fivepence.n.01', 'fourpence.n.01', 'guinea.n.01', 'half_crown.n.01', 'half_dollar.n.01', 'half_eagle.n.01', 'halfpenny.n.01', ""louis_d'or.n.01"", 'maundy_money.n.01', 'medallion.n.01', 'nickel.n.02', 'ninepence.n.01', 'penny.n.02', 'piece_of_eight.n.01', 'quarter.n.10', 'real.n.03', 'shilling.n.06', 'sixpence.n.01', 'slug.n.03', 'sou.n.01', 'stater.n.01', 'tenpence.n.01', 'threepence.n.01', 'twopence.n.01']","['https://upload.wikimedia.org/wikipedia/commons/thumb/b/b3/Back_of_50_cent_coin.jpg/800px-Back_of_50_cent_coin.jpg?20230327235119', 'https://upload.wikimedia.org/wikipedia/commons/thumb/0/02/Half_dollar_roll.jpg/357px-Half_dollar_roll.jpg?20211222034034', 'https://upload.wikimedia.org/wikipedia/commons/thumb/e/ea/1920_Pilgrim_Tercentenary_half_dollar_%28obverse%29.jpg/600px-1920_Pilgrim_Tercentenary_half_dollar_%28obverse%29.jpg?20191002191950', 'https://upload.wikimedia.org/wikipedia/commons/thumb/a/a6/Washington-carver_half_dollar_1952.jpg/800px-Washington-carver_half_dollar_1952.jpg?20190220021113', 'https://upload.wikimedia.org/wikipedia/commons/thumb/2/2b/Obverse_of_the_2021_John_F._Kennedy_Half_Dollar.jpg/760px-Obverse_of_the_2021_John_F._Kennedy_Half_Dollar.jpg?20220517175406']",Back of 50 cent coin.jpg,a United States coin worth half of a dollar,black-forest-labs_FLUX.1-dev,Tencent-Hunyuan_HunyuanDiT-v1.2-Diffusers,1
13390139,24,appendix,nickel.n.02,nickel,['coin.n.01'],"['bawbee.n.01', 'bezant.n.01', 'change.n.08', 'crown.n.06', 'denier.n.02', 'dime.n.01', 'dollar.n.03', 'double_eagle.n.02', 'doubloon.n.01', 'ducat.n.01', 'eagle.n.03', 'eightpence.n.01', 'farthing.n.01', 'fivepence.n.01', 'fourpence.n.01', 'guinea.n.01', 'half_crown.n.01', 'half_dollar.n.01', 'half_eagle.n.01', 'halfpenny.n.01', ""louis_d'or.n.01"", 'maundy_money.n.01', 'medallion.n.01', 'nickel.n.02', 'ninepence.n.01', 'penny.n.02', 'piece_of_eight.n.01', 'quarter.n.10', 'real.n.03', 'shilling.n.06', 'sixpence.n.01', 'slug.n.03', 'sou.n.01', 'stater.n.01', 'tenpence.n.01', 'threepence.n.01', 'twopence.n.01']","['https://upload.wikimedia.org/wikipedia/commons/thumb/6/6a/Nickel_electrolytic_and_1cm3_cube.jpg/800px-Nickel_electrolytic_and_1cm3_cube.jpg?20100919163129', 'https://upload.wikimedia.org/wikipedia/commons/thumb/5/57/Nickel_chunk.jpg/569px-Nickel_chunk.jpg?20121116010539', 'https://upload.wikimedia.org/wikipedia/commons/thumb/4/4d/Periodic_table_large.svg/800px-Periodic_table_large.svg.png?20230217080421', 'https://upload.wikimedia.org/wikipedia/commons/thumb/5/53/Electrolytic_nickel.jpg/600px-Electrolytic_nickel.jpg?20090515150708', 'https://upload.wikimedia.org/wikipedia/commons/0/08/Ni%2C28.jpg?20050123192042']",Nickel electrolytic and 1cm3 cube.jpg,a United States coin worth one twentieth of a dollar,PixArt-alpha_PixArt-Sigma-XL-2-512-MS,black-forest-labs_FLUX.1-dev,2
4959672,38,appendix,chromatic_color.n.01,chromatic,['color.n.01'],"['achromatic_color.n.01', 'chromatic_color.n.01', 'coloration.n.02', 'complexion.n.01', 'heather_mixture.n.01', 'mottle.n.01', 'nonsolid_color.n.01', 'primary_color.n.01', 'shade.n.02']","['https://upload.wikimedia.org/wikipedia/commons/thumb/9/9c/Rothenberg_propriety_diatonic_scale_chromatic_circle.png/591px-Rothenberg_propriety_diatonic_scale_chromatic_circle.png?20170717082532', 'https://upload.wikimedia.org/wikipedia/commons/8/85/Pythagorean_diatonic_and_chromatic_interval.png?20101125100417', 'https://upload.wikimedia.org/wikipedia/commons/7/70/Chromatic_in_2009.jpg?20160607131042', 'https://upload.wikimedia.org/wikipedia/commons/thumb/2/21/Chromatic_%28programmer%29_in_2016.jpg/800px-Chromatic_%28programmer%29_in_2016.jpg?20160829203704', 'https://upload.wikimedia.org/wikipedia/commons/thumb/5/54/Warning_Symbol_%E2%80%93_Chromatic_Aberration.svg/530px-Warning_Symbol_%E2%80%93_Chromatic_Aberration.svg.png?20211207120300']",Rothenberg propriety diatonic scale chromatic circle.png,a color that has hue,stabilityai_stable-diffusion-xl-base-1.0,black-forest-labs_FLUX.1-dev,1
4971928,41,appendix,brown.n.01,brown,['chromatic_color.n.01'],"['blond.n.02', 'blue.n.01', 'brown.n.01', 'complementary_color.n.01', 'green.n.01', 'olive.n.05', 'orange.n.02', 'pastel.n.01', 'pink.n.01', 'purple.n.01', 'red.n.01', 'salmon.n.04', 'yellow.n.01']","['https://upload.wikimedia.org/wikipedia/commons/thumb/5/5d/Kamchatka_Brown_Bear_near_Dvuhyurtochnoe_on_2015-07-23.jpg/800px-Kamchatka_Brown_Bear_near_Dvuhyurtochnoe_on_2015-07-23.jpg?20160227171407', 'https://upload.wikimedia.org/wikipedia/commons/thumb/d/dc/Color_icon_brown.svg/300px-Color_icon_brown.svg.png?20150316172635', 'https://upload.wikimedia.org/wikipedia/commons/thumb/9/97/Gordon_Brown_%282008%29.jpg/469px-Gordon_Brown_%282008%29.jpg?20210513050341', 'https://upload.wikimedia.org/wikipedia/commons/thumb/0/0e/Color_icon_brown_v2.svg/300px-Color_icon_brown_v2.svg.png?20111214104642', 'https://upload.wikimedia.org/wikipedia/commons/thumb/a/a0/Brown_ornaments_on_doors%2C_Reflections%2C_Rostov-on-Don%2C_Russia.jpg/800px-Brown_ornaments_on_doors%2C_Reflections%2C_Rostov-on-Don%2C_Russia.jpg?20221225145725']",Kamchatka Brown Bear near Dvuhyurtochnoe on 2015-07-23.jpg,an orange of low brightness and saturation,Tencent-Hunyuan_HunyuanDiT-v1.2-Diffusers,black-forest-labs_FLUX.1-dev,4
4975739,42,appendix,complementary_color.n.01,complementary_color,['chromatic_color.n.01'],"['blond.n.02', 'blue.n.01', 'brown.n.01', 'complementary_color.n.01', 'green.n.01', 'olive.n.05', 'orange.n.02', 'pastel.n.01', 'pink.n.01', 'purple.n.01', 'red.n.01', 'salmon.n.04', 'yellow.n.01']","['https://upload.wikimedia.org/wikipedia/commons/thumb/2/2e/Color_opponent_process_theory_contrast_of_complementary_colors_%28corrected%29.png/600px-Color_opponent_process_theory_contrast_of_complementary_colors_%28corrected%29.png?20230312184505', 'https://upload.wikimedia.org/wikipedia/commons/thumb/a/a3/Contrast_of_complementary_colors.svg/152px-Contrast_of_complementary_colors.svg.png?20220815035459', 'https://upload.wikimedia.org/wikipedia/commons/thumb/0/02/Color_opponent_process_theory_contrast_of_complementary_colors.svg/152px-Color_opponent_process_theory_contrast_of_complementary_colors.svg.png?20180128205754', 'https://upload.wikimedia.org/wikipedia/commons/thumb/a/af/RGB_scheme_contrast_of_complementary_colors.svg/152px-RGB_scheme_contrast_of_complementary_colors.svg.png?20180128174129', 'https://upload.wikimedia.org/wikipedia/commons/thumb/5/5d/Komplement%C3%A4rfarben_magenta_auf_gr%C3%BCn.svg/600px-Komplement%C3%A4rfarben_magenta_auf_gr%C3%BCn.svg.png?20240601195258']",Color opponent process theory contrast of complementary colors (corrected).png,either one of two chromatic colors that when mixed together give white (in the case of lights) or grey (in the case of pigments),black-forest-labs_FLUX.1-dev,stabilityai_stable-diffusion-3-medium-diffusers,1
4974340,44,appendix,olive.n.05,olive,['chromatic_color.n.01'],"['blond.n.02', 'blue.n.01', 'brown.n.01', 'complementary_color.n.01', 'green.n.01', 'olive.n.05', 'orange.n.02', 'pastel.n.01', 'pink.n.01', 'purple.n.01', 'red.n.01', 'salmon.n.04', 'yellow.n.01']","['https://upload.wikimedia.org/wikipedia/commons/thumb/7/7c/Lun_olive_tree_1600_years.jpg/690px-Lun_olive_tree_1600_years.jpg?20220308172010', 'https://upload.wikimedia.org/wikipedia/commons/thumb/2/2b/Lun_Olive-Gardens_%282%29.jpg/800px-Lun_Olive-Gardens_%282%29.jpg?20210522094132', 'https://upload.wikimedia.org/wikipedia/commons/thumb/8/86/Air_Olive_1.JPG/800px-Air_Olive_1.JPG?20141126172808', 'https://upload.wikimedia.org/wikipedia/commons/thumb/c/c2/Olea_europaea%2C_Murviel-l%C3%A8s-B%C3%A9ziers.jpg/800px-Olea_europaea%2C_Murviel-l%C3%A8s-B%C3%A9ziers.jpg?20141028175314', 'https://upload.wikimedia.org/wikipedia/commons/thumb/9/9d/Olea_europaea_Thronos_01.JPG/800px-Olea_europaea_Thronos_01.JPG?20160404061636']",Lun olive tree 1600 years.jpg,a yellow-green color of low brightness and saturation,retrieval,black-forest-labs_FLUX.1-dev,2
4974575,46,appendix,pastel.n.01,pastel,['chromatic_color.n.01'],"['blond.n.02', 'blue.n.01', 'brown.n.01', 'complementary_color.n.01', 'green.n.01', 'olive.n.05', 'orange.n.02', 'pastel.n.01', 'pink.n.01', 'purple.n.01', 'red.n.01', 'salmon.n.04', 'yellow.n.01']","['https://upload.wikimedia.org/wikipedia/commons/thumb/8/84/Haltern_am_See%2C_Lavesum%2C_K%C3%BCnstlerhof%2C_Pastellkreide_--_2021_--_5719.jpg/800px-Haltern_am_See%2C_Lavesum%2C_K%C3%BCnstlerhof%2C_Pastellkreide_--_2021_--_5719.jpg?20210422072700', 'https://upload.wikimedia.org/wikipedia/commons/thumb/0/0c/Pastels_at_Corcoran_-_Stierch.jpg/450px-Pastels_at_Corcoran_-_Stierch.jpg?20110710201552', 'https://upload.wikimedia.org/wikipedia/commons/thumb/c/c6/La_Tamise_%281900-1901%29_pastel_Claude_Monet.jpg/800px-La_Tamise_%281900-1901%29_pastel_Claude_Monet.jpg?20240225202856', 'https://upload.wikimedia.org/wikipedia/commons/thumb/b/bd/Le_chemin_de_la_ferme.jpg/781px-Le_chemin_de_la_ferme.jpg?20240225144419', 'https://upload.wikimedia.org/wikipedia/commons/thumb/a/ac/Charing_Cross_Bridge_%281900_ou_1901%29_pastel_Claude_Monet_%28CM8FI0-P83%29.jpg/800px-Charing_Cross_Bridge_%281900_ou_1901%29_pastel_Claude_Monet_%28CM8FI0-P83%29.jpg?20240316192051']","Haltern am See, Lavesum, Künstlerhof, Pastellkreide -- 2021 -- 5719.jpg",any of various pale or light colors,Tencent-Hunyuan_HunyuanDiT-v1.2-Diffusers,black-forest-labs_FLUX.1-dev,3
3456665,59,appendix,greatcoat.n.01,greatcoat,['coat.n.01'],"['box_coat.n.01', 'coatee.n.01', 'cutaway.n.02', 'duffel_coat.n.01', 'frock_coat.n.01', 'fur_coat.n.01', 'greatcoat.n.01', 'jacket.n.01', 'lab_coat.n.01', 'mackinaw.n.01', 'newmarket.n.01', 'raincoat.n.01', 'sack_coat.n.01', 'sheepskin_coat.n.01', 'surcoat.n.01', 'topper.n.05']","['https://upload.wikimedia.org/wikipedia/commons/thumb/7/7b/Tommy_O%27Connor%2C_ca._1917_%288886879487%29.jpg/379px-Tommy_O%27Connor%2C_ca._1917_%288886879487%29.jpg?20161125230859', 'https://upload.wikimedia.org/wikipedia/commons/thumb/3/3c/Private_in_greatcoat_%283774185%29.jpg/378px-Private_in_greatcoat_%283774185%29.jpg?20181206160235', 'https://upload.wikimedia.org/wikipedia/commons/thumb/7/79/Soldier_in_greatcoat_%283774187%29.jpg/372px-Soldier_in_greatcoat_%283774187%29.jpg?20181206160245', 'https://upload.wikimedia.org/wikipedia/commons/thumb/a/af/Young_soldier_in_greatcoat_%283774191%29.jpg/372px-Young_soldier_in_greatcoat_%283774191%29.jpg?20181206160305', 'https://upload.wikimedia.org/wikipedia/commons/thumb/5/51/Grande_Arm%C3%A9e_-_Light_Infantry_Officers_in_Greatcoats.jpg/520px-Grande_Arm%C3%A9e_-_Light_Infantry_Officers_in_Greatcoats.jpg?20090502195137']","Tommy O'Connor, ca. 1917 (8886879487).jpg",a heavy coat worn over clothes in winter,black-forest-labs_FLUX.1-dev,playgroundai_playground-v2.5-1024px-aesthetic,3
3703463,62,appendix,mackinaw.n.01,mackinaw,['coat.n.01'],"['box_coat.n.01', 'coatee.n.01', 'cutaway.n.02', 'duffel_coat.n.01', 'frock_coat.n.01', 'fur_coat.n.01', 'greatcoat.n.01', 'jacket.n.01', 'lab_coat.n.01', 'mackinaw.n.01', 'newmarket.n.01', 'raincoat.n.01', 'sack_coat.n.01', 'sheepskin_coat.n.01', 'surcoat.n.01', 'topper.n.05']","['https://upload.wikimedia.org/wikipedia/commons/thumb/d/d2/Mackinaw%2C_Illinois_depot_from_N.jpg/800px-Mackinaw%2C_Illinois_depot_from_N.jpg?20111208134930', 'https://upload.wikimedia.org/wikipedia/commons/thumb/a/aa/New_USCGC_Mackinaw_-1.jpg/800px-New_USCGC_Mackinaw_-1.jpg?20080828001820', 'https://upload.wikimedia.org/wikipedia/commons/thumb/6/6b/Mackinaw_City_roundabout.jpg/800px-Mackinaw_City_roundabout.jpg?20220323032831', 'https://upload.wikimedia.org/wikipedia/commons/thumb/8/8e/Mackinac_Bridge_from_Mackinaw_City.jpg/800px-Mackinac_Bridge_from_Mackinaw_City.jpg?20190703184324', 'https://upload.wikimedia.org/wikipedia/commons/thumb/3/3a/MACKINAW_DECOMISSIONING_DVIDS1078690.jpg/800px-MACKINAW_DECOMISSIONING_DVIDS1078690.jpg?20150313134203']","Mackinaw, Illinois depot from N.jpg",a short plaid coat made of made of thick woolen material,playgroundai_playground-v2.5-1024px-aesthetic,black-forest-labs_FLUX.1-dev,3
2815071,70,appendix,bead.n.01,bead,['jewelry.n.01'],"['bead.n.01', 'bijou.n.01', 'bling.n.01', 'bracelet.n.02', 'clip.n.04', 'cufflink.n.01', 'earring.n.01', 'jewel.n.01', 'necklace.n.01', 'pin.n.01', 'ring.n.08', 'tie_clip.n.01']","['https://upload.wikimedia.org/wikipedia/commons/thumb/1/1a/Bead_Production_KSK.jpg/396px-Bead_Production_KSK.jpg?20220307234153', 'https://upload.wikimedia.org/wikipedia/commons/thumb/f/f9/Beads_%285843377458%29.jpg/730px-Beads_%285843377458%29.jpg?20130806161236', 'https://upload.wikimedia.org/wikipedia/commons/thumb/a/a6/02024_Silver%2C_two-cone_bead%2C_9th-century.jpg/600px-02024_Silver%2C_two-cone_bead%2C_9th-century.jpg?20240103190140', 'https://upload.wikimedia.org/wikipedia/commons/thumb/4/4f/02024_Silver_bead%2C_granulation%2C_filigree%2C_10th-century%2C_Dramino.jpg/600px-02024_Silver_bead%2C_granulation%2C_filigree%2C_10th-century%2C_Dramino.jpg?20240103190900', 'https://upload.wikimedia.org/wikipedia/commons/thumb/d/de/Waist_beads.jpg/800px-Waist_beads.jpg?20151026230402']",Bead Production KSK.jpg,a small ball with a hole through the middle,black-forest-labs_FLUX.1-dev,stabilityai_stable-diffusion-3-medium-diffusers,2
3262349,76,appendix,earring.n.01,earring,['jewelry.n.01'],"['bead.n.01', 'bijou.n.01', 'bling.n.01', 'bracelet.n.02', 'clip.n.04', 'cufflink.n.01', 'earring.n.01', 'jewel.n.01', 'necklace.n.01', 'pin.n.01', 'ring.n.08', 'tie_clip.n.01']","['https://upload.wikimedia.org/wikipedia/commons/thumb/0/0f/1665_Girl_with_a_Pearl_Earring.jpg/506px-1665_Girl_with_a_Pearl_Earring.jpg?20170114124259', 'https://upload.wikimedia.org/wikipedia/commons/thumb/7/7a/%EA%B2%BD%EC%A3%BC_%EB%B6%80%EB%B6%80%EC%B4%9D_%EA%B8%88%EA%B7%80%EA%B1%B8%EC%9D%B4.jpg/584px-%EA%B2%BD%EC%A3%BC_%EB%B6%80%EB%B6%80%EC%B4%9D_%EA%B8%88%EA%B7%80%EA%B1%B8%EC%9D%B4.jpg?20150129054545', 'https://upload.wikimedia.org/wikipedia/commons/thumb/7/7e/Positions_of_earrings.jpg/345px-Positions_of_earrings.jpg?20051214180515', 'https://upload.wikimedia.org/wikipedia/commons/thumb/1/14/A_Brazilian_family_in_Rio_de_Janeiro_by_Jean-Baptiste_Debret_1839.jpg/800px-A_Brazilian_family_in_Rio_de_Janeiro_by_Jean-Baptiste_Debret_1839.jpg?20160812165018', 'https://upload.wikimedia.org/wikipedia/commons/thumb/0/02/Earring_%28jewelry%29.jpg/429px-Earring_%28jewelry%29.jpg?20141216135841']",1665 Girl with a Pearl Earring.jpg,jewelry to ornament the ear; usually clipped to the earlobe or fastened through a hole in the lobe,black-forest-labs_FLUX.1-dev,DeepFloyd_IF-I-XL-v1.0,3
3940713,79,appendix,pin.n.01,pin,['jewelry.n.01'],"['bead.n.01', 'bijou.n.01', 'bling.n.01', 'bracelet.n.02', 'clip.n.04', 'cufflink.n.01', 'earring.n.01', 'jewel.n.01', 'necklace.n.01', 'pin.n.01', 'ring.n.08', 'tie_clip.n.01']","['https://upload.wikimedia.org/wikipedia/commons/thumb/b/b2/Pin_EXP_060.JPG/800px-Pin_EXP_060.JPG?20190616151714', 'https://upload.wikimedia.org/wikipedia/commons/thumb/6/6b/All_pins.jpg/800px-All_pins.jpg?20190204161557', 'https://upload.wikimedia.org/wikipedia/commons/thumb/6/61/Standard_pin.jpg/800px-Standard_pin.jpg?20060715092042', 'https://upload.wikimedia.org/wikipedia/commons/thumb/0/04/US-USSR_Trade_and_Economic_Council_pin.png/648px-US-USSR_Trade_and_Economic_Council_pin.png?20210808170107', 'https://upload.wikimedia.org/wikipedia/commons/thumb/8/8f/High-grade_prostatic_intraepithelial_neoplasia_low_mag.jpg/800px-High-grade_prostatic_intraepithelial_neoplasia_low_mag.jpg?20100610034208']",Pin EXP 060.JPG,a piece of jewelry that is pinned onto the wearer's garment,black-forest-labs_FLUX.1-dev,retrieval,1
2766320,83,appendix,baby_bed.n.01,baby_bed,['furniture.n.01'],"['baby_bed.n.01', 'bedroom_furniture.n.01', 'bedstead.n.01', 'bookcase.n.01', 'buffet.n.01', 'cabinet.n.01', 'chest_of_drawers.n.01', 'dining-room_furniture.n.01', 'etagere.n.01', 'fitment.n.01', 'hallstand.n.01', 'lamp.n.02', 'lawn_furniture.n.01', 'nest.n.05', 'office_furniture.n.01', 'seat.n.03', 'sectional.n.01', 'sheraton.n.01', 'sleeper.n.07', 'table.n.02', 'table.n.03', 'wall_unit.n.01', 'wardrobe.n.01', 'washstand.n.01']","['https://upload.wikimedia.org/wikipedia/commons/thumb/0/0f/William-Adolphe_Bouguereau_-_Gabrielle_Cot_-_Sotheby%27s.jpg/484px-William-Adolphe_Bouguereau_-_Gabrielle_Cot_-_Sotheby%27s.jpg?20230714022340', 'https://upload.wikimedia.org/wikipedia/commons/thumb/f/f1/Baby_bed_2010.jpg/800px-Baby_bed_2010.jpg?20120115154615', 'https://upload.wikimedia.org/wikipedia/commons/thumb/d/df/%28Portrait_of_a_baby_in_a_bassinet_%28AM_84765-1%29.jpg/800px-%28Portrait_of_a_baby_in_a_bassinet_%28AM_84765-1%29.jpg?20180114173944', 'https://upload.wikimedia.org/wikipedia/commons/thumb/6/6c/Kinderverzorgster_met_een_baby_bij_een_wieg_op_een_veranda%2C_Bestanddeelnr_252-9111.jpg/618px-Kinderverzorgster_met_een_baby_bij_een_wieg_op_een_veranda%2C_Bestanddeelnr_252-9111.jpg?20180222112046', 'https://upload.wikimedia.org/wikipedia/commons/9/99/Not_happy%2C_Mum.jpg?20111031152511']",William-Adolphe Bouguereau - Gabrielle Cot - Sotheby's.jpg,a small bed for babies; enclosed by sides to prevent the baby from falling,Tencent-Hunyuan_HunyuanDiT-v1.2-Diffusers,black-forest-labs_FLUX.1-dev,2
3200906,90,appendix,dining-room_furniture.n.01,dining-room_furniture,['furniture.n.01'],"['baby_bed.n.01', 'bedroom_furniture.n.01', 'bedstead.n.01', 'bookcase.n.01', 'buffet.n.01', 'cabinet.n.01', 'chest_of_drawers.n.01', 'dining-room_furniture.n.01', 'etagere.n.01', 'fitment.n.01', 'hallstand.n.01', 'lamp.n.02', 'lawn_furniture.n.01', 'nest.n.05', 'office_furniture.n.01', 'seat.n.03', 'sectional.n.01', 'sheraton.n.01', 'sleeper.n.07', 'table.n.02', 'table.n.03', 'wall_unit.n.01', 'wardrobe.n.01', 'washstand.n.01']","['https://upload.wikimedia.org/wikipedia/commons/thumb/e/eb/36_Seaward_Ct._New_Orleans_LA_70131_Dining_Room.jpg/800px-36_Seaward_Ct._New_Orleans_LA_70131_Dining_Room.jpg?20191210015426', 'https://upload.wikimedia.org/wikipedia/commons/thumb/2/28/Wright_dining_table_-_HNT.jpg/800px-Wright_dining_table_-_HNT.jpg?20230724161935', 'https://upload.wikimedia.org/wikipedia/commons/thumb/d/d8/Formal_dining_room_inside_Van_Cortlandt_House_Museum.jpg/450px-Formal_dining_room_inside_Van_Cortlandt_House_Museum.jpg?20211004054908', 'https://upload.wikimedia.org/wikipedia/commons/thumb/0/08/Dining_room_in_the_City_Museum%2C_2006-01-04%2C_Lisbon.jpg/450px-Dining_room_in_the_City_Museum%2C_2006-01-04%2C_Lisbon.jpg?20201220085053']",36 Seaward Ct. New Orleans LA 70131 Dining Room.jpg,furniture intended for use in a dining room,black-forest-labs_FLUX.1-dev,stabilityai_stable-diffusion-xl-base-1.0,3
4192521,100,appendix,sheraton.n.01,Sheraton,['furniture.n.01'],"['baby_bed.n.01', 'bedroom_furniture.n.01', 'bedstead.n.01', 'bookcase.n.01', 'buffet.n.01', 'cabinet.n.01', 'chest_of_drawers.n.01', 'dining-room_furniture.n.01', 'etagere.n.01', 'fitment.n.01', 'hallstand.n.01', 'lamp.n.02', 'lawn_furniture.n.01', 'nest.n.05', 'office_furniture.n.01', 'seat.n.03', 'sectional.n.01', 'sheraton.n.01', 'sleeper.n.07', 'table.n.02', 'table.n.03', 'wall_unit.n.01', 'wardrobe.n.01', 'washstand.n.01']","['https://upload.wikimedia.org/wikipedia/commons/thumb/8/84/Sheraton_Hotel_Adana_and_Seyhan_River.jpg/800px-Sheraton_Hotel_Adana_and_Seyhan_River.jpg?20231017163909', 'https://upload.wikimedia.org/wikipedia/commons/thumb/5/59/Sheraton_%281%29.svg/800px-Sheraton_%281%29.svg.png?20191203013452', 'https://upload.wikimedia.org/wikipedia/commons/thumb/9/93/1793_Sheraton_ladies_work-table_%28left%29.png/491px-1793_Sheraton_ladies_work-table_%28left%29.png?20130214205511', 'https://upload.wikimedia.org/wikipedia/commons/thumb/5/59/Sheraton_Montevideo.jpg/586px-Sheraton_Montevideo.jpg?20170813012546']",Sheraton Hotel Adana and Seyhan River.jpg,a furniture style that originated in England around 1800; simple in design with straight lines and classical ornamentation,black-forest-labs_FLUX.1-dev,stabilityai_stable-diffusion-3-medium-diffusers,3
4235646,101,appendix,sleeper.n.07,sleeper,['furniture.n.01'],"['baby_bed.n.01', 'bedroom_furniture.n.01', 'bedstead.n.01', 'bookcase.n.01', 'buffet.n.01', 'cabinet.n.01', 'chest_of_drawers.n.01', 'dining-room_furniture.n.01', 'etagere.n.01', 'fitment.n.01', 'hallstand.n.01', 'lamp.n.02', 'lawn_furniture.n.01', 'nest.n.05', 'office_furniture.n.01', 'seat.n.03', 'sectional.n.01', 'sheraton.n.01', 'sleeper.n.07', 'table.n.02', 'table.n.03', 'wall_unit.n.01', 'wardrobe.n.01', 'washstand.n.01']","['https://upload.wikimedia.org/wikipedia/commons/thumb/4/47/European_Sleeper_map.svg/652px-European_Sleeper_map.svg.png?20231214004820', 'https://upload.wikimedia.org/wikipedia/commons/thumb/4/48/Superliner_II_Sleeper_car_Roomette_dimensions.png/800px-Superliner_II_Sleeper_car_Roomette_dimensions.png?20210805210900', 'https://upload.wikimedia.org/wikipedia/commons/thumb/b/bb/New_Caledonian_Sleeper_train_on_test_-_geograph.org.uk_-_5738308.jpg/800px-New_Caledonian_Sleeper_train_on_test_-_geograph.org.uk_-_5738308.jpg?20231115152531', 'https://upload.wikimedia.org/wikipedia/commons/thumb/8/8e/Caledonian_Sleeper_%2838271773371%29.jpg/450px-Caledonian_Sleeper_%2838271773371%29.jpg?20171110131928', 'https://upload.wikimedia.org/wikipedia/commons/thumb/9/9c/Martha_Sleeper_-_Jul_1923_Shadowland.jpg/408px-Martha_Sleeper_-_Jul_1923_Shadowland.jpg?20191122185620']",European Sleeper map.svg,a piece of furniture that can be opened up into a bed,black-forest-labs_FLUX.1-dev,stabilityai_sdxl-turbo,3
4555400,106,appendix,washstand.n.01,washstand,['furniture.n.01'],"['baby_bed.n.01', 'bedroom_furniture.n.01', 'bedstead.n.01', 'bookcase.n.01', 'buffet.n.01', 'cabinet.n.01', 'chest_of_drawers.n.01', 'dining-room_furniture.n.01', 'etagere.n.01', 'fitment.n.01', 'hallstand.n.01', 'lamp.n.02', 'lawn_furniture.n.01', 'nest.n.05', 'office_furniture.n.01', 'seat.n.03', 'sectional.n.01', 'sheraton.n.01', 'sleeper.n.07', 'table.n.02', 'table.n.03', 'wall_unit.n.01', 'wardrobe.n.01', 'washstand.n.01']","['https://upload.wikimedia.org/wikipedia/commons/thumb/0/0b/Washstand_MET_DT1424.jpg/480px-Washstand_MET_DT1424.jpg?20170409183547', 'https://upload.wikimedia.org/wikipedia/commons/thumb/8/88/Gothic_double_washstand_%E2%80%A2_p343_%E2%80%A2_Scammell%27s_Cyclopedia_of_Valuable_Receipts_%281897%29.tif/lossy-page1-800px-Gothic_double_washstand_%E2%80%A2_p343_%E2%80%A2_Scammell%27s_Cyclopedia_of_Valuable_Receipts_%281897%29.tif.jpg?20220521044958', 'https://upload.wikimedia.org/wikipedia/commons/thumb/f/fd/Washstand_by_William_Burges_01.jpg/375px-Washstand_by_William_Burges_01.jpg?20240220194746', 'https://upload.wikimedia.org/wikipedia/commons/thumb/5/59/Interior_of_Mamo_Tower_04.jpg/400px-Interior_of_Mamo_Tower_04.jpg?20191127224124']",Washstand MET DT1424.jpg,furniture consisting of a table or stand to hold a basin and pitcher of water for washing: `wash-hand stand' is a British term,DeepFloyd_IF-I-XL-v1.0,black-forest-labs_FLUX.1-dev,3
7698915,107,appendix,pasta.n.02,"pasta,",['food.n.02'],"['baked_goods.n.01', 'breakfast_food.n.01', 'butter.n.01', 'cheese.n.01', 'chocolate.n.02', 'coconut.n.01', 'convenience_food.n.01', 'dika_bread.n.01', 'fish.n.02', 'fresh_food.n.01', 'health_food.n.01', 'junk_food.n.01', 'leftovers.n.01', 'loaf.n.02', 'meat.n.01', 'pasta.n.02', 'produce.n.01', 'seafood.n.01', 'slop.n.04', 'yogurt.n.01']","['https://upload.wikimedia.org/wikipedia/commons/thumb/3/3f/%28Pasta%29_by_David_Adam_Kess_%28pic.2%29.jpg/800px-%28Pasta%29_by_David_Adam_Kess_%28pic.2%29.jpg?20231116013947', 'https://upload.wikimedia.org/wikipedia/commons/thumb/1/1c/Pasta_with_Milk.jpg/450px-Pasta_with_Milk.jpg?20221225055124', 'https://upload.wikimedia.org/wikipedia/commons/thumb/3/33/Pasta_IMG_3985.JPG/800px-Pasta_IMG_3985.JPG?20090530110647', 'https://upload.wikimedia.org/wikipedia/commons/thumb/f/ff/Pasta_e_ceci_con_maltagliati_di_pasta_all%E2%80%99uovo.jpg/450px-Pasta_e_ceci_con_maltagliati_di_pasta_all%E2%80%99uovo.jpg?20160922095300', 'https://upload.wikimedia.org/wikipedia/commons/thumb/c/c6/Pasta_Pasta.jpg/450px-Pasta_Pasta.jpg?20210409165222']",(Pasta) by David Adam Kess (pic.2).jpg,shaped and dried dough made from flour and water and sometimes egg,black-forest-labs_FLUX.1-dev,prompthero_openjourney,1
7702193,109,appendix,dumpling.n.01,dumpling,['pasta.n.02'],"['couscous.n.02', 'dumpling.n.01', 'farfalle.n.01', 'fedelline.n.01', 'fettuccine.n.01', 'lasagna.n.02', 'linguine.n.01', 'macaroni.n.02', 'manicotti.n.01', 'mostaccioli.n.01', 'noodle.n.01', 'orzo.n.01', 'penne.n.01', 'ravioli.n.01', 'rigatoni.n.01', 'spaghetti.n.02', 'spaghettini.n.01', 'tagliatelle.n.01', 'tortellini.n.01', 'vermicelli.n.01', 'ziti.n.01']","['https://upload.wikimedia.org/wikipedia/commons/thumb/1/1a/02024_0417_Pierogi_%28Dumplings%29.jpg/800px-02024_0417_Pierogi_%28Dumplings%29.jpg?20240503185156', 'https://upload.wikimedia.org/wikipedia/commons/thumb/1/19/Dumplings_at_Chinese_restaurant_in_Tokyo_Midtown_2.jpg/796px-Dumplings_at_Chinese_restaurant_in_Tokyo_Midtown_2.jpg?20231214083953', 'https://upload.wikimedia.org/wikipedia/commons/thumb/9/99/Putien_bian_rou_dumpling_soup.jpg/800px-Putien_bian_rou_dumpling_soup.jpg?20210613083040', 'https://upload.wikimedia.org/wikipedia/commons/thumb/f/f8/The_cooking_procedure_of_Scomberomorussinensis_dumplings_-_picture_1st.jpg/450px-The_cooking_procedure_of_Scomberomorussinensis_dumplings_-_picture_1st.jpg?20190906231821', 'https://upload.wikimedia.org/wikipedia/commons/thumb/6/6a/Mama_Yali%27s_Dumpling_Kitchen_-_December_2023_-_Sarah_Stierch_01.jpg/800px-Mama_Yali%27s_Dumpling_Kitchen_-_December_2023_-_Sarah_Stierch_01.jpg?20240101043648']",02024 0417 Pierogi (Dumplings).jpg,small balls or strips of boiled or steamed dough,runwayml_stable-diffusion-v1-5,black-forest-labs_FLUX.1-dev,2
7701053,113,appendix,lasagna.n.02,lasagna,['pasta.n.02'],"['couscous.n.02', 'dumpling.n.01', 'farfalle.n.01', 'fedelline.n.01', 'fettuccine.n.01', 'lasagna.n.02', 'linguine.n.01', 'macaroni.n.02', 'manicotti.n.01', 'mostaccioli.n.01', 'noodle.n.01', 'orzo.n.01', 'penne.n.01', 'ravioli.n.01', 'rigatoni.n.01', 'spaghetti.n.02', 'spaghettini.n.01', 'tagliatelle.n.01', 'tortellini.n.01', 'vermicelli.n.01', 'ziti.n.01']","['https://upload.wikimedia.org/wikipedia/commons/thumb/0/06/Meaty_Lasagna_8of8_%288736299782%29.jpg/800px-Meaty_Lasagna_8of8_%288736299782%29.jpg?20170115202025', 'https://upload.wikimedia.org/wikipedia/commons/thumb/5/56/Lasagna_2022.jpg/450px-Lasagna_2022.jpg?20221130082214', 'https://upload.wikimedia.org/wikipedia/commons/thumb/3/34/Lasagna_4.jpg/450px-Lasagna_4.jpg?20230107102948', 'https://upload.wikimedia.org/wikipedia/commons/thumb/4/40/Beef_Lasagna_-_The_Mad_Hatter.jpg/800px-Beef_Lasagna_-_The_Mad_Hatter.jpg?20230415135328', 'https://upload.wikimedia.org/wikipedia/commons/thumb/1/16/Lasagna_with_minced_meat%2C_Brisbane.jpg/800px-Lasagna_with_minced_meat%2C_Brisbane.jpg?20200902060516']",Meaty Lasagna 8of8 (8736299782).jpg,very wide flat strips of pasta,black-forest-labs_FLUX.1-dev,Tencent-Hunyuan_HunyuanDiT-v1.2-Diffusers,3
7872492,117,appendix,mostaccioli.n.01,mostaccioli,['pasta.n.02'],"['couscous.n.02', 'dumpling.n.01', 'farfalle.n.01', 'fedelline.n.01', 'fettuccine.n.01', 'lasagna.n.02', 'linguine.n.01', 'macaroni.n.02', 'manicotti.n.01', 'mostaccioli.n.01', 'noodle.n.01', 'orzo.n.01', 'penne.n.01', 'ravioli.n.01', 'rigatoni.n.01', 'spaghetti.n.02', 'spaghettini.n.01', 'tagliatelle.n.01', 'tortellini.n.01', 'vermicelli.n.01', 'ziti.n.01']","['https://upload.wikimedia.org/wikipedia/commons/thumb/8/84/Penne_sammenbygd.jpg/800px-Penne_sammenbygd.jpg?20221023190255', 'https://upload.wikimedia.org/wikipedia/commons/thumb/0/0b/Pennelisce_closeup.png/800px-Pennelisce_closeup.png?20180115190154', 'https://upload.wikimedia.org/wikipedia/commons/thumb/c/cd/Penne_Arrabbiata.jpg/698px-Penne_Arrabbiata.jpg?20230521185924', 'https://upload.wikimedia.org/wikipedia/commons/thumb/c/c3/Whole_wheat_penne%2C_cooked_and_uncooked.jpg/800px-Whole_wheat_penne%2C_cooked_and_uncooked.jpg?20080322191857', 'https://upload.wikimedia.org/wikipedia/commons/thumb/6/64/Penne_ao_molho_Pomodoro_e_Polpetone_-_Spoleto.jpg/800px-Penne_ao_molho_Pomodoro_e_Polpetone_-_Spoleto.jpg?20190715024522']",Penne sammenbygd.jpg,pasta somewhat resembling little moustaches,PixArt-alpha_PixArt-Sigma-XL-2-512-MS,black-forest-labs_FLUX.1-dev,2
7701244,121,appendix,ravioli.n.01,ravioli,['pasta.n.02'],"['couscous.n.02', 'dumpling.n.01', 'farfalle.n.01', 'fedelline.n.01', 'fettuccine.n.01', 'lasagna.n.02', 'linguine.n.01', 'macaroni.n.02', 'manicotti.n.01', 'mostaccioli.n.01', 'noodle.n.01', 'orzo.n.01', 'penne.n.01', 'ravioli.n.01', 'rigatoni.n.01', 'spaghetti.n.02', 'spaghettini.n.01', 'tagliatelle.n.01', 'tortellini.n.01', 'vermicelli.n.01', 'ziti.n.01']","['https://upload.wikimedia.org/wikipedia/commons/8/86/Ravioli_di_Faraona.JPG?20071027021333', 'https://upload.wikimedia.org/wikipedia/commons/thumb/3/3d/Ravioli_3.jpg/796px-Ravioli_3.jpg?20231130055540', 'https://upload.wikimedia.org/wikipedia/commons/thumb/0/06/Ravioli_2020.jpg/800px-Ravioli_2020.jpg?20200321183907', 'https://upload.wikimedia.org/wikipedia/commons/thumb/8/82/Ravioli_Soup_with_Sausage_and_Kale-1_%2832420624362%29.jpg/398px-Ravioli_Soup_with_Sausage_and_Kale-1_%2832420624362%29.jpg?20210307132036', 'https://upload.wikimedia.org/wikipedia/commons/thumb/2/2e/Raviolis_en_salsa_de_nous.jpg/800px-Raviolis_en_salsa_de_nous.jpg?20200609135016']",Ravioli di Faraona.JPG,small circular or square cases of dough with savory fillings,black-forest-labs_FLUX.1-dev,DeepFloyd_IF-I-XL-v1.0,2
7701372,125,appendix,tagliatelle.n.01,tagliatelle,['pasta.n.02'],"['couscous.n.02', 'dumpling.n.01', 'farfalle.n.01', 'fedelline.n.01', 'fettuccine.n.01', 'lasagna.n.02', 'linguine.n.01', 'macaroni.n.02', 'manicotti.n.01', 'mostaccioli.n.01', 'noodle.n.01', 'orzo.n.01', 'penne.n.01', 'ravioli.n.01', 'rigatoni.n.01', 'spaghetti.n.02', 'spaghettini.n.01', 'tagliatelle.n.01', 'tortellini.n.01', 'vermicelli.n.01', 'ziti.n.01']","['https://upload.wikimedia.org/wikipedia/commons/thumb/3/32/Dry_tagliatelle_pasta.jpg/600px-Dry_tagliatelle_pasta.jpg?20060525204806', 'https://upload.wikimedia.org/wikipedia/commons/thumb/1/1c/Tagliatelle_Al_Salmone_-_Pinocchio_2024-06-18.jpg/800px-Tagliatelle_Al_Salmone_-_Pinocchio_2024-06-18.jpg?20240619050205', 'https://upload.wikimedia.org/wikipedia/commons/thumb/b/b8/Tagliatelle_Funghi_e_Prosciutto_-_Donatello_2023-09-12.jpg/450px-Tagliatelle_Funghi_e_Prosciutto_-_Donatello_2023-09-12.jpg?20230913105846', 'https://upload.wikimedia.org/wikipedia/commons/thumb/9/91/Tagliatelle_con_farina_di_castagne.jpg/800px-Tagliatelle_con_farina_di_castagne.jpg?20150823194733', 'https://upload.wikimedia.org/wikipedia/commons/6/67/Nests_of_tagliatelle_bolognesi.jpg?20100509203651']",Dry tagliatelle pasta.jpg,pasta cut in narrow ribbons,black-forest-labs_FLUX.1-dev,PixArt-alpha_PixArt-Sigma-XL-2-512-MS,3
7700868,127,appendix,vermicelli.n.01,vermicelli,['pasta.n.02'],"['couscous.n.02', 'dumpling.n.01', 'farfalle.n.01', 'fedelline.n.01', 'fettuccine.n.01', 'lasagna.n.02', 'linguine.n.01', 'macaroni.n.02', 'manicotti.n.01', 'mostaccioli.n.01', 'noodle.n.01', 'orzo.n.01', 'penne.n.01', 'ravioli.n.01', 'rigatoni.n.01', 'spaghetti.n.02', 'spaghettini.n.01', 'tagliatelle.n.01', 'tortellini.n.01', 'vermicelli.n.01', 'ziti.n.01']","['https://upload.wikimedia.org/wikipedia/commons/thumb/f/f2/Fideo_%28coiled_vermicelli%29.JPG/800px-Fideo_%28coiled_vermicelli%29.JPG?20240520191041', 'https://upload.wikimedia.org/wikipedia/commons/thumb/6/63/Vermicelli_Upma_in_North_India.jpg/800px-Vermicelli_Upma_in_North_India.jpg?20220429103532', 'https://upload.wikimedia.org/wikipedia/commons/thumb/0/01/Vermicelli_dish_from_India.jpg/800px-Vermicelli_dish_from_India.jpg?20220117102836', 'https://upload.wikimedia.org/wikipedia/commons/thumb/a/a2/Macaroni_and_Similar_Pastes%2C_illustration_from_The_Encyclopedia_of_Food_by_Artemas_Ward.jpg/373px-Macaroni_and_Similar_Pastes%2C_illustration_from_The_Encyclopedia_of_Food_by_Artemas_Ward.jpg?20191009204454', 'https://upload.wikimedia.org/wikipedia/commons/thumb/8/89/Sebai_Ko_Kherr.jpg/450px-Sebai_Ko_Kherr.jpg?20230122171044']",Fideo (coiled vermicelli).JPG,pasta in strings thinner than spaghetti,stabilityai_stable-diffusion-xl-base-1.0,black-forest-labs_FLUX.1-dev,2
7852712,131,appendix,brick_cheese.n.01,brick_cheese,['cheese.n.01'],"['bleu.n.01', 'brick_cheese.n.01', 'brie.n.01', 'camembert.n.01', 'cheddar.n.02', 'cheshire_cheese.n.01', 'cottage_cheese.n.01', 'cream_cheese.n.01', 'double_gloucester.n.01', 'edam.n.01', 'goat_cheese.n.01', 'gouda.n.01', 'grated_cheese.n.01', 'hand_cheese.n.01', 'liederkranz.n.01', 'limburger.n.01', 'mozzarella.n.01', 'muenster.n.01', 'parmesan.n.01', 'process_cheese.n.01', 'quark_cheese.n.01', 'ricotta.n.01', 'string_cheese.n.01', 'swiss_cheese.n.01', 'triple_cream.n.01', 'velveeta.n.01']","['https://upload.wikimedia.org/wikipedia/commons/c/cb/Brickcheese.jpg?20100920081948', 'https://upload.wikimedia.org/wikipedia/commons/thumb/e/ef/Brick_sized_Camembert.jpg/800px-Brick_sized_Camembert.jpg?20210726073725', 'https://upload.wikimedia.org/wikipedia/commons/thumb/b/b6/Brick_sized_Camembert_cut_in_half.jpg/800px-Brick_sized_Camembert_cut_in_half.jpg?20210726073724', 'https://upload.wikimedia.org/wikipedia/commons/thumb/3/38/Brick_sized_Camembert_cut_in_half_again.jpg/800px-Brick_sized_Camembert_cut_in_half_again.jpg?20210726073726', 'https://upload.wikimedia.org/wikipedia/commons/thumb/e/eb/Philadelphia_cream_cheese_%28flash%29.jpg/800px-Philadelphia_cream_cheese_%28flash%29.jpg?20180227191938']",Brickcheese.jpg,semisoft sweet American cheese from whole milk in a brick form,kandinsky-community_kandinsky-3,black-forest-labs_FLUX.1-dev,2
7853232,135,appendix,cheshire_cheese.n.01,Cheshire_cheese,['cheese.n.01'],"['bleu.n.01', 'brick_cheese.n.01', 'brie.n.01', 'camembert.n.01', 'cheddar.n.02', 'cheshire_cheese.n.01', 'cottage_cheese.n.01', 'cream_cheese.n.01', 'double_gloucester.n.01', 'edam.n.01', 'goat_cheese.n.01', 'gouda.n.01', 'grated_cheese.n.01', 'hand_cheese.n.01', 'liederkranz.n.01', 'limburger.n.01', 'mozzarella.n.01', 'muenster.n.01', 'parmesan.n.01', 'process_cheese.n.01', 'quark_cheese.n.01', 'ricotta.n.01', 'string_cheese.n.01', 'swiss_cheese.n.01', 'triple_cream.n.01', 'velveeta.n.01']","['https://upload.wikimedia.org/wikipedia/commons/thumb/4/45/Cheshire_Cheese.jpg/800px-Cheshire_Cheese.jpg?20060815163800', 'https://upload.wikimedia.org/wikipedia/commons/thumb/2/2e/Cheese_26_bg_051806.jpg/800px-Cheese_26_bg_051806.jpg?20060602192731', 'https://upload.wikimedia.org/wikipedia/commons/0/0b/1771_Barrell_BostonNewsLetter_Aug22.png?20100426121953', 'https://upload.wikimedia.org/wikipedia/commons/thumb/e/e6/The_Olde_Cheshire_Cheese_on_Fleet_Street_and_the_clock_of_the_old_Daily_Telegraph_building.jpg/450px-The_Olde_Cheshire_Cheese_on_Fleet_Street_and_the_clock_of_the_old_Daily_Telegraph_building.jpg?20210913190026', 'https://upload.wikimedia.org/wikipedia/commons/6/6c/Cheshire_Cheese_-_geograph.org.uk_-_1943254.jpg?20210430060512']",Cheshire Cheese.jpg,a mild yellow English cheese with a crumbly texture,black-forest-labs_FLUX.1-dev,Tencent-Hunyuan_HunyuanDiT-v1.2-Diffusers,2
7854184,146,appendix,mozzarella.n.01,mozzarella,['cheese.n.01'],"['bleu.n.01', 'brick_cheese.n.01', 'brie.n.01', 'camembert.n.01', 'cheddar.n.02', 'cheshire_cheese.n.01', 'cottage_cheese.n.01', 'cream_cheese.n.01', 'double_gloucester.n.01', 'edam.n.01', 'goat_cheese.n.01', 'gouda.n.01', 'grated_cheese.n.01', 'hand_cheese.n.01', 'liederkranz.n.01', 'limburger.n.01', 'mozzarella.n.01', 'muenster.n.01', 'parmesan.n.01', 'process_cheese.n.01', 'quark_cheese.n.01', 'ricotta.n.01', 'string_cheese.n.01', 'swiss_cheese.n.01', 'triple_cream.n.01', 'velveeta.n.01']","['https://upload.wikimedia.org/wikipedia/commons/thumb/5/57/Mozzarella_di_bufala3.jpg/800px-Mozzarella_di_bufala3.jpg?20160708055206', 'https://upload.wikimedia.org/wikipedia/commons/thumb/5/50/Mozzarella_cheese.jpg/800px-Mozzarella_cheese.jpg?20060603111700', 'https://upload.wikimedia.org/wikipedia/commons/thumb/5/51/Mozzarella_cheese_%281%29.jpg/800px-Mozzarella_cheese_%281%29.jpg?20130227234243', 'https://upload.wikimedia.org/wikipedia/commons/thumb/8/8d/Shepherd%27s_pie_with_a_mozzarella_cheese_topping.jpg/800px-Shepherd%27s_pie_with_a_mozzarella_cheese_topping.jpg?20130501192237', 'https://upload.wikimedia.org/wikipedia/commons/thumb/f/f2/Mozzarella_cheese_and_tomato_salad.jpg/800px-Mozzarella_cheese_and_tomato_salad.jpg?20191019222116']",Mozzarella di bufala3.jpg,mild white Italian cheese,Tencent-Hunyuan_HunyuanDiT-v1.2-Diffusers,black-forest-labs_FLUX.1-dev,3
4105893,156,appendix,room.n.01,room,['area.n.05'],"['aisle.n.03', 'auditorium.n.01', 'baggage_claim.n.01', 'box.n.07', 'breakfast_area.n.01', 'bullpen.n.01', 'chancel.n.01', 'choir.n.03', 'corner.n.03', 'court.n.10', 'dead-air_space.n.01', 'dining_area.n.01', 'enclosure.n.01', 'goalmouth.n.01', 'hideaway.n.02', 'nave.n.01', 'orchestra_pit.n.01', 'panopticon.n.01', 'patio.n.01', 'pit.n.06', 'pit.n.07', 'press_gallery.n.01', 'pull-off.n.01', 'quad.n.04', 'room.n.01', 'second_balcony.n.01', 'storage_space.n.01', 'threshing_floor.n.01', 'turnaround.n.03']","['https://upload.wikimedia.org/wikipedia/commons/thumb/5/5e/A_room_in_Tabatabai_House%2C_Kashan%2C_Iran.jpg/800px-A_room_in_Tabatabai_House%2C_Kashan%2C_Iran.jpg?20201001055808', 'https://upload.wikimedia.org/wikipedia/commons/thumb/7/7d/Japanese_youth_hostel_room.jpg/800px-Japanese_youth_hostel_room.jpg?20070103002220', 'https://upload.wikimedia.org/wikipedia/commons/thumb/c/c4/D%C3%BClmen%2C_Alte_Brennerei_L%C3%B6hning_--_2015_--_8609-13.jpg/800px-D%C3%BClmen%2C_Alte_Brennerei_L%C3%B6hning_--_2015_--_8609-13.jpg?20161124071458', 'https://upload.wikimedia.org/wikipedia/commons/thumb/8/82/Cukrowicz_nachbaur_Kapelle_1.JPG/438px-Cukrowicz_nachbaur_Kapelle_1.JPG?20090905123247', 'https://upload.wikimedia.org/wikipedia/commons/thumb/a/ac/Fortezza_Verrucole_Archeopark_interno.jpg/800px-Fortezza_Verrucole_Archeopark_interno.jpg?20170927122638']","A room in Tabatabai House, Kashan, Iran.jpg",an area within a building enclosed by walls and floor and ceiling,black-forest-labs_FLUX.1-dev,prompthero_openjourney,4
2963987,167,appendix,cardroom.n.01,cardroom,['room.n.01'],"['anechoic_chamber.n.01', 'anteroom.n.01', 'back_room.n.01', 'ballroom.n.01', 'barroom.n.01', 'bathroom.n.01', 'bedroom.n.01', 'belfry.n.02', 'billiard_room.n.01', 'boardroom.n.01', 'cardroom.n.01', 'cell.n.06', 'cell.n.07', 'chamber.n.03', 'checkroom.n.01', 'classroom.n.01', 'clean_room.n.01', 'cloakroom.n.02', 'closet.n.04', 'clubroom.n.01', 'compartment.n.02', 'conference_room.n.01', 'control_room.n.01', 'court.n.02', 'cubby.n.01', 'cutting_room.n.01', 'darkroom.n.01', 'den.n.04', 'dinette.n.01', 'dining_room.n.01', 'door.n.05', 'dressing_room.n.01', 'durbar.n.01', 'engineering.n.03', 'floor.n.10', 'furnace_room.n.01', 'gallery.n.03', 'gallery.n.04', 'greenroom.n.01', 'guardroom.n.02', 'hall.n.03', 'hospital_room.n.01', 'kitchen.n.01', 'library.n.01', 'living_room.n.01', 'locker_room.n.01', 'lounge.n.02', 'manor_hall.n.01', 'poolroom.n.01', 'presence_chamber.n.01', 'rathole.n.02', 'reading_room.n.01', 'reception_room.n.01', 'recreation_room.n.01', 'rotunda.n.02', 'scriptorium.n.01', 'scullery.n.01', 'sewing_room.n.01', 'shipping_room.n.01', 'shower_room.n.01', 'sickbay.n.01', 'sickroom.n.01', 'smoking_room.n.01', 'squad_room.n.01', 'squad_room.n.02', 'steam_bath.n.01', 'storeroom.n.01', 'study.n.05', 'sun_parlor.n.01', 'surgery.n.02', 'television_room.n.01', 'test_room.n.01', 'toilet.n.01', 'torture_chamber.n.01', 'vestry.n.02', 'walk-in.n.04', 'war_room.n.01', 'workroom.n.01']","['https://upload.wikimedia.org/wikipedia/commons/thumb/2/2d/Gaming_Room_Design.jpg/800px-Gaming_Room_Design.jpg?20231016053630', 'https://upload.wikimedia.org/wikipedia/commons/thumb/d/d7/Palazzina_cinese_%28Palermo%29_-_game_room_01.jpg/800px-Palazzina_cinese_%28Palermo%29_-_game_room_01.jpg?20191208165713']",Gaming Room Design.jpg,a room for gambling on card games,DeepFloyd_IF-I-XL-v1.0,black-forest-labs_FLUX.1-dev,2
2991302,169,appendix,cell.n.07,cell,['room.n.01'],"['anechoic_chamber.n.01', 'anteroom.n.01', 'back_room.n.01', 'ballroom.n.01', 'barroom.n.01', 'bathroom.n.01', 'bedroom.n.01', 'belfry.n.02', 'billiard_room.n.01', 'boardroom.n.01', 'cardroom.n.01', 'cell.n.06', 'cell.n.07', 'chamber.n.03', 'checkroom.n.01', 'classroom.n.01', 'clean_room.n.01', 'cloakroom.n.02', 'closet.n.04', 'clubroom.n.01', 'compartment.n.02', 'conference_room.n.01', 'control_room.n.01', 'court.n.02', 'cubby.n.01', 'cutting_room.n.01', 'darkroom.n.01', 'den.n.04', 'dinette.n.01', 'dining_room.n.01', 'door.n.05', 'dressing_room.n.01', 'durbar.n.01', 'engineering.n.03', 'floor.n.10', 'furnace_room.n.01', 'gallery.n.03', 'gallery.n.04', 'greenroom.n.01', 'guardroom.n.02', 'hall.n.03', 'hospital_room.n.01', 'kitchen.n.01', 'library.n.01', 'living_room.n.01', 'locker_room.n.01', 'lounge.n.02', 'manor_hall.n.01', 'poolroom.n.01', 'presence_chamber.n.01', 'rathole.n.02', 'reading_room.n.01', 'reception_room.n.01', 'recreation_room.n.01', 'rotunda.n.02', 'scriptorium.n.01', 'scullery.n.01', 'sewing_room.n.01', 'shipping_room.n.01', 'shower_room.n.01', 'sickbay.n.01', 'sickroom.n.01', 'smoking_room.n.01', 'squad_room.n.01', 'squad_room.n.02', 'steam_bath.n.01', 'storeroom.n.01', 'study.n.05', 'sun_parlor.n.01', 'surgery.n.02', 'television_room.n.01', 'test_room.n.01', 'toilet.n.01', 'torture_chamber.n.01', 'vestry.n.02', 'walk-in.n.04', 'war_room.n.01', 'workroom.n.01']","['https://upload.wikimedia.org/wikipedia/commons/thumb/2/2f/Animal_cell_cycle-en.svg/617px-Animal_cell_cycle-en.svg.png?20130102161143', 'https://upload.wikimedia.org/wikipedia/commons/thumb/3/38/Bryum_capillare_leaf_cells.jpg/800px-Bryum_capillare_leaf_cells.jpg?20141004080754', 'https://upload.wikimedia.org/wikipedia/commons/thumb/3/37/Wilson1900Fig2.jpg/800px-Wilson1900Fig2.jpg?20210109115806', 'https://upload.wikimedia.org/wikipedia/commons/7/7c/Epithelial-cells.jpg?20050502194932', 'https://upload.wikimedia.org/wikipedia/commons/thumb/e/e7/Plant_cell_types.svg/800px-Plant_cell_types.svg.png?20130415231104']",Animal cell cycle-en.svg,a room where a prisoner is kept,stabilityai_sdxl-turbo,black-forest-labs_FLUX.1-dev,1
3120778,180,appendix,court.n.02,court,['room.n.01'],"['anechoic_chamber.n.01', 'anteroom.n.01', 'back_room.n.01', 'ballroom.n.01', 'barroom.n.01', 'bathroom.n.01', 'bedroom.n.01', 'belfry.n.02', 'billiard_room.n.01', 'boardroom.n.01', 'cardroom.n.01', 'cell.n.06', 'cell.n.07', 'chamber.n.03', 'checkroom.n.01', 'classroom.n.01', 'clean_room.n.01', 'cloakroom.n.02', 'closet.n.04', 'clubroom.n.01', 'compartment.n.02', 'conference_room.n.01', 'control_room.n.01', 'court.n.02', 'cubby.n.01', 'cutting_room.n.01', 'darkroom.n.01', 'den.n.04', 'dinette.n.01', 'dining_room.n.01', 'door.n.05', 'dressing_room.n.01', 'durbar.n.01', 'engineering.n.03', 'floor.n.10', 'furnace_room.n.01', 'gallery.n.03', 'gallery.n.04', 'greenroom.n.01', 'guardroom.n.02', 'hall.n.03', 'hospital_room.n.01', 'kitchen.n.01', 'library.n.01', 'living_room.n.01', 'locker_room.n.01', 'lounge.n.02', 'manor_hall.n.01', 'poolroom.n.01', 'presence_chamber.n.01', 'rathole.n.02', 'reading_room.n.01', 'reception_room.n.01', 'recreation_room.n.01', 'rotunda.n.02', 'scriptorium.n.01', 'scullery.n.01', 'sewing_room.n.01', 'shipping_room.n.01', 'shower_room.n.01', 'sickbay.n.01', 'sickroom.n.01', 'smoking_room.n.01', 'squad_room.n.01', 'squad_room.n.02', 'steam_bath.n.01', 'storeroom.n.01', 'study.n.05', 'sun_parlor.n.01', 'surgery.n.02', 'television_room.n.01', 'test_room.n.01', 'toilet.n.01', 'torture_chamber.n.01', 'vestry.n.02', 'walk-in.n.04', 'war_room.n.01', 'workroom.n.01']","['https://upload.wikimedia.org/wikipedia/commons/thumb/4/4c/Supreme_Court_of_the_United_Kingdom%2C_Court_1_Interior%2C_London%2C_UK_-_Diliff.jpg/800px-Supreme_Court_of_the_United_Kingdom%2C_Court_1_Interior%2C_London%2C_UK_-_Diliff.jpg?20150930132205', 'https://upload.wikimedia.org/wikipedia/commons/thumb/4/44/Courtyard_Zappeion_Athens%2C_Greece.jpg/800px-Courtyard_Zappeion_Athens%2C_Greece.jpg?20160815165310', 'https://upload.wikimedia.org/wikipedia/commons/thumb/1/17/Microcosm_of_London_Plate_058_-_Old_Bailey_edited.jpg/793px-Microcosm_of_London_Plate_058_-_Old_Bailey_edited.jpg?20060211031953', 'https://upload.wikimedia.org/wikipedia/commons/thumb/0/0f/Corpus_Christi_College_New_Court%2C_Cambridge%2C_UK_-_Diliff.jpg/800px-Corpus_Christi_College_New_Court%2C_Cambridge%2C_UK_-_Diliff.jpg?20140724120352', 'https://upload.wikimedia.org/wikipedia/commons/thumb/d/de/US_Supreme_Court.JPG/800px-US_Supreme_Court.JPG?20070407215029']","Supreme Court of the United Kingdom, Court 1 Interior, London, UK - Diliff.jpg",a room in which a lawcourt sits,black-forest-labs_FLUX.1-dev,prompthero_openjourney,1
3162460,183,appendix,darkroom.n.01,darkroom,['room.n.01'],"['anechoic_chamber.n.01', 'anteroom.n.01', 'back_room.n.01', 'ballroom.n.01', 'barroom.n.01', 'bathroom.n.01', 'bedroom.n.01', 'belfry.n.02', 'billiard_room.n.01', 'boardroom.n.01', 'cardroom.n.01', 'cell.n.06', 'cell.n.07', 'chamber.n.03', 'checkroom.n.01', 'classroom.n.01', 'clean_room.n.01', 'cloakroom.n.02', 'closet.n.04', 'clubroom.n.01', 'compartment.n.02', 'conference_room.n.01', 'control_room.n.01', 'court.n.02', 'cubby.n.01', 'cutting_room.n.01', 'darkroom.n.01', 'den.n.04', 'dinette.n.01', 'dining_room.n.01', 'door.n.05', 'dressing_room.n.01', 'durbar.n.01', 'engineering.n.03', 'floor.n.10', 'furnace_room.n.01', 'gallery.n.03', 'gallery.n.04', 'greenroom.n.01', 'guardroom.n.02', 'hall.n.03', 'hospital_room.n.01', 'kitchen.n.01', 'library.n.01', 'living_room.n.01', 'locker_room.n.01', 'lounge.n.02', 'manor_hall.n.01', 'poolroom.n.01', 'presence_chamber.n.01', 'rathole.n.02', 'reading_room.n.01', 'reception_room.n.01', 'recreation_room.n.01', 'rotunda.n.02', 'scriptorium.n.01', 'scullery.n.01', 'sewing_room.n.01', 'shipping_room.n.01', 'shower_room.n.01', 'sickbay.n.01', 'sickroom.n.01', 'smoking_room.n.01', 'squad_room.n.01', 'squad_room.n.02', 'steam_bath.n.01', 'storeroom.n.01', 'study.n.05', 'sun_parlor.n.01', 'surgery.n.02', 'television_room.n.01', 'test_room.n.01', 'toilet.n.01', 'torture_chamber.n.01', 'vestry.n.02', 'walk-in.n.04', 'war_room.n.01', 'workroom.n.01']","['https://upload.wikimedia.org/wikipedia/commons/thumb/6/62/Dark_room.jpg/800px-Dark_room.jpg?20130929202237', 'https://upload.wikimedia.org/wikipedia/commons/thumb/f/f8/UCHSPhotoDarkRoom9.10.09ByLuigiNovi1.jpg/800px-UCHSPhotoDarkRoom9.10.09ByLuigiNovi1.jpg?20140509092550', 'https://upload.wikimedia.org/wikipedia/commons/thumb/5/5e/Darkroom_%28panoramic_view%29.jpg/800px-Darkroom_%28panoramic_view%29.jpg?20131225231627', 'https://upload.wikimedia.org/wikipedia/commons/thumb/e/ef/MCTC_Darkroom_%28243824167%29.jpg/800px-MCTC_Darkroom_%28243824167%29.jpg?20150430191954', 'https://upload.wikimedia.org/wikipedia/commons/thumb/5/5c/Newspaper_darkroom_circa_1985_%284220296875%29.jpg/800px-Newspaper_darkroom_circa_1985_%284220296875%29.jpg?20170428025058']",Dark room.jpg,a room in which photographs are developed,black-forest-labs_FLUX.1-dev,stabilityai_stable-diffusion-xl-base-1.0,2
3405111,192,appendix,furnace_room.n.01,furnace_room,['room.n.01'],"['anechoic_chamber.n.01', 'anteroom.n.01', 'back_room.n.01', 'ballroom.n.01', 'barroom.n.01', 'bathroom.n.01', 'bedroom.n.01', 'belfry.n.02', 'billiard_room.n.01', 'boardroom.n.01', 'cardroom.n.01', 'cell.n.06', 'cell.n.07', 'chamber.n.03', 'checkroom.n.01', 'classroom.n.01', 'clean_room.n.01', 'cloakroom.n.02', 'closet.n.04', 'clubroom.n.01', 'compartment.n.02', 'conference_room.n.01', 'control_room.n.01', 'court.n.02', 'cubby.n.01', 'cutting_room.n.01', 'darkroom.n.01', 'den.n.04', 'dinette.n.01', 'dining_room.n.01', 'door.n.05', 'dressing_room.n.01', 'durbar.n.01', 'engineering.n.03', 'floor.n.10', 'furnace_room.n.01', 'gallery.n.03', 'gallery.n.04', 'greenroom.n.01', 'guardroom.n.02', 'hall.n.03', 'hospital_room.n.01', 'kitchen.n.01', 'library.n.01', 'living_room.n.01', 'locker_room.n.01', 'lounge.n.02', 'manor_hall.n.01', 'poolroom.n.01', 'presence_chamber.n.01', 'rathole.n.02', 'reading_room.n.01', 'reception_room.n.01', 'recreation_room.n.01', 'rotunda.n.02', 'scriptorium.n.01', 'scullery.n.01', 'sewing_room.n.01', 'shipping_room.n.01', 'shower_room.n.01', 'sickbay.n.01', 'sickroom.n.01', 'smoking_room.n.01', 'squad_room.n.01', 'squad_room.n.02', 'steam_bath.n.01', 'storeroom.n.01', 'study.n.05', 'sun_parlor.n.01', 'surgery.n.02', 'television_room.n.01', 'test_room.n.01', 'toilet.n.01', 'torture_chamber.n.01', 'vestry.n.02', 'walk-in.n.04', 'war_room.n.01', 'workroom.n.01']","['https://upload.wikimedia.org/wikipedia/commons/thumb/c/ce/The_top_room_inside_in_bennebol_blast_furnace_2.jpg/800px-The_top_room_inside_in_bennebol_blast_furnace_2.jpg?20201101104539', 'https://upload.wikimedia.org/wikipedia/commons/thumb/6/67/Central_heating_unit.jpg/481px-Central_heating_unit.jpg?20090916080449', 'https://upload.wikimedia.org/wikipedia/commons/thumb/5/5a/The_top_room_inside_in_bennebol_blast_furnace.jpg/800px-The_top_room_inside_in_bennebol_blast_furnace.jpg?20201101104539', 'https://upload.wikimedia.org/wikipedia/commons/thumb/0/05/Furnace_Creek_Resort_%288%29.JPG/800px-Furnace_Creek_Resort_%288%29.JPG?20161104093358', 'https://upload.wikimedia.org/wikipedia/commons/thumb/6/61/Carrie_Furnace_6_%28234254582%29.jpg/800px-Carrie_Furnace_6_%28234254582%29.jpg?20150223030940']",The top room inside in bennebol blast furnace 2.jpg,a room (usually in the basement of a building) that contains a furnace for heating the building,Tencent-Hunyuan_HunyuanDiT-v1.2-Diffusers,black-forest-labs_FLUX.1-dev,3
3619890,199,appendix,kitchen.n.01,kitchen,['room.n.01'],"['anechoic_chamber.n.01', 'anteroom.n.01', 'back_room.n.01', 'ballroom.n.01', 'barroom.n.01', 'bathroom.n.01', 'bedroom.n.01', 'belfry.n.02', 'billiard_room.n.01', 'boardroom.n.01', 'cardroom.n.01', 'cell.n.06', 'cell.n.07', 'chamber.n.03', 'checkroom.n.01', 'classroom.n.01', 'clean_room.n.01', 'cloakroom.n.02', 'closet.n.04', 'clubroom.n.01', 'compartment.n.02', 'conference_room.n.01', 'control_room.n.01', 'court.n.02', 'cubby.n.01', 'cutting_room.n.01', 'darkroom.n.01', 'den.n.04', 'dinette.n.01', 'dining_room.n.01', 'door.n.05', 'dressing_room.n.01', 'durbar.n.01', 'engineering.n.03', 'floor.n.10', 'furnace_room.n.01', 'gallery.n.03', 'gallery.n.04', 'greenroom.n.01', 'guardroom.n.02', 'hall.n.03', 'hospital_room.n.01', 'kitchen.n.01', 'library.n.01', 'living_room.n.01', 'locker_room.n.01', 'lounge.n.02', 'manor_hall.n.01', 'poolroom.n.01', 'presence_chamber.n.01', 'rathole.n.02', 'reading_room.n.01', 'reception_room.n.01', 'recreation_room.n.01', 'rotunda.n.02', 'scriptorium.n.01', 'scullery.n.01', 'sewing_room.n.01', 'shipping_room.n.01', 'shower_room.n.01', 'sickbay.n.01', 'sickroom.n.01', 'smoking_room.n.01', 'squad_room.n.01', 'squad_room.n.02', 'steam_bath.n.01', 'storeroom.n.01', 'study.n.05', 'sun_parlor.n.01', 'surgery.n.02', 'television_room.n.01', 'test_room.n.01', 'toilet.n.01', 'torture_chamber.n.01', 'vestry.n.02', 'walk-in.n.04', 'war_room.n.01', 'workroom.n.01']","['https://upload.wikimedia.org/wikipedia/commons/thumb/a/a3/Grandmother_preparing_food_inside_traditional_kitchen_%28edited%29.jpg/800px-Grandmother_preparing_food_inside_traditional_kitchen_%28edited%29.jpg?20230716180031', 'https://upload.wikimedia.org/wikipedia/commons/thumb/c/c8/Keuken.jpg/800px-Keuken.jpg?20041214004511', 'https://upload.wikimedia.org/wikipedia/commons/thumb/7/7d/Kitchenwhitehouse.jpg/800px-Kitchenwhitehouse.jpg?20090608175133', 'https://upload.wikimedia.org/wikipedia/commons/thumb/e/e5/Kitchen_at_Alcatraz.jpg/800px-Kitchen_at_Alcatraz.jpg?20240520071540', 'https://upload.wikimedia.org/wikipedia/commons/thumb/7/78/Interior_view_of_a_submerged_kitchen_in_the_muddy_water_of_the_Mekong%2C_at_night%2C_during_a_flood_in_Don_Det%2C_Laos.jpg/799px-Interior_view_of_a_submerged_kitchen_in_the_muddy_water_of_the_Mekong%2C_at_night%2C_during_a_flood_in_Don_Det%2C_Laos.jpg?20200806005754']",Grandmother preparing food inside traditional kitchen (edited).jpg,a room equipped for preparing meals,black-forest-labs_FLUX.1-dev,Tencent-Hunyuan_HunyuanDiT-v1.2-Diffusers,1
3982331,205,appendix,poolroom.n.01,poolroom,['room.n.01'],"['anechoic_chamber.n.01', 'anteroom.n.01', 'back_room.n.01', 'ballroom.n.01', 'barroom.n.01', 'bathroom.n.01', 'bedroom.n.01', 'belfry.n.02', 'billiard_room.n.01', 'boardroom.n.01', 'cardroom.n.01', 'cell.n.06', 'cell.n.07', 'chamber.n.03', 'checkroom.n.01', 'classroom.n.01', 'clean_room.n.01', 'cloakroom.n.02', 'closet.n.04', 'clubroom.n.01', 'compartment.n.02', 'conference_room.n.01', 'control_room.n.01', 'court.n.02', 'cubby.n.01', 'cutting_room.n.01', 'darkroom.n.01', 'den.n.04', 'dinette.n.01', 'dining_room.n.01', 'door.n.05', 'dressing_room.n.01', 'durbar.n.01', 'engineering.n.03', 'floor.n.10', 'furnace_room.n.01', 'gallery.n.03', 'gallery.n.04', 'greenroom.n.01', 'guardroom.n.02', 'hall.n.03', 'hospital_room.n.01', 'kitchen.n.01', 'library.n.01', 'living_room.n.01', 'locker_room.n.01', 'lounge.n.02', 'manor_hall.n.01', 'poolroom.n.01', 'presence_chamber.n.01', 'rathole.n.02', 'reading_room.n.01', 'reception_room.n.01', 'recreation_room.n.01', 'rotunda.n.02', 'scriptorium.n.01', 'scullery.n.01', 'sewing_room.n.01', 'shipping_room.n.01', 'shower_room.n.01', 'sickbay.n.01', 'sickroom.n.01', 'smoking_room.n.01', 'squad_room.n.01', 'squad_room.n.02', 'steam_bath.n.01', 'storeroom.n.01', 'study.n.05', 'sun_parlor.n.01', 'surgery.n.02', 'television_room.n.01', 'test_room.n.01', 'toilet.n.01', 'torture_chamber.n.01', 'vestry.n.02', 'walk-in.n.04', 'war_room.n.01', 'workroom.n.01']","['https://upload.wikimedia.org/wikipedia/commons/thumb/5/51/Castle_De_Haar_%281892-1913%29_-_Central_Lobby_-_Jeu_de_Billard_%28Billiard_Room%29.jpg/800px-Castle_De_Haar_%281892-1913%29_-_Central_Lobby_-_Jeu_de_Billard_%28Billiard_Room%29.jpg?20200927211049', 'https://upload.wikimedia.org/wikipedia/commons/thumb/0/0d/Billiard_room_in_Dushabe.jpg/450px-Billiard_room_in_Dushabe.jpg?20180220172932', 'https://upload.wikimedia.org/wikipedia/commons/thumb/b/bd/Billiard_room_in_Dushabe_3.jpg/800px-Billiard_room_in_Dushabe_3.jpg?20180220172942', 'https://upload.wikimedia.org/wikipedia/commons/thumb/7/74/Billiard_room_in_Dushabe_2.jpg/450px-Billiard_room_in_Dushabe_2.jpg?20180220172939', 'https://upload.wikimedia.org/wikipedia/commons/thumb/6/6f/Billiard_room_at_Olveston_Historic_Home_in_Dunedin%2C_New_Zealand.jpg/800px-Billiard_room_at_Olveston_Historic_Home_in_Dunedin%2C_New_Zealand.jpg?20230224014311']",Castle De Haar (1892-1913) - Central Lobby - Jeu de Billard (Billiard Room).jpg,a room with pool tables where pool is played,stabilityai_stable-diffusion-xl-base-1.0,black-forest-labs_FLUX.1-dev,3
4055595,207,appendix,rathole.n.02,rathole,['room.n.01'],"['anechoic_chamber.n.01', 'anteroom.n.01', 'back_room.n.01', 'ballroom.n.01', 'barroom.n.01', 'bathroom.n.01', 'bedroom.n.01', 'belfry.n.02', 'billiard_room.n.01', 'boardroom.n.01', 'cardroom.n.01', 'cell.n.06', 'cell.n.07', 'chamber.n.03', 'checkroom.n.01', 'classroom.n.01', 'clean_room.n.01', 'cloakroom.n.02', 'closet.n.04', 'clubroom.n.01', 'compartment.n.02', 'conference_room.n.01', 'control_room.n.01', 'court.n.02', 'cubby.n.01', 'cutting_room.n.01', 'darkroom.n.01', 'den.n.04', 'dinette.n.01', 'dining_room.n.01', 'door.n.05', 'dressing_room.n.01', 'durbar.n.01', 'engineering.n.03', 'floor.n.10', 'furnace_room.n.01', 'gallery.n.03', 'gallery.n.04', 'greenroom.n.01', 'guardroom.n.02', 'hall.n.03', 'hospital_room.n.01', 'kitchen.n.01', 'library.n.01', 'living_room.n.01', 'locker_room.n.01', 'lounge.n.02', 'manor_hall.n.01', 'poolroom.n.01', 'presence_chamber.n.01', 'rathole.n.02', 'reading_room.n.01', 'reception_room.n.01', 'recreation_room.n.01', 'rotunda.n.02', 'scriptorium.n.01', 'scullery.n.01', 'sewing_room.n.01', 'shipping_room.n.01', 'shower_room.n.01', 'sickbay.n.01', 'sickroom.n.01', 'smoking_room.n.01', 'squad_room.n.01', 'squad_room.n.02', 'steam_bath.n.01', 'storeroom.n.01', 'study.n.05', 'sun_parlor.n.01', 'surgery.n.02', 'television_room.n.01', 'test_room.n.01', 'toilet.n.01', 'torture_chamber.n.01', 'vestry.n.02', 'walk-in.n.04', 'war_room.n.01', 'workroom.n.01']","['https://upload.wikimedia.org/wikipedia/commons/3/31/Rathole_lane_-_geograph.org.uk_-_2661261.jpg?20210921225237', 'https://upload.wikimedia.org/wikipedia/commons/c/cf/Rathole_Lane_Crossing_-_geograph.org.uk_-_2010576.jpg?20210517034408', 'https://upload.wikimedia.org/wikipedia/commons/thumb/0/06/Rathole_Lane_in_autumn_-_geograph.org.uk_-_3188875.jpg/800px-Rathole_Lane_in_autumn_-_geograph.org.uk_-_3188875.jpg?20220206085208', 'https://upload.wikimedia.org/wikipedia/commons/9/9f/Railway_line_east_of_Rathole_Lane_Crossing_-_geograph.org.uk_-_2467732.jpg?20210810114511', 'https://upload.wikimedia.org/wikipedia/commons/thumb/4/45/Rathole_-_Hirata_Folk_Art_Museum_-_Takayama%2C_Gifu%2C_Japan_-_DSC06702.jpg/467px-Rathole_-_Hirata_Folk_Art_Museum_-_Takayama%2C_Gifu%2C_Japan_-_DSC06702.jpg?20181121104807']",Rathole lane - geograph.org.uk - 2661261.jpg,a small dirty uncomfortable room,kandinsky-community_kandinsky-3,black-forest-labs_FLUX.1-dev,2
4157099,213,appendix,scullery.n.01,scullery,['room.n.01'],"['anechoic_chamber.n.01', 'anteroom.n.01', 'back_room.n.01', 'ballroom.n.01', 'barroom.n.01', 'bathroom.n.01', 'bedroom.n.01', 'belfry.n.02', 'billiard_room.n.01', 'boardroom.n.01', 'cardroom.n.01', 'cell.n.06', 'cell.n.07', 'chamber.n.03', 'checkroom.n.01', 'classroom.n.01', 'clean_room.n.01', 'cloakroom.n.02', 'closet.n.04', 'clubroom.n.01', 'compartment.n.02', 'conference_room.n.01', 'control_room.n.01', 'court.n.02', 'cubby.n.01', 'cutting_room.n.01', 'darkroom.n.01', 'den.n.04', 'dinette.n.01', 'dining_room.n.01', 'door.n.05', 'dressing_room.n.01', 'durbar.n.01', 'engineering.n.03', 'floor.n.10', 'furnace_room.n.01', 'gallery.n.03', 'gallery.n.04', 'greenroom.n.01', 'guardroom.n.02', 'hall.n.03', 'hospital_room.n.01', 'kitchen.n.01', 'library.n.01', 'living_room.n.01', 'locker_room.n.01', 'lounge.n.02', 'manor_hall.n.01', 'poolroom.n.01', 'presence_chamber.n.01', 'rathole.n.02', 'reading_room.n.01', 'reception_room.n.01', 'recreation_room.n.01', 'rotunda.n.02', 'scriptorium.n.01', 'scullery.n.01', 'sewing_room.n.01', 'shipping_room.n.01', 'shower_room.n.01', 'sickbay.n.01', 'sickroom.n.01', 'smoking_room.n.01', 'squad_room.n.01', 'squad_room.n.02', 'steam_bath.n.01', 'storeroom.n.01', 'study.n.05', 'sun_parlor.n.01', 'surgery.n.02', 'television_room.n.01', 'test_room.n.01', 'toilet.n.01', 'torture_chamber.n.01', 'vestry.n.02', 'walk-in.n.04', 'war_room.n.01', 'workroom.n.01']","['https://upload.wikimedia.org/wikipedia/commons/thumb/6/6d/Scullery_in_Museum_Willet-Holthuysen.jpg/331px-Scullery_in_Museum_Willet-Holthuysen.jpg?20210218195506', 'https://upload.wikimedia.org/wikipedia/commons/thumb/2/2b/Back_scullery_%284869152647%29.jpg/800px-Back_scullery_%284869152647%29.jpg?20161218010754', 'https://upload.wikimedia.org/wikipedia/commons/thumb/8/86/Scullery_%2824208581013%29.jpg/450px-Scullery_%2824208581013%29.jpg?20160930191603', 'https://upload.wikimedia.org/wikipedia/commons/thumb/f/fb/Scullery%2C_Speke_Hall.jpg/781px-Scullery%2C_Speke_Hall.jpg?20170413220509', 'https://upload.wikimedia.org/wikipedia/commons/thumb/3/3b/Home_Farm_scullery%2C_Beamish_Museum%2C_17_May_2011.jpg/450px-Home_Farm_scullery%2C_Beamish_Museum%2C_17_May_2011.jpg?20140425003729']",Scullery in Museum Willet-Holthuysen.jpg,a small room (in large old British houses) next to the kitchen; where kitchen utensils are cleaned and kept and other rough household jobs are done,black-forest-labs_FLUX.1-dev,playgroundai_playground-v2.5-1024px-aesthetic,3
4209509,216,appendix,shower_room.n.01,shower_room,['room.n.01'],"['anechoic_chamber.n.01', 'anteroom.n.01', 'back_room.n.01', 'ballroom.n.01', 'barroom.n.01', 'bathroom.n.01', 'bedroom.n.01', 'belfry.n.02', 'billiard_room.n.01', 'boardroom.n.01', 'cardroom.n.01', 'cell.n.06', 'cell.n.07', 'chamber.n.03', 'checkroom.n.01', 'classroom.n.01', 'clean_room.n.01', 'cloakroom.n.02', 'closet.n.04', 'clubroom.n.01', 'compartment.n.02', 'conference_room.n.01', 'control_room.n.01', 'court.n.02', 'cubby.n.01', 'cutting_room.n.01', 'darkroom.n.01', 'den.n.04', 'dinette.n.01', 'dining_room.n.01', 'door.n.05', 'dressing_room.n.01', 'durbar.n.01', 'engineering.n.03', 'floor.n.10', 'furnace_room.n.01', 'gallery.n.03', 'gallery.n.04', 'greenroom.n.01', 'guardroom.n.02', 'hall.n.03', 'hospital_room.n.01', 'kitchen.n.01', 'library.n.01', 'living_room.n.01', 'locker_room.n.01', 'lounge.n.02', 'manor_hall.n.01', 'poolroom.n.01', 'presence_chamber.n.01', 'rathole.n.02', 'reading_room.n.01', 'reception_room.n.01', 'recreation_room.n.01', 'rotunda.n.02', 'scriptorium.n.01', 'scullery.n.01', 'sewing_room.n.01', 'shipping_room.n.01', 'shower_room.n.01', 'sickbay.n.01', 'sickroom.n.01', 'smoking_room.n.01', 'squad_room.n.01', 'squad_room.n.02', 'steam_bath.n.01', 'storeroom.n.01', 'study.n.05', 'sun_parlor.n.01', 'surgery.n.02', 'television_room.n.01', 'test_room.n.01', 'toilet.n.01', 'torture_chamber.n.01', 'vestry.n.02', 'walk-in.n.04', 'war_room.n.01', 'workroom.n.01']","['https://upload.wikimedia.org/wikipedia/commons/thumb/9/9f/Orazio_Gentileschi_-_Dana%C3%AB_and_the_Shower_of_Gold_-_2016.6_-_J._Paul_Getty_Museum.jpg/800px-Orazio_Gentileschi_-_Dana%C3%AB_and_the_Shower_of_Gold_-_2016.6_-_J._Paul_Getty_Museum.jpg?20160423102956', 'https://upload.wikimedia.org/wikipedia/commons/thumb/c/c3/Shower_room_%285169158241%29.jpg/800px-Shower_room_%285169158241%29.jpg?20140123013844', 'https://upload.wikimedia.org/wikipedia/commons/thumb/a/a9/Room_with_shower_view.jpg/411px-Room_with_shower_view.jpg?20190129111902', 'https://upload.wikimedia.org/wikipedia/commons/thumb/8/87/Hokutosei_Shower_room_20140917.jpg/450px-Hokutosei_Shower_room_20140917.jpg?20141115100801', 'https://upload.wikimedia.org/wikipedia/commons/thumb/9/9e/HK_bathing_room_with_shower_room_Aug-2011.jpg/800px-HK_bathing_room_with_shower_room_Aug-2011.jpg?20110813102612']",Orazio Gentileschi - Danaë and the Shower of Gold - 2016.6 - J. Paul Getty Museum.jpg,a room with several showers,black-forest-labs_FLUX.1-dev,retrieval,1
4532504,231,appendix,vestry.n.02,vestry,['room.n.01'],"['anechoic_chamber.n.01', 'anteroom.n.01', 'back_room.n.01', 'ballroom.n.01', 'barroom.n.01', 'bathroom.n.01', 'bedroom.n.01', 'belfry.n.02', 'billiard_room.n.01', 'boardroom.n.01', 'cardroom.n.01', 'cell.n.06', 'cell.n.07', 'chamber.n.03', 'checkroom.n.01', 'classroom.n.01', 'clean_room.n.01', 'cloakroom.n.02', 'closet.n.04', 'clubroom.n.01', 'compartment.n.02', 'conference_room.n.01', 'control_room.n.01', 'court.n.02', 'cubby.n.01', 'cutting_room.n.01', 'darkroom.n.01', 'den.n.04', 'dinette.n.01', 'dining_room.n.01', 'door.n.05', 'dressing_room.n.01', 'durbar.n.01', 'engineering.n.03', 'floor.n.10', 'furnace_room.n.01', 'gallery.n.03', 'gallery.n.04', 'greenroom.n.01', 'guardroom.n.02', 'hall.n.03', 'hospital_room.n.01', 'kitchen.n.01', 'library.n.01', 'living_room.n.01', 'locker_room.n.01', 'lounge.n.02', 'manor_hall.n.01', 'poolroom.n.01', 'presence_chamber.n.01', 'rathole.n.02', 'reading_room.n.01', 'reception_room.n.01', 'recreation_room.n.01', 'rotunda.n.02', 'scriptorium.n.01', 'scullery.n.01', 'sewing_room.n.01', 'shipping_room.n.01', 'shower_room.n.01', 'sickbay.n.01', 'sickroom.n.01', 'smoking_room.n.01', 'squad_room.n.01', 'squad_room.n.02', 'steam_bath.n.01', 'storeroom.n.01', 'study.n.05', 'sun_parlor.n.01', 'surgery.n.02', 'television_room.n.01', 'test_room.n.01', 'toilet.n.01', 'torture_chamber.n.01', 'vestry.n.02', 'walk-in.n.04', 'war_room.n.01', 'workroom.n.01']","['https://upload.wikimedia.org/wikipedia/commons/thumb/5/51/Sakristei_Dom_K%C3%B6ln.jpg/800px-Sakristei_Dom_K%C3%B6ln.jpg?20080407110704', 'https://upload.wikimedia.org/wikipedia/commons/thumb/f/f2/Sacristygennep.jpg/450px-Sacristygennep.jpg?20070811185654', 'https://upload.wikimedia.org/wikipedia/commons/thumb/0/04/Dom_Sakristei_Brixen_2005-12-13.jpg/800px-Dom_Sakristei_Brixen_2005-12-13.jpg?20051215095030', 'https://upload.wikimedia.org/wikipedia/commons/thumb/4/45/Old_Vestry%2C_St_John%27s_Town_of_Dalry%2C_Dumfries_and_Galloway.jpg/800px-Old_Vestry%2C_St_John%27s_Town_of_Dalry%2C_Dumfries_and_Galloway.jpg?20230420185700', 'https://upload.wikimedia.org/wikipedia/commons/thumb/d/d7/Old_Vestry_and_war_memorial%2C_St_John%27s_Town_of_Dalry%2C_Dumfries_and_Galloway.jpg/800px-Old_Vestry_and_war_memorial%2C_St_John%27s_Town_of_Dalry%2C_Dumfries_and_Galloway.jpg?20230420190143']",Sakristei Dom Köln.jpg,a room in a church where sacred vessels and vestments are kept or meetings are held,stabilityai_sdxl-turbo,black-forest-labs_FLUX.1-dev,3
4602762,234,appendix,workroom.n.01,workroom,['room.n.01'],"['anechoic_chamber.n.01', 'anteroom.n.01', 'back_room.n.01', 'ballroom.n.01', 'barroom.n.01', 'bathroom.n.01', 'bedroom.n.01', 'belfry.n.02', 'billiard_room.n.01', 'boardroom.n.01', 'cardroom.n.01', 'cell.n.06', 'cell.n.07', 'chamber.n.03', 'checkroom.n.01', 'classroom.n.01', 'clean_room.n.01', 'cloakroom.n.02', 'closet.n.04', 'clubroom.n.01', 'compartment.n.02', 'conference_room.n.01', 'control_room.n.01', 'court.n.02', 'cubby.n.01', 'cutting_room.n.01', 'darkroom.n.01', 'den.n.04', 'dinette.n.01', 'dining_room.n.01', 'door.n.05', 'dressing_room.n.01', 'durbar.n.01', 'engineering.n.03', 'floor.n.10', 'furnace_room.n.01', 'gallery.n.03', 'gallery.n.04', 'greenroom.n.01', 'guardroom.n.02', 'hall.n.03', 'hospital_room.n.01', 'kitchen.n.01', 'library.n.01', 'living_room.n.01', 'locker_room.n.01', 'lounge.n.02', 'manor_hall.n.01', 'poolroom.n.01', 'presence_chamber.n.01', 'rathole.n.02', 'reading_room.n.01', 'reception_room.n.01', 'recreation_room.n.01', 'rotunda.n.02', 'scriptorium.n.01', 'scullery.n.01', 'sewing_room.n.01', 'shipping_room.n.01', 'shower_room.n.01', 'sickbay.n.01', 'sickroom.n.01', 'smoking_room.n.01', 'squad_room.n.01', 'squad_room.n.02', 'steam_bath.n.01', 'storeroom.n.01', 'study.n.05', 'sun_parlor.n.01', 'surgery.n.02', 'television_room.n.01', 'test_room.n.01', 'toilet.n.01', 'torture_chamber.n.01', 'vestry.n.02', 'walk-in.n.04', 'war_room.n.01', 'workroom.n.01']","['https://upload.wikimedia.org/wikipedia/commons/thumb/9/94/Werkstatt_eines_Schiffszimmerers_im_Altonaer_Museum_IMG_5128_edit.jpg/800px-Werkstatt_eines_Schiffszimmerers_im_Altonaer_Museum_IMG_5128_edit.jpg?20110428160839', 'https://upload.wikimedia.org/wikipedia/commons/thumb/b/b2/Haltern_am_See%2C_Sythen%2C_Werkzeughalle_der_Quarzwerke_--_2015_--_4990.jpg/800px-Haltern_am_See%2C_Sythen%2C_Werkzeughalle_der_Quarzwerke_--_2015_--_4990.jpg?20161223151525', 'https://upload.wikimedia.org/wikipedia/commons/thumb/1/1c/Houtzagerij_Sagi_Tschiertschen_03.jpg/800px-Houtzagerij_Sagi_Tschiertschen_03.jpg?20171114071254', 'https://upload.wikimedia.org/wikipedia/commons/thumb/4/4f/Worker_in_S%C3%A3o_Paulo_city.jpg/589px-Worker_in_S%C3%A3o_Paulo_city.jpg?20161222154838', 'https://upload.wikimedia.org/wikipedia/commons/thumb/6/61/Une_Restauration_by_Edouard_Dantan.jpg/471px-Une_Restauration_by_Edouard_Dantan.jpg?20160124115533']",Werkstatt eines Schiffszimmerers im Altonaer Museum IMG 5128 edit.jpg,room where work is done,black-forest-labs_FLUX.1-dev,prompthero_openjourney,2
7649854,235,appendix,meat.n.01,meat,['food.n.02'],"['baked_goods.n.01', 'breakfast_food.n.01', 'butter.n.01', 'cheese.n.01', 'chocolate.n.02', 'coconut.n.01', 'convenience_food.n.01', 'dika_bread.n.01', 'fish.n.02', 'fresh_food.n.01', 'health_food.n.01', 'junk_food.n.01', 'leftovers.n.01', 'loaf.n.02', 'meat.n.01', 'pasta.n.02', 'produce.n.01', 'seafood.n.01', 'slop.n.04', 'yogurt.n.01']","['https://upload.wikimedia.org/wikipedia/commons/thumb/3/3a/Mercado_Municipal_%28S%C3%A3o_Paulo%29_07.jpg/800px-Mercado_Municipal_%28S%C3%A3o_Paulo%29_07.jpg?20240522015901', 'https://upload.wikimedia.org/wikipedia/commons/thumb/a/ae/FoodMeat.jpg/800px-FoodMeat.jpg?20090217225448', 'https://upload.wikimedia.org/wikipedia/commons/thumb/8/8a/Meat_burek_%28GAK_bakery%2C_Belgrade%2C_Serbia%29.jpg/800px-Meat_burek_%28GAK_bakery%2C_Belgrade%2C_Serbia%29.jpg?20220922145735', 'https://upload.wikimedia.org/wikipedia/commons/thumb/2/25/Meat_packages_in_a_Roman_supermarket.jpg/800px-Meat_packages_in_a_Roman_supermarket.jpg?20090804170416', 'https://upload.wikimedia.org/wikipedia/commons/thumb/2/20/Meat_6.png/800px-Meat_6.png?20230328135306']",Mercado Municipal (São Paulo) 07.jpg,the flesh of animals (including fishes and birds and snails) used as food,prompthero_openjourney,black-forest-labs_FLUX.1-dev,2
7644382,237,appendix,bird.n.02,bird,['meat.n.01'],"['beef.n.02', 'bird.n.02', 'carbonado.n.02', 'cold_cuts.n.01', 'cut.n.06', 'dark_meat.n.01', 'escargot.n.01', 'game.n.07', 'halal.n.01', 'horsemeat.n.01', 'jerky.n.01', 'lamb.n.05', 'mouton.n.01', 'pemmican.n.01', 'pork.n.01', 'raw_meat.n.01', 'red_meat.n.01', 'sausage.n.01', 'sausage_meat.n.01', 'stew_meat.n.01', 'variety_meat.n.01', 'veal.n.01']","['https://upload.wikimedia.org/wikipedia/commons/thumb/e/ee/Crested_Tern_Tasmania_%28edit%29.jpg/800px-Crested_Tern_Tasmania_%28edit%29.jpg?20080919132238', 'https://upload.wikimedia.org/wikipedia/commons/thumb/2/24/Landsvale.jpg/800px-Landsvale.jpg?20121112084549', 'https://upload.wikimedia.org/wikipedia/commons/thumb/b/b8/Superb_fairy_wren2_LiquidGhoul.jpg/800px-Superb_fairy_wren2_LiquidGhoul.jpg?20060112141627', 'https://upload.wikimedia.org/wikipedia/commons/thumb/4/4f/Lesser_Black-backed_Gull_-_Barcelona%2C_Spain_-_Jan_2007.jpg/596px-Lesser_Black-backed_Gull_-_Barcelona%2C_Spain_-_Jan_2007.jpg?20070113154242', 'https://upload.wikimedia.org/wikipedia/commons/thumb/4/45/Ploceus_velatus_beak_open.jpg/800px-Ploceus_velatus_beak_open.jpg?20190203182230']",Crested Tern Tasmania (edit).jpg,the flesh of a bird or fowl (wild or domestic) used as food,retrieval,black-forest-labs_FLUX.1-dev,3
7654438,239,appendix,cold_cuts.n.01,cold_cuts,['meat.n.01'],"['beef.n.02', 'bird.n.02', 'carbonado.n.02', 'cold_cuts.n.01', 'cut.n.06', 'dark_meat.n.01', 'escargot.n.01', 'game.n.07', 'halal.n.01', 'horsemeat.n.01', 'jerky.n.01', 'lamb.n.05', 'mouton.n.01', 'pemmican.n.01', 'pork.n.01', 'raw_meat.n.01', 'red_meat.n.01', 'sausage.n.01', 'sausage_meat.n.01', 'stew_meat.n.01', 'variety_meat.n.01', 'veal.n.01']","['https://upload.wikimedia.org/wikipedia/commons/thumb/c/c6/Coldcuts.JPG/800px-Coldcuts.JPG?20061230141143', 'https://upload.wikimedia.org/wikipedia/commons/thumb/6/6e/Cold_cuts.jpg/752px-Cold_cuts.jpg?20150901090621', 'https://upload.wikimedia.org/wikipedia/commons/thumb/6/6b/%CE%9A%CE%B1%CE%B2%CE%BF%CF%85%CF%81%CE%BC%CE%AC%CF%82_2037.jpg/800px-%CE%9A%CE%B1%CE%B2%CE%BF%CF%85%CF%81%CE%BC%CE%AC%CF%82_2037.jpg?20201217180521', 'https://upload.wikimedia.org/wikipedia/commons/1/1d/Cold_cuts_and_cheese.jpg?20160320110646', 'https://upload.wikimedia.org/wikipedia/commons/thumb/b/b8/1855_Colton_Map_of_Turkey%2C_Iraq%2C_and_Syria_-_Geographicus_-_TurkeyIraq-colton-1855.jpg/692px-1855_Colton_Map_of_Turkey%2C_Iraq%2C_and_Syria_-_Geographicus_-_TurkeyIraq-colton-1855.jpg?20110323153305']",Coldcuts.JPG,sliced assorted cold meats,stabilityai_stable-diffusion-xl-base-1.0,black-forest-labs_FLUX.1-dev,3
7651159,251,appendix,raw_meat.n.01,raw_meat,['meat.n.01'],"['beef.n.02', 'bird.n.02', 'carbonado.n.02', 'cold_cuts.n.01', 'cut.n.06', 'dark_meat.n.01', 'escargot.n.01', 'game.n.07', 'halal.n.01', 'horsemeat.n.01', 'jerky.n.01', 'lamb.n.05', 'mouton.n.01', 'pemmican.n.01', 'pork.n.01', 'raw_meat.n.01', 'red_meat.n.01', 'sausage.n.01', 'sausage_meat.n.01', 'stew_meat.n.01', 'variety_meat.n.01', 'veal.n.01']","['https://upload.wikimedia.org/wikipedia/commons/thumb/9/95/A_fresh_and_uncooked_meat_seller_trying_to_cut_his_meat_to_sell_to_his_customer.jpg/360px-A_fresh_and_uncooked_meat_seller_trying_to_cut_his_meat_to_sell_to_his_customer.jpg?20171127010541', 'https://upload.wikimedia.org/wikipedia/commons/thumb/9/91/13-09-01-kochtreffen-wien-Bi-frie-057.jpg/800px-13-09-01-kochtreffen-wien-Bi-frie-057.jpg?20130905100307', 'https://upload.wikimedia.org/wikipedia/commons/thumb/6/6d/Assiette_de_viande_crue_-_Restaurant_Carnegie_Hall_%C3%A0_Lyon.jpg/755px-Assiette_de_viande_crue_-_Restaurant_Carnegie_Hall_%C3%A0_Lyon.jpg?20200706102606', 'https://upload.wikimedia.org/wikipedia/commons/thumb/e/ee/Raw_Meat.jpg/450px-Raw_Meat.jpg?20200715162510', 'https://upload.wikimedia.org/wikipedia/commons/thumb/5/53/The_wild_cat_%28for_the_Highbinder%27s_feast_of_the_uncooked_meat%29%2C_Chinatown%2C_San_Francisco_LOC_agc.7a08876.tif/lossy-page1-287px-The_wild_cat_%28for_the_Highbinder%27s_feast_of_the_uncooked_meat%29%2C_Chinatown%2C_San_Francisco_LOC_agc.7a08876.tif.jpg?20180411060700']",A fresh and uncooked meat seller trying to cut his meat to sell to his customer.jpg,uncooked meat,black-forest-labs_FLUX.1-dev,PixArt-alpha_PixArt-Sigma-XL-2-512-MS,3
7651454,256,appendix,variety_meat.n.01,variety_meat,['meat.n.01'],"['beef.n.02', 'bird.n.02', 'carbonado.n.02', 'cold_cuts.n.01', 'cut.n.06', 'dark_meat.n.01', 'escargot.n.01', 'game.n.07', 'halal.n.01', 'horsemeat.n.01', 'jerky.n.01', 'lamb.n.05', 'mouton.n.01', 'pemmican.n.01', 'pork.n.01', 'raw_meat.n.01', 'red_meat.n.01', 'sausage.n.01', 'sausage_meat.n.01', 'stew_meat.n.01', 'variety_meat.n.01', 'veal.n.01']","['https://upload.wikimedia.org/wikipedia/commons/thumb/6/6f/Sheep_offal_at_a_market_in_Bizerte_02.jpg/400px-Sheep_offal_at_a_market_in_Bizerte_02.jpg?20190811052952', 'https://upload.wikimedia.org/wikipedia/commons/thumb/d/d9/Sheep_offal_at_a_market_in_Bizerte_04.jpg/800px-Sheep_offal_at_a_market_in_Bizerte_04.jpg?20190811052957', 'https://upload.wikimedia.org/wikipedia/commons/thumb/2/20/Offals_at_Istanbul.jpg/800px-Offals_at_Istanbul.jpg?20210106133635', 'https://upload.wikimedia.org/wikipedia/commons/thumb/b/b3/Pates_p1150435.jpg/701px-Pates_p1150435.jpg?20080925190123', 'https://upload.wikimedia.org/wikipedia/commons/thumb/7/7b/Sheep_offal_at_a_market_in_Bizerte_01.jpg/800px-Sheep_offal_at_a_market_in_Bizerte_01.jpg?20190811052952']",Sheep offal at a market in Bizerte 02.jpg,edible viscera of a butchered animal,stabilityai_stable-diffusion-3-medium-diffusers,black-forest-labs_FLUX.1-dev,1
7891726,258,appendix,wine.n.01,"wine,",['alcohol.n.01'],"['aperitif.n.01', 'brew.n.01', 'hard_cider.n.01', 'home_brew.n.01', 'hooch.n.01', 'kava.n.01', 'koumiss.n.01', 'liqueur.n.01', 'liquor.n.01', 'mixed_drink.n.01', 'neutral_spirits.n.01', 'nipa.n.02', 'perry.n.04', 'proof_spirit.n.01', 'pulque.n.01', 'rotgut.n.01', 'sake.n.02', 'slug.n.05', 'wine.n.01']","['https://upload.wikimedia.org/wikipedia/commons/thumb/4/4e/Schwappender_Wein.jpg/399px-Schwappender_Wein.jpg?20101218182959', 'https://upload.wikimedia.org/wikipedia/commons/thumb/5/57/Port_wine.jpg/800px-Port_wine.jpg?20100818230542', 'https://upload.wikimedia.org/wikipedia/commons/thumb/c/c0/Red_Wine_Glass.jpg/321px-Red_Wine_Glass.jpg?20041230140448', 'https://upload.wikimedia.org/wikipedia/commons/thumb/8/88/Wine_glass5275.jpg/800px-Wine_glass5275.jpg?20201011200622', 'https://upload.wikimedia.org/wikipedia/commons/thumb/2/23/Evo_wine_dispenser_4.png/800px-Evo_wine_dispenser_4.png?20200422123244']",Schwappender Wein.jpg,fermented juice (of grapes especially),stabilityai_stable-diffusion-xl-base-1.0,black-forest-labs_FLUX.1-dev,1
7893891,262,appendix,burgundy.n.02,Burgundy,['wine.n.01'],"['altar_wine.n.01', 'blush_wine.n.01', 'bordeaux.n.02', 'burgundy.n.02', 'california_wine.n.01', 'cotes_de_provence.n.01', 'dessert_wine.n.01', 'dubonnet.n.01', 'fortified_wine.n.01', 'generic.n.01', 'jug_wine.n.01', 'macon.n.02', 'mulled_wine.n.01', 'plonk.n.01', 'red_wine.n.01', 'retsina.n.01', 'rhone_wine.n.01', 'sparkling_wine.n.01', 'table_wine.n.01', 'tokay.n.01', 'varietal.n.01', 'vermouth.n.01', 'vintage.n.01', 'white_wine.n.01']","['https://upload.wikimedia.org/wikipedia/commons/thumb/7/7e/Chateau_Tanlay_facade_cour_grand_chateau.jpg/800px-Chateau_Tanlay_facade_cour_grand_chateau.jpg?20140721112440', 'https://upload.wikimedia.org/wikipedia/commons/thumb/3/3c/Flag_of_Bourgogne.svg/800px-Flag_of_Bourgogne.svg.png?20210408112537', 'https://upload.wikimedia.org/wikipedia/commons/thumb/2/2d/Bourgogne_region_locator_map.svg/624px-Bourgogne_region_locator_map.svg.png?20091228123932', 'https://upload.wikimedia.org/wikipedia/commons/thumb/c/cc/Blason_fr_Bourgogne.svg/545px-Blason_fr_Bourgogne.svg.png?20230525161733', 'https://upload.wikimedia.org/wikipedia/commons/thumb/8/84/Bourgogne_in_France.svg/626px-Bourgogne_in_France.svg.png?20110304170423']",Chateau Tanlay facade cour grand chateau.jpg,red table wine from the Burgundy region of France (or any similar wine made elsewhere),prompthero_openjourney,black-forest-labs_FLUX.1-dev,3
7896060,263,appendix,california_wine.n.01,California_wine,['wine.n.01'],"['altar_wine.n.01', 'blush_wine.n.01', 'bordeaux.n.02', 'burgundy.n.02', 'california_wine.n.01', 'cotes_de_provence.n.01', 'dessert_wine.n.01', 'dubonnet.n.01', 'fortified_wine.n.01', 'generic.n.01', 'jug_wine.n.01', 'macon.n.02', 'mulled_wine.n.01', 'plonk.n.01', 'red_wine.n.01', 'retsina.n.01', 'rhone_wine.n.01', 'sparkling_wine.n.01', 'table_wine.n.01', 'tokay.n.01', 'varietal.n.01', 'vermouth.n.01', 'vintage.n.01', 'white_wine.n.01']","['https://upload.wikimedia.org/wikipedia/commons/thumb/e/e3/Rolf_Engen_-_From_Basketball_to_Beaujolais%2C_From_Volleyball_to_Vin_Rose%2C_Oct_1974.jpg/443px-Rolf_Engen_-_From_Basketball_to_Beaujolais%2C_From_Volleyball_to_Vin_Rose%2C_Oct_1974.jpg?20220511005256', 'https://upload.wikimedia.org/wikipedia/commons/thumb/c/c1/California_Teroldego_wine.jpg/800px-California_Teroldego_wine.jpg?20120813212223', 'https://upload.wikimedia.org/wikipedia/commons/thumb/c/c8/Teroldego_wine_from_California.jpg/800px-Teroldego_wine_from_California.jpg?20120813212222', 'https://upload.wikimedia.org/wikipedia/commons/thumb/a/a2/Schramsberg_Vineyards%2C_July_2019-7563%2B7565.jpg/428px-Schramsberg_Vineyards%2C_July_2019-7563%2B7565.jpg?20190727022556']","Rolf Engen - From Basketball to Beaujolais, From Volleyball to Vin Rose, Oct 1974.jpg",any of various wines produced in California,kandinsky-community_kandinsky-3,black-forest-labs_FLUX.1-dev,2
7900406,267,appendix,fortified_wine.n.01,fortified_wine,['wine.n.01'],"['altar_wine.n.01', 'blush_wine.n.01', 'bordeaux.n.02', 'burgundy.n.02', 'california_wine.n.01', 'cotes_de_provence.n.01', 'dessert_wine.n.01', 'dubonnet.n.01', 'fortified_wine.n.01', 'generic.n.01', 'jug_wine.n.01', 'macon.n.02', 'mulled_wine.n.01', 'plonk.n.01', 'red_wine.n.01', 'retsina.n.01', 'rhone_wine.n.01', 'sparkling_wine.n.01', 'table_wine.n.01', 'tokay.n.01', 'varietal.n.01', 'vermouth.n.01', 'vintage.n.01', 'white_wine.n.01']","['https://upload.wikimedia.org/wikipedia/commons/thumb/5/57/Port_wine.jpg/800px-Port_wine.jpg?20100818230542', 'https://upload.wikimedia.org/wikipedia/commons/thumb/e/e1/Talijancich_fortified_shiraz_02052022_Gnangarra-72.jpg/400px-Talijancich_fortified_shiraz_02052022_Gnangarra-72.jpg?20220502140931', 'https://upload.wikimedia.org/wikipedia/commons/thumb/1/15/Vermouth.jpg/273px-Vermouth.jpg?20061203161429', 'https://upload.wikimedia.org/wikipedia/commons/d/de/Wine.jpeg?20070705165844', 'https://upload.wikimedia.org/wikipedia/commons/thumb/d/d8/Navarra_Moscatel.jpg/448px-Navarra_Moscatel.jpg?20140529061113']",Port wine.jpg,wine to which alcohol (usually grape brandy) has been added,stabilityai_stable-diffusion-xl-base-1.0,black-forest-labs_FLUX.1-dev,3
7893528,276,appendix,sparkling_wine.n.01,sparkling_wine,['wine.n.01'],"['altar_wine.n.01', 'blush_wine.n.01', 'bordeaux.n.02', 'burgundy.n.02', 'california_wine.n.01', 'cotes_de_provence.n.01', 'dessert_wine.n.01', 'dubonnet.n.01', 'fortified_wine.n.01', 'generic.n.01', 'jug_wine.n.01', 'macon.n.02', 'mulled_wine.n.01', 'plonk.n.01', 'red_wine.n.01', 'retsina.n.01', 'rhone_wine.n.01', 'sparkling_wine.n.01', 'table_wine.n.01', 'tokay.n.01', 'varietal.n.01', 'vermouth.n.01', 'vintage.n.01', 'white_wine.n.01']","['https://upload.wikimedia.org/wikipedia/commons/thumb/9/95/Sparkling_wine%2C_Abrau-Durso%2C_Rostov-on-Don%2C_Russia.jpg/800px-Sparkling_wine%2C_Abrau-Durso%2C_Rostov-on-Don%2C_Russia.jpg?20230112212827', 'https://upload.wikimedia.org/wikipedia/commons/thumb/7/71/Two_glasses_of_sparking_wine_and_bottle_in_home_kitchen.jpg/440px-Two_glasses_of_sparking_wine_and_bottle_in_home_kitchen.jpg?20240530224451', 'https://upload.wikimedia.org/wikipedia/commons/thumb/7/75/Glass_of_ros%C3%A9_sparkling_wine_-_Sarah_Stierch.jpg/721px-Glass_of_ros%C3%A9_sparkling_wine_-_Sarah_Stierch.jpg?20210613164357', 'https://upload.wikimedia.org/wikipedia/commons/thumb/e/e0/The_Plaza_Bistro_-_December_2023_-_Sarah_Stierch_01.jpg/450px-The_Plaza_Bistro_-_December_2023_-_Sarah_Stierch_01.jpg?20231228224740', 'https://upload.wikimedia.org/wikipedia/commons/thumb/a/a1/Gruet_blanc_de_noirs_home_made_chick_fil-a_food_pairing.jpg/581px-Gruet_blanc_de_noirs_home_made_chick_fil-a_food_pairing.jpg?20130510044926']","Sparkling wine, Abrau-Durso, Rostov-on-Don, Russia.jpg",effervescent wine,black-forest-labs_FLUX.1-dev,prompthero_openjourney,1
7900225,279,appendix,varietal.n.01,varietal,['wine.n.01'],"['altar_wine.n.01', 'blush_wine.n.01', 'bordeaux.n.02', 'burgundy.n.02', 'california_wine.n.01', 'cotes_de_provence.n.01', 'dessert_wine.n.01', 'dubonnet.n.01', 'fortified_wine.n.01', 'generic.n.01', 'jug_wine.n.01', 'macon.n.02', 'mulled_wine.n.01', 'plonk.n.01', 'red_wine.n.01', 'retsina.n.01', 'rhone_wine.n.01', 'sparkling_wine.n.01', 'table_wine.n.01', 'tokay.n.01', 'varietal.n.01', 'vermouth.n.01', 'vintage.n.01', 'white_wine.n.01']","['https://upload.wikimedia.org/wikipedia/commons/thumb/0/0f/Frankenblick_Infotafel_Portugieser-20221016-RM-153508.jpg/450px-Frankenblick_Infotafel_Portugieser-20221016-RM-153508.jpg?20230106111447', 'https://upload.wikimedia.org/wikipedia/commons/thumb/4/43/Blauer_Portugieser_Goethe.jpg/508px-Blauer_Portugieser_Goethe.jpg?20160812161817', 'https://upload.wikimedia.org/wikipedia/commons/thumb/d/d2/Blauer_Portugieser_Weinsberg_20080921.jpg/400px-Blauer_Portugieser_Weinsberg_20080921.jpg?20080927205107', 'https://upload.wikimedia.org/wikipedia/commons/thumb/7/7a/Corvina_veronese_IGT_Veneto_3689.jpg/800px-Corvina_veronese_IGT_Veneto_3689.jpg?20130421202855', 'https://upload.wikimedia.org/wikipedia/commons/thumb/b/b5/Pinot_blanc_-_Amp%C3%A9lographie.jpg/403px-Pinot_blanc_-_Amp%C3%A9lographie.jpg?20191120212757']",Frankenblick Infotafel Portugieser-20221016-RM-153508.jpg,a wine made principally from one grape and carrying the name of that grape,playgroundai_playground-v2.5-1024px-aesthetic,black-forest-labs_FLUX.1-dev,3
7892418,281,appendix,vintage.n.01,vintage,['wine.n.01'],"['altar_wine.n.01', 'blush_wine.n.01', 'bordeaux.n.02', 'burgundy.n.02', 'california_wine.n.01', 'cotes_de_provence.n.01', 'dessert_wine.n.01', 'dubonnet.n.01', 'fortified_wine.n.01', 'generic.n.01', 'jug_wine.n.01', 'macon.n.02', 'mulled_wine.n.01', 'plonk.n.01', 'red_wine.n.01', 'retsina.n.01', 'rhone_wine.n.01', 'sparkling_wine.n.01', 'table_wine.n.01', 'tokay.n.01', 'varietal.n.01', 'vermouth.n.01', 'vintage.n.01', 'white_wine.n.01']","['https://upload.wikimedia.org/wikipedia/commons/thumb/c/ca/Javier_shows_part_of_the_grape_harvest_in_his_Lysekil_vineyard_1_-_cropped.jpg/800px-Javier_shows_part_of_the_grape_harvest_in_his_Lysekil_vineyard_1_-_cropped.jpg?20180920215745', 'https://upload.wikimedia.org/wikipedia/commons/thumb/a/a4/Vintage_Kohler_Farmhouse_Sink_1940_01.jpg/450px-Vintage_Kohler_Farmhouse_Sink_1940_01.jpg?20200520132523', 'https://upload.wikimedia.org/wikipedia/commons/d/df/Wine_harvest%2C_Naples.png?20210826184809', 'https://upload.wikimedia.org/wikipedia/commons/thumb/d/dd/Vintage_car_meets_world_heritage_site.jpg/800px-Vintage_car_meets_world_heritage_site.jpg?20230523213923', 'https://upload.wikimedia.org/wikipedia/commons/thumb/5/59/Woman_harvesting_wheat%2C_Raisen_district%2C_Madhya_Pradesh%2C_India_ggia_version.jpg/800px-Woman_harvesting_wheat%2C_Raisen_district%2C_Madhya_Pradesh%2C_India_ggia_version.jpg?20130130075829']",Javier shows part of the grape harvest in his Lysekil vineyard 1 - cropped.jpg,a season's yield of wine from a vineyard,stabilityai_sdxl-turbo,black-forest-labs_FLUX.1-dev,1
1699831,283,appendix,dinosaur.n.01,dinosaur,['archosaur.n.01'],"['dinosaur.n.01', 'ichthyosaur.n.01', 'nothosaur.n.01', 'plesiosaur.n.01', 'pterosaur.n.01', 'thecodont.n.01']","['https://upload.wikimedia.org/wikipedia/commons/a/a9/Field_dinos_2.jpg?20071228202853', 'https://upload.wikimedia.org/wikipedia/commons/thumb/8/8d/Dinosauria_montage_2.jpg/673px-Dinosauria_montage_2.jpg?20200408072748', 'https://upload.wikimedia.org/wikipedia/commons/thumb/1/1d/Dinosauria_diversity.png/658px-Dinosauria_diversity.png?20200513195208', 'https://upload.wikimedia.org/wikipedia/commons/thumb/2/2b/Various_dinosaurs2.png/667px-Various_dinosaurs2.png?20230606044525', 'https://upload.wikimedia.org/wikipedia/commons/thumb/4/45/Various_dinosaurs3.png/665px-Various_dinosaurs3.png?20230606043026']",Field dinos 2.jpg,any of numerous extinct terrestrial reptiles of the Mesozoic era,black-forest-labs_FLUX.1-dev,Tencent-Hunyuan_HunyuanDiT-v1.2-Diffusers,3
1707698,287,appendix,iguanodon.n.01,iguanodon,['dinosaur.n.01'],"['argentinosaur.n.01', 'diplodocus.n.01', 'ground-shaker.n.01', 'iguanodon.n.01', 'ornithischian.n.01', 'saurischian.n.01', 'titanosaur.n.01']","['https://upload.wikimedia.org/wikipedia/commons/thumb/7/70/Iguanodon_de_Bernissart_IRSNB_01.JPG/499px-Iguanodon_de_Bernissart_IRSNB_01.JPG?20211121204741', 'https://upload.wikimedia.org/wikipedia/commons/8/80/Iguanodon_new_NT.jpg?20190430103206', 'https://upload.wikimedia.org/wikipedia/commons/7/76/Iguanodon_Dinopark.jpg?20080902103146', 'https://upload.wikimedia.org/wikipedia/commons/thumb/9/90/Iguanodon_bernissartensis_skull.JPG/800px-Iguanodon_bernissartensis_skull.JPG?20061004092853', 'https://upload.wikimedia.org/wikipedia/commons/thumb/3/30/Iguanodon_footprint_03.jpg/800px-Iguanodon_footprint_03.jpg?20231230170635']",Iguanodon de Bernissart IRSNB 01.JPG,massive herbivorous bipedal dinosaur with a long heavy tail; common in Europe and northern Africa; early Cretaceous period,DeepFloyd_IF-I-XL-v1.0,black-forest-labs_FLUX.1-dev,2
1700470,288,appendix,ornithischian.n.01,ornithischian,['dinosaur.n.01'],"['argentinosaur.n.01', 'diplodocus.n.01', 'ground-shaker.n.01', 'iguanodon.n.01', 'ornithischian.n.01', 'saurischian.n.01', 'titanosaur.n.01']","['https://upload.wikimedia.org/wikipedia/commons/thumb/2/2e/Ornithischia_montage.jpg/627px-Ornithischia_montage.jpg?20200613095249', 'https://upload.wikimedia.org/wikipedia/commons/thumb/6/67/Edmontosaurus_pelvis_left.jpg/800px-Edmontosaurus_pelvis_left.jpg?20130106134828', 'https://upload.wikimedia.org/wikipedia/commons/thumb/3/3d/Protoceratops_andrewsi_Ornithischian_Dinosaurs_hatching.jpg/784px-Protoceratops_andrewsi_Ornithischian_Dinosaurs_hatching.jpg?20200105170410', 'https://upload.wikimedia.org/wikipedia/commons/thumb/c/c2/Ornithischia_Diversity.jpg/800px-Ornithischia_Diversity.jpg?20180118045318', 'https://upload.wikimedia.org/wikipedia/commons/c/c1/Einiosaurus_BW.jpg?20091013175957']",Ornithischia montage.jpg,herbivorous dinosaur with a pelvis like that of a bird,retrieval,black-forest-labs_FLUX.1-dev,3
7597365,291,appendix,candy.n.01,"candy,",['sweet.n.03'],"['candied_apple.n.01', 'candy.n.01', 'center.n.14', 'chewing_gum.n.01', 'comfit.n.01', 'confectionery.n.01', 'confiture.n.01', 'hardbake.n.01', 'maraschino.n.02', 'nonpareil.n.02', 'sweetmeat.n.01']","['https://upload.wikimedia.org/wikipedia/commons/thumb/c/c0/Ambigram_Candy_icon_-_pink_animated.gif/600px-Ambigram_Candy_icon_-_pink_animated.gif?20210613003659', 'https://upload.wikimedia.org/wikipedia/commons/thumb/4/45/Ambigram_Candy_icon_-_pink_vector.svg/800px-Ambigram_Candy_icon_-_pink_vector.svg.png?20221009145151', 'https://upload.wikimedia.org/wikipedia/commons/thumb/d/db/Candy_6577.jpg/800px-Candy_6577.jpg?20100119114118', 'https://upload.wikimedia.org/wikipedia/commons/thumb/1/10/Candy_in_Damascus.jpg/800px-Candy_in_Damascus.jpg?20101110225859', 'https://upload.wikimedia.org/wikipedia/commons/thumb/d/d7/Sour_rainbow_belts.jpg/800px-Sour_rainbow_belts.jpg?20240227102714']",Ambigram Candy icon - pink animated.gif,a rich sweet made of flavored sugar and often combined with fruit or nuts,prompthero_openjourney,black-forest-labs_FLUX.1-dev,1
7605282,302,appendix,dragee.n.01,dragee,['candy.n.01'],"['bonbon.n.01', 'brandyball.n.01', 'brittle.n.01', 'butterscotch.n.01', 'candy_bar.n.01', 'candy_cane.n.01', 'candy_corn.n.01', 'caramel.n.01', 'carob_bar.n.01', 'cotton_candy.n.01', 'dragee.n.01', 'dragee.n.02', 'easter_egg.n.01', 'fondant.n.01', 'fudge.n.01', 'gumdrop.n.01', 'hard_candy.n.01', 'honey_crisp.n.01', 'horehound.n.02', 'jelly_bean.n.01', 'kiss.n.03', 'licorice.n.02', 'life_saver.n.01', 'lollipop.n.02', 'lozenge.n.01', 'marshmallow.n.01', 'marzipan.n.01', 'mint.n.05', 'nougat.n.01', 'nougat_bar.n.01', 'nut_bar.n.01', 'patty.n.03', 'peanut_bar.n.01', 'popcorn_ball.n.01', 'praline.n.01', 'rock_candy.n.01', 'rock_candy.n.02', 'sugar_candy.n.01', 'sugarplum.n.01', 'taffy.n.01', 'truffle.n.03', 'turkish_delight.n.01']","['https://upload.wikimedia.org/wikipedia/commons/thumb/1/12/Dragee_atelier.jpg/800px-Dragee_atelier.jpg?20060119211931', 'https://upload.wikimedia.org/wikipedia/commons/3/32/Amande-avolas-blanche.png?20140814183503', 'https://upload.wikimedia.org/wikipedia/commons/thumb/4/40/Dragees.jpg/800px-Dragees.jpg?20060208194704', 'https://upload.wikimedia.org/wikipedia/commons/thumb/c/c1/Mazurek_semicircular.JPG/800px-Mazurek_semicircular.JPG?20150412162206']",Dragee atelier.jpg,silvery candy beads used for decorating cakes,retrieval,black-forest-labs_FLUX.1-dev,2
7841907,304,appendix,easter_egg.n.01,Easter_egg,['candy.n.01'],"['bonbon.n.01', 'brandyball.n.01', 'brittle.n.01', 'butterscotch.n.01', 'candy_bar.n.01', 'candy_cane.n.01', 'candy_corn.n.01', 'caramel.n.01', 'carob_bar.n.01', 'cotton_candy.n.01', 'dragee.n.01', 'dragee.n.02', 'easter_egg.n.01', 'fondant.n.01', 'fudge.n.01', 'gumdrop.n.01', 'hard_candy.n.01', 'honey_crisp.n.01', 'horehound.n.02', 'jelly_bean.n.01', 'kiss.n.03', 'licorice.n.02', 'life_saver.n.01', 'lollipop.n.02', 'lozenge.n.01', 'marshmallow.n.01', 'marzipan.n.01', 'mint.n.05', 'nougat.n.01', 'nougat_bar.n.01', 'nut_bar.n.01', 'patty.n.03', 'peanut_bar.n.01', 'popcorn_ball.n.01', 'praline.n.01', 'rock_candy.n.01', 'rock_candy.n.02', 'sugar_candy.n.01', 'sugarplum.n.01', 'taffy.n.01', 'truffle.n.03', 'turkish_delight.n.01']","['https://upload.wikimedia.org/wikipedia/commons/thumb/6/6f/Easter_breakfast_in_Serbia_%28close-up%29.jpg/800px-Easter_breakfast_in_Serbia_%28close-up%29.jpg?20210717172107', 'https://upload.wikimedia.org/wikipedia/commons/thumb/5/54/Bg-easter-eggs.jpg/600px-Bg-easter-eggs.jpg?20070409184559', 'https://upload.wikimedia.org/wikipedia/commons/thumb/a/ab/Serbian_Easter_breakfast.jpg/800px-Serbian_Easter_breakfast.jpg?20210714163752', 'https://upload.wikimedia.org/wikipedia/commons/thumb/8/83/Easter_egg_in_Puska.jpg/450px-Easter_egg_in_Puska.jpg?20230409204347', 'https://upload.wikimedia.org/wikipedia/commons/thumb/c/ce/Kroszonka_Opolska_-_Easter_Egg_%28Opole_Silezia%29.png/771px-Kroszonka_Opolska_-_Easter_Egg_%28Opole_Silezia%29.png?20190426205200']",Easter breakfast in Serbia (close-up).jpg,an egg-shaped candy used to celebrate Easter,DeepFloyd_IF-I-XL-v1.0,black-forest-labs_FLUX.1-dev,3
7606764,312,appendix,kiss.n.03,kiss,['candy.n.01'],"['bonbon.n.01', 'brandyball.n.01', 'brittle.n.01', 'butterscotch.n.01', 'candy_bar.n.01', 'candy_cane.n.01', 'candy_corn.n.01', 'caramel.n.01', 'carob_bar.n.01', 'cotton_candy.n.01', 'dragee.n.01', 'dragee.n.02', 'easter_egg.n.01', 'fondant.n.01', 'fudge.n.01', 'gumdrop.n.01', 'hard_candy.n.01', 'honey_crisp.n.01', 'horehound.n.02', 'jelly_bean.n.01', 'kiss.n.03', 'licorice.n.02', 'life_saver.n.01', 'lollipop.n.02', 'lozenge.n.01', 'marshmallow.n.01', 'marzipan.n.01', 'mint.n.05', 'nougat.n.01', 'nougat_bar.n.01', 'nut_bar.n.01', 'patty.n.03', 'peanut_bar.n.01', 'popcorn_ball.n.01', 'praline.n.01', 'rock_candy.n.01', 'rock_candy.n.02', 'sugar_candy.n.01', 'sugarplum.n.01', 'taffy.n.01', 'truffle.n.03', 'turkish_delight.n.01']","['https://upload.wikimedia.org/wikipedia/commons/thumb/c/c6/El_Beso_%28Pinacoteca_de_Brera%2C_Mil%C3%A1n%2C_1859%29.jpg/481px-El_Beso_%28Pinacoteca_de_Brera%2C_Mil%C3%A1n%2C_1859%29.jpg?20111208143825', 'https://upload.wikimedia.org/wikipedia/commons/thumb/4/40/The_Kiss_-_Gustav_Klimt_-_Google_Cultural_Institute.jpg/597px-The_Kiss_-_Gustav_Klimt_-_Google_Cultural_Institute.jpg?20150310064134', 'https://upload.wikimedia.org/wikipedia/commons/thumb/a/ae/Smooches_%28baby_and_child_kiss%29.jpg/800px-Smooches_%28baby_and_child_kiss%29.jpg?20060120022749', 'https://upload.wikimedia.org/wikipedia/commons/thumb/b/b1/Kiss_at_backstage_%281975%29.jpg/748px-Kiss_at_backstage_%281975%29.jpg?20240313173026', 'https://upload.wikimedia.org/wikipedia/commons/thumb/d/d6/Kiss_Cracow_2019.jpg/800px-Kiss_Cracow_2019.jpg?20190619152608']","El Beso (Pinacoteca de Brera, Milán, 1859).jpg",any of several bite-sized candies,runwayml_stable-diffusion-v1-5,black-forest-labs_FLUX.1-dev,2
7608245,318,appendix,marzipan.n.01,marzipan,['candy.n.01'],"['bonbon.n.01', 'brandyball.n.01', 'brittle.n.01', 'butterscotch.n.01', 'candy_bar.n.01', 'candy_cane.n.01', 'candy_corn.n.01', 'caramel.n.01', 'carob_bar.n.01', 'cotton_candy.n.01', 'dragee.n.01', 'dragee.n.02', 'easter_egg.n.01', 'fondant.n.01', 'fudge.n.01', 'gumdrop.n.01', 'hard_candy.n.01', 'honey_crisp.n.01', 'horehound.n.02', 'jelly_bean.n.01', 'kiss.n.03', 'licorice.n.02', 'life_saver.n.01', 'lollipop.n.02', 'lozenge.n.01', 'marshmallow.n.01', 'marzipan.n.01', 'mint.n.05', 'nougat.n.01', 'nougat_bar.n.01', 'nut_bar.n.01', 'patty.n.03', 'peanut_bar.n.01', 'popcorn_ball.n.01', 'praline.n.01', 'rock_candy.n.01', 'rock_candy.n.02', 'sugar_candy.n.01', 'sugarplum.n.01', 'taffy.n.01', 'truffle.n.03', 'turkish_delight.n.01']","['https://upload.wikimedia.org/wikipedia/commons/thumb/b/b0/Badem_ezmesi_1.JPG/800px-Badem_ezmesi_1.JPG?20151108140339', 'https://upload.wikimedia.org/wikipedia/commons/thumb/b/b5/Badem_ezmesi_2.JPG/800px-Badem_ezmesi_2.JPG?20231206033739', 'https://upload.wikimedia.org/wikipedia/commons/thumb/6/6c/Rolling_out_the_marzipan_%2811029638025%29.jpg/800px-Rolling_out_the_marzipan_%2811029638025%29.jpg?20140828194538', 'https://upload.wikimedia.org/wikipedia/commons/thumb/c/cd/Marzipanfr%C3%BCchte.jpg/450px-Marzipanfr%C3%BCchte.jpg?20050821183536', 'https://upload.wikimedia.org/wikipedia/commons/thumb/c/c5/Christmas_Marzipan_Chocolate_%28Nidar_julemarsipan%29_for_sale_at_Spar_Supermarket_in_Tj%C3%B8me%2C_Norway_2017-12-05.jpg/800px-Christmas_Marzipan_Chocolate_%28Nidar_julemarsipan%29_for_sale_at_Spar_Supermarket_in_Tj%C3%B8me%2C_Norway_2017-12-05.jpg?20171219133003']",Badem ezmesi 1.JPG,almond paste and egg whites,black-forest-labs_FLUX.1-dev,Tencent-Hunyuan_HunyuanDiT-v1.2-Diffusers,2
7608980,328,appendix,rock_candy.n.02,rock_candy,['candy.n.01'],"['bonbon.n.01', 'brandyball.n.01', 'brittle.n.01', 'butterscotch.n.01', 'candy_bar.n.01', 'candy_cane.n.01', 'candy_corn.n.01', 'caramel.n.01', 'carob_bar.n.01', 'cotton_candy.n.01', 'dragee.n.01', 'dragee.n.02', 'easter_egg.n.01', 'fondant.n.01', 'fudge.n.01', 'gumdrop.n.01', 'hard_candy.n.01', 'honey_crisp.n.01', 'horehound.n.02', 'jelly_bean.n.01', 'kiss.n.03', 'licorice.n.02', 'life_saver.n.01', 'lollipop.n.02', 'lozenge.n.01', 'marshmallow.n.01', 'marzipan.n.01', 'mint.n.05', 'nougat.n.01', 'nougat_bar.n.01', 'nut_bar.n.01', 'patty.n.03', 'peanut_bar.n.01', 'popcorn_ball.n.01', 'praline.n.01', 'rock_candy.n.01', 'rock_candy.n.02', 'sugar_candy.n.01', 'sugarplum.n.01', 'taffy.n.01', 'truffle.n.03', 'turkish_delight.n.01']","['https://upload.wikimedia.org/wikipedia/commons/thumb/a/a5/Kandiszucker_--_2018_--_3588.jpg/800px-Kandiszucker_--_2018_--_3588.jpg?20180722124647', 'https://upload.wikimedia.org/wikipedia/commons/thumb/6/6c/Kandiszucker_--_2018_--_3590.jpg/800px-Kandiszucker_--_2018_--_3590.jpg?20180722124656', 'https://upload.wikimedia.org/wikipedia/commons/thumb/6/6c/Rock-Candy-Sticks.jpg/800px-Rock-Candy-Sticks.jpg?20120426200519', 'https://upload.wikimedia.org/wikipedia/commons/b/be/Saffron_rock_candy.jpg?20161204120932', 'https://upload.wikimedia.org/wikipedia/commons/thumb/4/42/Rock_Candy.jpg/800px-Rock_Candy.jpg?20081106161614']",Kandiszucker -- 2018 -- 3588.jpg,sugar in large hard clear crystals on a string,DeepFloyd_IF-I-XL-v1.0,black-forest-labs_FLUX.1-dev,4
7609316,330,appendix,sugarplum.n.01,sugarplum,['candy.n.01'],"['bonbon.n.01', 'brandyball.n.01', 'brittle.n.01', 'butterscotch.n.01', 'candy_bar.n.01', 'candy_cane.n.01', 'candy_corn.n.01', 'caramel.n.01', 'carob_bar.n.01', 'cotton_candy.n.01', 'dragee.n.01', 'dragee.n.02', 'easter_egg.n.01', 'fondant.n.01', 'fudge.n.01', 'gumdrop.n.01', 'hard_candy.n.01', 'honey_crisp.n.01', 'horehound.n.02', 'jelly_bean.n.01', 'kiss.n.03', 'licorice.n.02', 'life_saver.n.01', 'lollipop.n.02', 'lozenge.n.01', 'marshmallow.n.01', 'marzipan.n.01', 'mint.n.05', 'nougat.n.01', 'nougat_bar.n.01', 'nut_bar.n.01', 'patty.n.03', 'peanut_bar.n.01', 'popcorn_ball.n.01', 'praline.n.01', 'rock_candy.n.01', 'rock_candy.n.02', 'sugar_candy.n.01', 'sugarplum.n.01', 'taffy.n.01', 'truffle.n.03', 'turkish_delight.n.01']","['https://upload.wikimedia.org/wikipedia/commons/thumb/2/2f/Sugarplum_Fairy_logo.svg/512px-Sugarplum_Fairy_logo.svg.png?20240111212345', 'https://upload.wikimedia.org/wikipedia/commons/thumb/8/83/Sugarplum_Fairy%2C_2008_%282%29.jpg/399px-Sugarplum_Fairy%2C_2008_%282%29.jpg?20191025100132', 'https://upload.wikimedia.org/wikipedia/commons/thumb/3/33/Sugarplum_Fairy%2C_2008_%281%29.jpg/399px-Sugarplum_Fairy%2C_2008_%281%29.jpg?20191025095916', 'https://upload.wikimedia.org/wikipedia/commons/thumb/5/57/Sugarplum_Fairy%2C_2008_%284%29.jpg/399px-Sugarplum_Fairy%2C_2008_%284%29.jpg?20191025100525', 'https://upload.wikimedia.org/wikipedia/commons/thumb/6/68/Sugarplum_Fairy%2C_2008_%283%29.jpg/399px-Sugarplum_Fairy%2C_2008_%283%29.jpg?20191025100331']",Sugarplum Fairy logo.svg,any of various small sugary candies,stabilityai_sdxl-turbo,black-forest-labs_FLUX.1-dev,4
7609632,332,appendix,truffle.n.03,truffle,['candy.n.01'],"['bonbon.n.01', 'brandyball.n.01', 'brittle.n.01', 'butterscotch.n.01', 'candy_bar.n.01', 'candy_cane.n.01', 'candy_corn.n.01', 'caramel.n.01', 'carob_bar.n.01', 'cotton_candy.n.01', 'dragee.n.01', 'dragee.n.02', 'easter_egg.n.01', 'fondant.n.01', 'fudge.n.01', 'gumdrop.n.01', 'hard_candy.n.01', 'honey_crisp.n.01', 'horehound.n.02', 'jelly_bean.n.01', 'kiss.n.03', 'licorice.n.02', 'life_saver.n.01', 'lollipop.n.02', 'lozenge.n.01', 'marshmallow.n.01', 'marzipan.n.01', 'mint.n.05', 'nougat.n.01', 'nougat_bar.n.01', 'nut_bar.n.01', 'patty.n.03', 'peanut_bar.n.01', 'popcorn_ball.n.01', 'praline.n.01', 'rock_candy.n.01', 'rock_candy.n.02', 'sugar_candy.n.01', 'sugarplum.n.01', 'taffy.n.01', 'truffle.n.03', 'turkish_delight.n.01']","['https://upload.wikimedia.org/wikipedia/commons/thumb/3/33/Truffle_4.jpg/800px-Truffle_4.jpg?20081012202937', 'https://upload.wikimedia.org/wikipedia/commons/thumb/2/2b/Aufgeschnittener_Tr%C3%BCffel_aus_Alba_%28Italien%29.jpg/451px-Aufgeschnittener_Tr%C3%BCffel_aus_Alba_%28Italien%29.jpg?20231110162418', 'https://upload.wikimedia.org/wikipedia/commons/2/26/Truffe_noire_du_P%C3%A9rigord.jpg?20061219084218', 'https://upload.wikimedia.org/wikipedia/commons/thumb/b/ba/Tr%C3%BCffel5.jpg/800px-Tr%C3%BCffel5.jpg?20140902114639', 'https://upload.wikimedia.org/wikipedia/commons/thumb/8/83/Tagliatelle_al_tartufo.jpg/525px-Tagliatelle_al_tartufo.jpg?20231110184135']",Truffle 4.jpg,creamy chocolate candy,black-forest-labs_FLUX.1-dev,PixArt-alpha_PixArt-Sigma-XL-2-512-MS,3
7922764,337,appendix,cocoa.n.01,cocoa,['beverage.n.01'],"['alcohol.n.01', 'cider.n.01', 'cocoa.n.01', 'coffee.n.01', 'cooler.n.02', 'drinking_water.n.01', 'fizz.n.01', 'fruit_drink.n.01', 'fruit_juice.n.01', 'ginger_beer.n.01', 'hydromel.n.01', 'mate.n.09', 'milk.n.01', 'mixer.n.02', 'near_beer.n.01', 'oenomel.n.01', 'potion.n.01', 'refresher.n.02', 'smoothie.n.02', 'soft_drink.n.01', 'tea-like_drink.n.01', 'tea.n.01', 'wish-wash.n.01']","['https://upload.wikimedia.org/wikipedia/commons/thumb/f/fe/Cocoa_Powder_and_Chocolate_on_Marble_Background.jpg/800px-Cocoa_Powder_and_Chocolate_on_Marble_Background.jpg?20230721160132', 'https://upload.wikimedia.org/wikipedia/commons/thumb/1/1e/Cocoa_Police_Impala.jpg/800px-Cocoa_Police_Impala.jpg?20211102133307', 'https://upload.wikimedia.org/wikipedia/commons/thumb/d/da/Cans_of_Bournville_Cocoa_powder_c.1910.jpg/800px-Cans_of_Bournville_Cocoa_powder_c.1910.jpg?20230805210605', 'https://upload.wikimedia.org/wikipedia/commons/thumb/a/ad/Cocoa_Spelled_Out_in_Cocoa_Powder.jpg/800px-Cocoa_Spelled_Out_in_Cocoa_Powder.jpg?20201128075557', 'https://upload.wikimedia.org/wikipedia/commons/thumb/1/11/Cocoa_Police_THI.jpg/800px-Cocoa_Police_THI.jpg?20211102135345']",Cocoa Powder and Chocolate on Marble Background.jpg,a beverage made from cocoa powder and milk and sugar; usually drunk hot,black-forest-labs_FLUX.1-dev,Tencent-Hunyuan_HunyuanDiT-v1.2-Diffusers,3
7936263,340,appendix,drinking_water.n.01,drinking_water,"['beverage.n.01', 'water.n.06']","['alcohol.n.01', 'cider.n.01', 'cocoa.n.01', 'coffee.n.01', 'cooler.n.02', 'drinking_water.n.01', 'fizz.n.01', 'fruit_drink.n.01', 'fruit_juice.n.01', 'ginger_beer.n.01', 'hydromel.n.01', 'mate.n.09', 'milk.n.01', 'mixer.n.02', 'near_beer.n.01', 'oenomel.n.01', 'potion.n.01', 'refresher.n.02', 'smoothie.n.02', 'soft_drink.n.01', 'tea-like_drink.n.01', 'tea.n.01', 'wish-wash.n.01', 'branch_water.n.01', 'drinking_water.n.01', 'spring_water.n.02']","['https://upload.wikimedia.org/wikipedia/commons/thumb/6/69/Humanitarian_aid_OCPA-2005-10-28-090517a.jpg/800px-Humanitarian_aid_OCPA-2005-10-28-090517a.jpg?20160217135818', 'https://upload.wikimedia.org/wikipedia/commons/thumb/5/56/Water_fountain_near_the_art_museum_in_Milwaukee%2C_Wisconsin_6178.jpg/800px-Water_fountain_near_the_art_museum_in_Milwaukee%2C_Wisconsin_6178.jpg?20080711030100', 'https://upload.wikimedia.org/wikipedia/commons/thumb/e/e9/Fountain_near_the_Indian_President%27_residence.jpg/459px-Fountain_near_the_Indian_President%27_residence.jpg?20190410170734', 'https://upload.wikimedia.org/wikipedia/commons/thumb/0/0d/Drink_from_the_mountains_this_aqua_from_indonesian.jpg/800px-Drink_from_the_mountains_this_aqua_from_indonesian.jpg?20210109130024', 'https://upload.wikimedia.org/wikipedia/commons/0/02/Stilles_Mineralwasser.jpg?20050620165757']",Humanitarian aid OCPA-2005-10-28-090517a.jpg,water suitable for drinking,black-forest-labs_FLUX.1-dev,stabilityai_stable-diffusion-xl-base-1.0,1
7891309,344,appendix,ginger_beer.n.01,ginger_beer,['beverage.n.01'],"['alcohol.n.01', 'cider.n.01', 'cocoa.n.01', 'coffee.n.01', 'cooler.n.02', 'drinking_water.n.01', 'fizz.n.01', 'fruit_drink.n.01', 'fruit_juice.n.01', 'ginger_beer.n.01', 'hydromel.n.01', 'mate.n.09', 'milk.n.01', 'mixer.n.02', 'near_beer.n.01', 'oenomel.n.01', 'potion.n.01', 'refresher.n.02', 'smoothie.n.02', 'soft_drink.n.01', 'tea-like_drink.n.01', 'tea.n.01', 'wish-wash.n.01']","['https://upload.wikimedia.org/wikipedia/commons/thumb/2/25/Bundaberg_ginger_beer.jpg/800px-Bundaberg_ginger_beer.jpg?20190315195454', 'https://upload.wikimedia.org/wikipedia/commons/0/09/Bundaberg_Ginger_Beer_Brew_Process.png?20140827055928', 'https://upload.wikimedia.org/wikipedia/commons/thumb/6/63/Ginger_beer_bottle_assortment.jpg/800px-Ginger_beer_bottle_assortment.jpg?20160508192955', 'https://upload.wikimedia.org/wikipedia/commons/thumb/5/57/Korfiotisches_Ingwerbier_01.jpg/450px-Korfiotisches_Ingwerbier_01.jpg?20170619061809', 'https://upload.wikimedia.org/wikipedia/commons/thumb/a/a0/Ginger_Libation.jpg/398px-Ginger_Libation.jpg?20190225193652']",Bundaberg ginger beer.jpg,carbonated slightly alcoholic drink flavored with fermented ginger,black-forest-labs_FLUX.1-dev,stabilityai_stable-diffusion-3-medium-diffusers,3
7914271,353,appendix,smoothie.n.02,smoothie,['beverage.n.01'],"['alcohol.n.01', 'cider.n.01', 'cocoa.n.01', 'coffee.n.01', 'cooler.n.02', 'drinking_water.n.01', 'fizz.n.01', 'fruit_drink.n.01', 'fruit_juice.n.01', 'ginger_beer.n.01', 'hydromel.n.01', 'mate.n.09', 'milk.n.01', 'mixer.n.02', 'near_beer.n.01', 'oenomel.n.01', 'potion.n.01', 'refresher.n.02', 'smoothie.n.02', 'soft_drink.n.01', 'tea-like_drink.n.01', 'tea.n.01', 'wish-wash.n.01']","['https://upload.wikimedia.org/wikipedia/commons/thumb/9/96/Praha_Bistro_Z%C3%A1meck%C3%A9_schody_Smoothies.jpg/400px-Praha_Bistro_Z%C3%A1meck%C3%A9_schody_Smoothies.jpg?20170523165748', 'https://upload.wikimedia.org/wikipedia/commons/thumb/0/0c/Kiwi_Smoothie.jpg/630px-Kiwi_Smoothie.jpg?20220903223411', 'https://upload.wikimedia.org/wikipedia/commons/thumb/3/37/2011.09_smoothie2.JPG/400px-2011.09_smoothie2.JPG?20150608084203', 'https://upload.wikimedia.org/wikipedia/commons/thumb/1/1d/Chocolate_Green_Smoothie_Bowl.jpg/800px-Chocolate_Green_Smoothie_Bowl.jpg?20200409190946']",Praha Bistro Zámecké schody Smoothies.jpg,a thick smooth drink consisting of fresh fruit pureed with ice cream or yoghurt or milk,black-forest-labs_FLUX.1-dev,Tencent-Hunyuan_HunyuanDiT-v1.2-Diffusers,3
7933530,355,appendix,tea-like_drink.n.01,tea-like_drink,['beverage.n.01'],"['alcohol.n.01', 'cider.n.01', 'cocoa.n.01', 'coffee.n.01', 'cooler.n.02', 'drinking_water.n.01', 'fizz.n.01', 'fruit_drink.n.01', 'fruit_juice.n.01', 'ginger_beer.n.01', 'hydromel.n.01', 'mate.n.09', 'milk.n.01', 'mixer.n.02', 'near_beer.n.01', 'oenomel.n.01', 'potion.n.01', 'refresher.n.02', 'smoothie.n.02', 'soft_drink.n.01', 'tea-like_drink.n.01', 'tea.n.01', 'wish-wash.n.01']","['https://upload.wikimedia.org/wikipedia/commons/thumb/9/92/Tea_at_Aux_Portes_de_l%27Orient_in_Grand_Mosque_of_Paris.jpg/450px-Tea_at_Aux_Portes_de_l%27Orient_in_Grand_Mosque_of_Paris.jpg?20210925064217', 'https://upload.wikimedia.org/wikipedia/commons/thumb/c/c1/-Tea_lovers_-Chai_-Food_-Hot_Drinks_%28cropped%29.jpg/432px--Tea_lovers_-Chai_-Food_-Hot_Drinks_%28cropped%29.jpg?20220703161913', 'https://upload.wikimedia.org/wikipedia/commons/thumb/2/2a/A_woman_is_like_a_tea_bag._%28Unsplash%29.jpg/800px-A_woman_is_like_a_tea_bag._%28Unsplash%29.jpg?20170818123155', 'https://upload.wikimedia.org/wikipedia/commons/7/7b/Masala_Tea_and_South_Indian_Filter_Coffee.jpg?20080312194755', 'https://upload.wikimedia.org/wikipedia/commons/thumb/2/23/Tea_with_friends%2C_and_one_must_wear_one%27s_finest_hat%21.jpg/796px-Tea_with_friends%2C_and_one_must_wear_one%27s_finest_hat%21.jpg?20130413120243']",Tea at Aux Portes de l'Orient in Grand Mosque of Paris.jpg,a beverage that resembles tea but is not made from tea leaves,black-forest-labs_FLUX.1-dev,runwayml_stable-diffusion-v1-5,1
3045337,358,appendix,cloak.n.02,cloak,['overgarment.n.01'],"['aba.n.01', 'cloak.n.02', 'coat.n.01', 'izar.n.01', 'snowsuit.n.01']","['https://upload.wikimedia.org/wikipedia/commons/thumb/6/63/Lucy_Arbell_as_Queen_Amahelli_in_Massenet%27s_Bacchus%2C_wide_view.jpg/402px-Lucy_Arbell_as_Queen_Amahelli_in_Massenet%27s_Bacchus%2C_wide_view.jpg?20200701161310', 'https://upload.wikimedia.org/wikipedia/commons/thumb/f/fe/Svart_kappa_-_Skoklosters_slott_-_100453.tif/lossy-page1-417px-Svart_kappa_-_Skoklosters_slott_-_100453.tif.jpg?20151104144502', 'https://upload.wikimedia.org/wikipedia/commons/thumb/8/84/Cloak_%28AM_741043-1%29.jpg/400px-Cloak_%28AM_741043-1%29.jpg?20171204033947', 'https://upload.wikimedia.org/wikipedia/commons/thumb/e/ed/Cloak_%28AM_741043-5%29.jpg/800px-Cloak_%28AM_741043-5%29.jpg?20171204034347', 'https://upload.wikimedia.org/wikipedia/commons/thumb/9/9e/Cloak_%28AM_741043-2%29.jpg/400px-Cloak_%28AM_741043-2%29.jpg?20171204034047']","Lucy Arbell as Queen Amahelli in Massenet's Bacchus, wide view.jpg",a loose outer garment,prompthero_openjourney,black-forest-labs_FLUX.1-dev,2
3880032,369,appendix,pallium.n.04,pallium,['cloak.n.02'],"['burnous.n.01', 'caftan.n.02', 'cape.n.02', 'capote.n.02', 'capuchin.n.01', 'cope.n.02', 'dolman.n.02', 'domino.n.02', 'jellaba.n.01', 'opera_cloak.n.01', 'pallium.n.04', 'poncho.n.01', 'shawl.n.01', 'toga.n.01', 'tunic.n.02', 'wrap.n.01']","['https://upload.wikimedia.org/wikipedia/commons/thumb/2/2d/Gloripallium_pallium_02.jpg/800px-Gloripallium_pallium_02.jpg?20220603073159', 'https://upload.wikimedia.org/wikipedia/commons/thumb/8/80/Gloripallium_pallium_01.jpg/800px-Gloripallium_pallium_01.jpg?20220602082743', 'https://upload.wikimedia.org/wikipedia/commons/thumb/5/5e/Museum_of_Archdiocese_in_Gniezno_-_paliusz.JPG/450px-Museum_of_Archdiocese_in_Gniezno_-_paliusz.JPG?20111216063123', 'https://upload.wikimedia.org/wikipedia/commons/thumb/3/39/Pallium_%28Geschichte%29.jpg/495px-Pallium_%28Geschichte%29.jpg?20130606091543', 'https://upload.wikimedia.org/wikipedia/commons/thumb/4/4a/Comparative_evolution_of_the_striatum_and_pallium_in_vertebrates.png/800px-Comparative_evolution_of_the_striatum_and_pallium_in_vertebrates.png?20211014100040']",Gloripallium pallium 02.jpg,cloak or mantle worn by men in ancient Rome,PixArt-alpha_PixArt-Sigma-XL-2-512-MS,black-forest-labs_FLUX.1-dev,3
4186455,371,appendix,shawl.n.01,shawl,['cloak.n.02'],"['burnous.n.01', 'caftan.n.02', 'cape.n.02', 'capote.n.02', 'capuchin.n.01', 'cope.n.02', 'dolman.n.02', 'domino.n.02', 'jellaba.n.01', 'opera_cloak.n.01', 'pallium.n.04', 'poncho.n.01', 'shawl.n.01', 'toga.n.01', 'tunic.n.02', 'wrap.n.01']","['https://upload.wikimedia.org/wikipedia/commons/thumb/6/65/Embroidery_on_a_shawl_from_Punjab_05.jpg/800px-Embroidery_on_a_shawl_from_Punjab_05.jpg?20210306112009', 'https://upload.wikimedia.org/wikipedia/commons/thumb/1/1f/Embroidery_on_a_cashmere_shawl_08.jpg/800px-Embroidery_on_a_cashmere_shawl_08.jpg?20231218133208', 'https://upload.wikimedia.org/wikipedia/commons/thumb/9/9c/Embroidery_on_a_cashmere_shawl_09.jpg/800px-Embroidery_on_a_cashmere_shawl_09.jpg?20231218133209', 'https://upload.wikimedia.org/wikipedia/commons/thumb/3/34/Embroidery_on_a_cashmere_shawl_01.jpg/800px-Embroidery_on_a_cashmere_shawl_01.jpg?20231218133201', 'https://upload.wikimedia.org/wikipedia/commons/thumb/d/d8/Embroidery_on_a_cashmere_shawl_05.jpg/800px-Embroidery_on_a_cashmere_shawl_05.jpg?20231218133205']",Embroidery on a shawl from Punjab 05.jpg,cloak consisting of an oblong piece of cloth used to cover the head and shoulders,black-forest-labs_FLUX.1-dev,PixArt-alpha_PixArt-Sigma-XL-2-512-MS,3
7625831,386,appendix,deep-dish_pie.n.01,deep-dish_pie,['pie.n.01'],"['apple_pie.n.01', 'blueberry_pie.n.01', 'deep-dish_pie.n.01', 'lemon_meringue_pie.n.01', 'meat_pie.n.01', 'mince_pie.n.01', 'patty.n.02', 'pecan_pie.n.01', 'pumpkin_pie.n.01', 'rhubarb_pie.n.01', 'shoofly_pie.n.01', 'squash_pie.n.01', 'tart.n.02']","['https://upload.wikimedia.org/wikipedia/commons/thumb/b/b6/Mrs_Js_famous_deep_dish_apple_pie_%285333701965%29.jpg/800px-Mrs_Js_famous_deep_dish_apple_pie_%285333701965%29.jpg?20121209170430', 'https://upload.wikimedia.org/wikipedia/commons/thumb/8/89/Charlotte_Angus%2C_Pa._German_Pie_Dish%2C_c._1940%2C_NGA_15693.jpg/617px-Charlotte_Angus%2C_Pa._German_Pie_Dish%2C_c._1940%2C_NGA_15693.jpg?20190909224020', 'https://upload.wikimedia.org/wikipedia/commons/thumb/9/91/American_homes_and_gardens_%281911%29_%2818158966351%29.jpg/800px-American_homes_and_gardens_%281911%29_%2818158966351%29.jpg?20150726055023', 'https://upload.wikimedia.org/wikipedia/commons/c/c5/RECALLED_-_Peanut_Butter_Dessert_%288074162018%29.jpg?20160909115154', 'https://upload.wikimedia.org/wikipedia/commons/a/ae/1988_Denby_Dale_Pie_-_geograph.org.uk_-_1195569.jpg?20110225232333']",Mrs Js famous deep dish apple pie (5333701965).jpg,a pie made of fruit with rich biscuit dough usually only on top of the fruit,playgroundai_playground-v2.5-1024px-aesthetic,black-forest-labs_FLUX.1-dev,3
7627310,390,appendix,patty.n.02,patty,['pie.n.01'],"['apple_pie.n.01', 'blueberry_pie.n.01', 'deep-dish_pie.n.01', 'lemon_meringue_pie.n.01', 'meat_pie.n.01', 'mince_pie.n.01', 'patty.n.02', 'pecan_pie.n.01', 'pumpkin_pie.n.01', 'rhubarb_pie.n.01', 'shoofly_pie.n.01', 'squash_pie.n.01', 'tart.n.02']","['https://upload.wikimedia.org/wikipedia/commons/thumb/9/9a/Big_Mac_hamburger.jpg/694px-Big_Mac_hamburger.jpg?20140901052922', 'https://upload.wikimedia.org/wikipedia/commons/5/52/Hamburger_patty.jpg?20060703051119', 'https://upload.wikimedia.org/wikipedia/commons/thumb/1/18/Patty_Wu_with_Wacoal_Sports_bra_2012-06-16.jpg/399px-Patty_Wu_with_Wacoal_Sports_bra_2012-06-16.jpg?20130125175519', 'https://upload.wikimedia.org/wikipedia/commons/thumb/d/d5/Burger_Ayam_Crispy.jpg/800px-Burger_Ayam_Crispy.jpg?20210129143435', 'https://upload.wikimedia.org/wikipedia/commons/thumb/c/cb/Patty_with_mayonnaise.jpg/462px-Patty_with_mayonnaise.jpg?20210220024931']",Big Mac hamburger.jpg,small pie or pasty,retrieval,black-forest-labs_FLUX.1-dev,3
7626501,393,appendix,rhubarb_pie.n.01,rhubarb_pie,['pie.n.01'],"['apple_pie.n.01', 'blueberry_pie.n.01', 'deep-dish_pie.n.01', 'lemon_meringue_pie.n.01', 'meat_pie.n.01', 'mince_pie.n.01', 'patty.n.02', 'pecan_pie.n.01', 'pumpkin_pie.n.01', 'rhubarb_pie.n.01', 'shoofly_pie.n.01', 'squash_pie.n.01', 'tart.n.02']","['https://upload.wikimedia.org/wikipedia/commons/thumb/2/28/RhubarbPie.jpg/800px-RhubarbPie.jpg?20110602015718', 'https://upload.wikimedia.org/wikipedia/commons/thumb/a/a9/LatticeCrust.jpg/677px-LatticeCrust.jpg?20100804054312', 'https://upload.wikimedia.org/wikipedia/commons/thumb/7/7b/Rhubarb_Pie.jpg/800px-Rhubarb_Pie.jpg?20130918165245', 'https://upload.wikimedia.org/wikipedia/commons/thumb/e/ec/Rhubarb_and_Raspberry_Pie.jpg/800px-Rhubarb_and_Raspberry_Pie.jpg?20201013015400', 'https://upload.wikimedia.org/wikipedia/commons/thumb/3/3b/Rhubarb_and_Raspberry_Pie_-_42392288662.jpg/800px-Rhubarb_and_Raspberry_Pie_-_42392288662.jpg?20201013015406']",RhubarbPie.jpg,pie containing diced rhubarb and much sugar,playgroundai_playground-v2.5-1024px-aesthetic,black-forest-labs_FLUX.1-dev,1
3249569,397,appendix,drum.n.01,"drum,",['percussion_instrument.n.01'],"['bones.n.01', 'chime.n.01', 'cymbal.n.01', 'drum.n.01', 'glockenspiel.n.01', 'gong.n.01', 'kettle.n.04', 'lagerphone.n.01', 'maraca.n.01', 'marimba.n.01', 'piano.n.01', 'rain_stick.n.01', 'steel_drum.n.01', 'triangle.n.05', 'vibraphone.n.01']","['https://upload.wikimedia.org/wikipedia/commons/thumb/0/0d/Drum_set.svg/795px-Drum_set.svg.png?20220730055919', 'https://upload.wikimedia.org/wikipedia/commons/thumb/3/33/Ambigram_Drum_Music.png/800px-Ambigram_Drum_Music.png?20220930064908', 'https://upload.wikimedia.org/wikipedia/commons/thumb/e/e2/Litewate_Junior_Drum_Outfit.svg/493px-Litewate_Junior_Drum_Outfit.svg.png?20220129150224', 'https://upload.wikimedia.org/wikipedia/commons/thumb/7/70/Drumhead_Coated_on_Tom_Drum_01.png/600px-Drumhead_Coated_on_Tom_Drum_01.png?20200306181411', 'https://upload.wikimedia.org/wikipedia/commons/thumb/0/02/Fire_breathing_2_Luc_Viatour.jpg/800px-Fire_breathing_2_Luc_Viatour.jpg?20080826053810']",Drum set.svg,a musical percussion instrument; usually consists of a hollow cylinder with a membrane stretched across each end,stabilityai_stable-diffusion-xl-base-1.0,black-forest-labs_FLUX.1-dev,2
4387201,402,appendix,tambour.n.02,tambour,['drum.n.01'],"['bass_drum.n.01', 'bongo.n.01', 'snare_drum.n.01', 'tabor.n.01', 'tambour.n.02', 'tambourine.n.01', 'tenor_drum.n.01', 'timbrel.n.01']","['https://upload.wikimedia.org/wikipedia/commons/thumb/f/fd/Embroidery_by_Hand_Sample_with_Design_From_Instagram_Influencer.jpg/450px-Embroidery_by_Hand_Sample_with_Design_From_Instagram_Influencer.jpg?20201031160825', 'https://upload.wikimedia.org/wikipedia/commons/thumb/f/f8/Fran%C3%A7ois-Hubert_DROUAIS_1763-4._London_NG._Madame_de_Pompadour_at_her_Tambour_Frame..jpg/428px-Fran%C3%A7ois-Hubert_DROUAIS_1763-4._London_NG._Madame_de_Pompadour_at_her_Tambour_Frame..jpg?20101105120448', 'https://upload.wikimedia.org/wikipedia/commons/thumb/9/9c/Feather_Stitch_Green%2C_Blue%2C_and_Grey_Embroidery_Hoop_Art._Hand_Embroidered._%288355465843%29.jpg/800px-Feather_Stitch_Green%2C_Blue%2C_and_Grey_Embroidery_Hoop_Art._Hand_Embroidered._%288355465843%29.jpg?20180807231829', 'https://upload.wikimedia.org/wikipedia/commons/thumb/3/3a/Tambour_Desk.JPG/800px-Tambour_Desk.JPG?20081229200035', 'https://upload.wikimedia.org/wikipedia/commons/thumb/9/94/Tambour_d%27une_voile_enrouleur_%281%29.jpg/800px-Tambour_d%27une_voile_enrouleur_%281%29.jpg?20160217145149']",Embroidery by Hand Sample with Design From Instagram Influencer.jpg,a drum,PixArt-alpha_PixArt-Sigma-XL-2-512-MS,black-forest-labs_FLUX.1-dev,3
3676483,415,appendix,lipstick.n.01,lipstick,['makeup.n.01'],"['blackface.n.01', 'eyebrow_pencil.n.01', 'eyeliner.n.01', 'eyeshadow.n.01', 'face_powder.n.01', 'greasepaint.n.01', 'kohl.n.01', 'lip-gloss.n.01', 'lipstick.n.01', 'mascara.n.01', 'rouge.n.01']","['https://upload.wikimedia.org/wikipedia/commons/thumb/0/03/Bharathanaatyam_at_Kerala_school_kalolsavam_3.jpg/399px-Bharathanaatyam_at_Kerala_school_kalolsavam_3.jpg?20220117052944', 'https://upload.wikimedia.org/wikipedia/commons/thumb/5/5e/DiorLippenstift.jpg/654px-DiorLippenstift.jpg?20050415144953', 'https://upload.wikimedia.org/wikipedia/commons/thumb/5/5a/Nepali_hindu_bride.JPG/400px-Nepali_hindu_bride.JPG?20150328061508', 'https://upload.wikimedia.org/wikipedia/commons/thumb/8/8f/Lipstick_army.jpg/401px-Lipstick_army.jpg?20090120080158', 'https://upload.wikimedia.org/wikipedia/commons/thumb/0/06/Lipstick_lesbian_Pride_Flag.svg/800px-Lipstick_lesbian_Pride_Flag.svg.png?20220830233837']",Bharathanaatyam at Kerala school kalolsavam 3.jpg,makeup that is used to color the lips,stabilityai_stable-diffusion-3-medium-diffusers,black-forest-labs_FLUX.1-dev,2
3724066,416,appendix,mascara.n.01,mascara,['makeup.n.01'],"['blackface.n.01', 'eyebrow_pencil.n.01', 'eyeliner.n.01', 'eyeshadow.n.01', 'face_powder.n.01', 'greasepaint.n.01', 'kohl.n.01', 'lip-gloss.n.01', 'lipstick.n.01', 'mascara.n.01', 'rouge.n.01']","['https://upload.wikimedia.org/wikipedia/commons/thumb/e/e8/Mascara_de_pesta%C3%B1as.jpg/449px-Mascara_de_pesta%C3%B1as.jpg?20071013011712', 'https://upload.wikimedia.org/wikipedia/commons/thumb/f/f7/Ville_de_Mascara_%D9%85%D8%AF%D9%8A%D9%86%D8%A9_%D9%85%D8%B9%D8%B3%D9%83%D8%B1_-_panoramio_%281%29.jpg/800px-Ville_de_Mascara_%D9%85%D8%AF%D9%8A%D9%86%D8%A9_%D9%85%D8%B9%D8%B3%D9%83%D8%B1_-_panoramio_%281%29.jpg?20170707133838', 'https://upload.wikimedia.org/wikipedia/commons/d/d6/Mascara-example.jpg?20210110052714', 'https://upload.wikimedia.org/wikipedia/commons/thumb/c/ca/Nusrat_Faria003.jpg/400px-Nusrat_Faria003.jpg?20170703101728', 'https://upload.wikimedia.org/wikipedia/commons/thumb/9/9c/Mascara_moment.jpg/800px-Mascara_moment.jpg?20150420145213']",Mascara de pestañas.jpg,makeup that is used to darken and thicken the eye lashes,DeepFloyd_IF-I-XL-v1.0,black-forest-labs_FLUX.1-dev,3
4112752,417,appendix,rouge.n.01,rouge,['makeup.n.01'],"['blackface.n.01', 'eyebrow_pencil.n.01', 'eyeliner.n.01', 'eyeshadow.n.01', 'face_powder.n.01', 'greasepaint.n.01', 'kohl.n.01', 'lip-gloss.n.01', 'lipstick.n.01', 'mascara.n.01', 'rouge.n.01']","['https://upload.wikimedia.org/wikipedia/commons/thumb/7/70/De_Moulin_Rouge_in_Parijs_bij_avond%2C_Bestanddeelnr_254-5695.jpg/800px-De_Moulin_Rouge_in_Parijs_bij_avond%2C_Bestanddeelnr_254-5695.jpg?20200206192927', 'https://upload.wikimedia.org/wikipedia/commons/thumb/2/22/Downtown_Baton_Rouge%2C_Louisiana%2C_10_Feb_2022_-_St_James_Episcopal_Church.jpg/800px-Downtown_Baton_Rouge%2C_Louisiana%2C_10_Feb_2022_-_St_James_Episcopal_Church.jpg?20220305182317', 'https://upload.wikimedia.org/wikipedia/commons/thumb/f/f8/Balconies_-_Beauregard_Town%2C_Baton_Rouge_Louisiana_2023.jpg/450px-Balconies_-_Beauregard_Town%2C_Baton_Rouge_Louisiana_2023.jpg?20231028144341', 'https://upload.wikimedia.org/wikipedia/commons/thumb/d/db/Louisiana_National_Bank_Building%2C_Baton_Rouge%2C_1927.jpg/471px-Louisiana_National_Bank_Building%2C_Baton_Rouge%2C_1927.jpg?20240519225627', 'https://upload.wikimedia.org/wikipedia/commons/thumb/d/d5/Pause_-_Refresh_-_Drink_-_Baton_Rouge_Louisiana%2C_Feb_2021.jpg/459px-Pause_-_Refresh_-_Drink_-_Baton_Rouge_Louisiana%2C_Feb_2021.jpg?20210515175846']","De Moulin Rouge in Parijs bij avond, Bestanddeelnr 254-5695.jpg",makeup consisting of a pink or red powder applied to the cheeks,black-forest-labs_FLUX.1-dev,DeepFloyd_IF-I-XL-v1.0,2
6615818,420,appendix,collage_film.n.01,collage_film,['movie.n.01'],"['cinema_verite.n.01', 'collage_film.n.01', 'coming_attraction.n.01', 'documentary.n.01', 'feature.n.03', 'film_noir.n.01', 'final_cut.n.01', 'home_movie.n.01', 'musical.n.01', 'rough_cut.n.01', ""shoot-'em-up.n.01"", 'short_subject.n.01', 'silent_movie.n.01', 'skin_flick.n.01', 'slow_motion.n.01', 'talking_picture.n.01', 'telefilm.n.01', 'three-d.n.01']","['https://upload.wikimedia.org/wikipedia/commons/thumb/4/4b/Ferrania_Film_Museum_-_collage_sale_interne_1.jpg/800px-Ferrania_Film_Museum_-_collage_sale_interne_1.jpg?20211211181711', 'https://upload.wikimedia.org/wikipedia/commons/thumb/4/4e/Black_and_white_film_photography%2C_Collage%2C_1970s%2C_Rostov-on-Don%2C_Russia.jpg/800px-Black_and_white_film_photography%2C_Collage%2C_1970s%2C_Rostov-on-Don%2C_Russia.jpg?20230403152602', 'https://upload.wikimedia.org/wikipedia/commons/thumb/f/f7/1939_Events_Collage_V_1.1.jpg/665px-1939_Events_Collage_V_1.1.jpg?20231207092309', 'https://upload.wikimedia.org/wikipedia/commons/thumb/d/df/1939_Events_Collage_V_1.0.jpg/664px-1939_Events_Collage_V_1.0.jpg?20231126034023', 'https://upload.wikimedia.org/wikipedia/commons/thumb/b/b8/Flower_Drum_Song_%281961%29_Collage_of_Press_Photos.jpg/738px-Flower_Drum_Song_%281961%29_Collage_of_Press_Photos.jpg?20220605044409']",Ferrania Film Museum - collage sale interne 1.jpg,a movie that juxtaposes different kinds of footage,black-forest-labs_FLUX.1-dev,Tencent-Hunyuan_HunyuanDiT-v1.2-Diffusers,2
6616806,422,appendix,documentary.n.01,documentary,['movie.n.01'],"['cinema_verite.n.01', 'collage_film.n.01', 'coming_attraction.n.01', 'documentary.n.01', 'feature.n.03', 'film_noir.n.01', 'final_cut.n.01', 'home_movie.n.01', 'musical.n.01', 'rough_cut.n.01', ""shoot-'em-up.n.01"", 'short_subject.n.01', 'silent_movie.n.01', 'skin_flick.n.01', 'slow_motion.n.01', 'talking_picture.n.01', 'telefilm.n.01', 'three-d.n.01']","['https://upload.wikimedia.org/wikipedia/commons/thumb/7/71/Charlie_Chaplin_Henk_Alsem_Batavia_1931.jpg/800px-Charlie_Chaplin_Henk_Alsem_Batavia_1931.jpg?20170530201957', 'https://upload.wikimedia.org/wikipedia/commons/thumb/8/8e/African_Stories_01.jpg/398px-African_Stories_01.jpg?20171116101847', 'https://upload.wikimedia.org/wikipedia/commons/thumb/3/33/Nanook_of_the_north.jpg/402px-Nanook_of_the_north.jpg?20080506150721', 'https://upload.wikimedia.org/wikipedia/commons/a/ad/BolexH16.jpg?20060325172019', 'https://upload.wikimedia.org/wikipedia/commons/2/2f/Robert_Flaherty_Nyla_1920.jpg?20090903001457']",Charlie Chaplin Henk Alsem Batavia 1931.jpg,a film or TV program presenting the facts about a person or event,PixArt-alpha_PixArt-Sigma-XL-2-512-MS,black-forest-labs_FLUX.1-dev,3
6615026,423,appendix,feature.n.03,feature,['movie.n.01'],"['cinema_verite.n.01', 'collage_film.n.01', 'coming_attraction.n.01', 'documentary.n.01', 'feature.n.03', 'film_noir.n.01', 'final_cut.n.01', 'home_movie.n.01', 'musical.n.01', 'rough_cut.n.01', ""shoot-'em-up.n.01"", 'short_subject.n.01', 'silent_movie.n.01', 'skin_flick.n.01', 'slow_motion.n.01', 'talking_picture.n.01', 'telefilm.n.01', 'three-d.n.01']","['https://upload.wikimedia.org/wikipedia/commons/thumb/8/80/Friends_Arena_and_Quality_Hotel_Friends_October_2013.jpg/800px-Friends_Arena_and_Quality_Hotel_Friends_October_2013.jpg?20131021223357', 'https://upload.wikimedia.org/wikipedia/commons/thumb/8/8c/Quality_images_logo.svg/164px-Quality_images_logo.svg.png?20120911200229', 'https://upload.wikimedia.org/wikipedia/commons/thumb/2/26/Products_of_good_quality_pot.jpg/450px-Products_of_good_quality_pot.jpg?20240623094305', 'https://upload.wikimedia.org/wikipedia/commons/thumb/7/79/150132main_image_feature_589_alaska.jpg/763px-150132main_image_feature_589_alaska.jpg?20060714195556', 'https://upload.wikimedia.org/wikipedia/commons/thumb/2/2b/126910main_image_feature_402_mountolympus.jpg/397px-126910main_image_feature_402_mountolympus.jpg?20060715224800']",Friends Arena and Quality Hotel Friends October 2013.jpg,the principal (full-length) film in a program at a movie theater,DeepFloyd_IF-I-XL-v1.0,black-forest-labs_FLUX.1-dev,4
6616216,429,appendix,shoot-'em-up.n.01,shoot-'em-up,['movie.n.01'],"['cinema_verite.n.01', 'collage_film.n.01', 'coming_attraction.n.01', 'documentary.n.01', 'feature.n.03', 'film_noir.n.01', 'final_cut.n.01', 'home_movie.n.01', 'musical.n.01', 'rough_cut.n.01', ""shoot-'em-up.n.01"", 'short_subject.n.01', 'silent_movie.n.01', 'skin_flick.n.01', 'slow_motion.n.01', 'talking_picture.n.01', 'telefilm.n.01', 'three-d.n.01']","['https://upload.wikimedia.org/wikipedia/commons/thumb/b/bb/Space_Invaders_-_Midway%27s.JPG/450px-Space_Invaders_-_Midway%27s.JPG?20120315005434', 'https://upload.wikimedia.org/wikipedia/commons/thumb/f/f1/Japanese_shmup_arcade.jpg/800px-Japanese_shmup_arcade.jpg?20180330225959', 'https://upload.wikimedia.org/wikipedia/commons/thumb/d/d5/Royal_Tongan_marines_shoot_%27em_up%21_140719-M-AR450-025.jpg/800px-Royal_Tongan_marines_shoot_%27em_up%21_140719-M-AR450-025.jpg?20150611124243', 'https://upload.wikimedia.org/wikipedia/commons/thumb/0/00/Royal_Tongan_marines_shoot_%27em_up%21_140719-M-AR450-039.jpg/800px-Royal_Tongan_marines_shoot_%27em_up%21_140719-M-AR450-039.jpg?20150403173421', 'https://upload.wikimedia.org/wikipedia/commons/thumb/0/04/Wieger_STG%2C_MHM.jpg/800px-Wieger_STG%2C_MHM.jpg?20180815171705']",Space Invaders - Midway's.JPG,a movie featuring shooting and violence,black-forest-labs_FLUX.1-dev,retrieval,1
484362,438,appendix,blindman's_bluff.n.01,blindman's_bluff,"[""child's_game.n.01""]","[""blindman's_bluff.n.01"", ""cat's_cradle.n.01"", 'cat_and_mouse.n.01', 'hide-and-seek.n.01', 'hopscotch.n.01', 'jacks.n.01', 'jackstraws.n.01', 'jump_rope.n.02', 'leapfrog.n.02', 'marbles.n.01', 'mumblety-peg.n.01', 'musical_chairs.n.01', 'peekaboo.n.01', 'pillow_fight.n.01', 'post_office.n.03', 'spin_the_bottle.n.01', 'spin_the_plate.n.01', 'tag.n.04', 'tiddlywinks.n.01']","['https://upload.wikimedia.org/wikipedia/commons/thumb/b/be/La_gallina_ciega_%28Goya%29.jpg/766px-La_gallina_ciega_%28Goya%29.jpg?20081223020315', 'https://upload.wikimedia.org/wikipedia/commons/thumb/c/cb/La_gallina_ciega_%28boceto%29.jpg/614px-La_gallina_ciega_%28boceto%29.jpg?20081223020212', 'https://upload.wikimedia.org/wikipedia/commons/thumb/5/54/La_gallina_ciega_%28cart%C3%B3n_restaurado%29_por_Francisco_de_Goya.jpg/751px-La_gallina_ciega_%28cart%C3%B3n_restaurado%29_por_Francisco_de_Goya.jpg?20190128151343', 'https://upload.wikimedia.org/wikipedia/commons/thumb/9/9e/Colin_Maillard_Bell%C3%AAme.jpg/450px-Colin_Maillard_Bell%C3%AAme.jpg?20210622174202', 'https://upload.wikimedia.org/wikipedia/commons/thumb/8/8e/La_gallina_ciega_%28boceto%29_por_Francisco_de_Goya.jpg/638px-La_gallina_ciega_%28boceto%29_por_Francisco_de_Goya.jpg?20181019122033']",La gallina ciega (Goya).jpg,a children's game in which a blindfolded player tries to catch and identify other players,black-forest-labs_FLUX.1-dev,PixArt-alpha_PixArt-Sigma-XL-2-512-MS,3
485081,442,appendix,hopscotch.n.01,hopscotch,"[""child's_game.n.01""]","[""blindman's_bluff.n.01"", ""cat's_cradle.n.01"", 'cat_and_mouse.n.01', 'hide-and-seek.n.01', 'hopscotch.n.01', 'jacks.n.01', 'jackstraws.n.01', 'jump_rope.n.02', 'leapfrog.n.02', 'marbles.n.01', 'mumblety-peg.n.01', 'musical_chairs.n.01', 'peekaboo.n.01', 'pillow_fight.n.01', 'post_office.n.03', 'spin_the_bottle.n.01', 'spin_the_plate.n.01', 'tag.n.04', 'tiddlywinks.n.01']","['https://upload.wikimedia.org/wikipedia/commons/thumb/b/b2/3_Ghanaian_young_men_play_Tumatu.jpg/784px-3_Ghanaian_young_men_play_Tumatu.jpg?20190224081550', 'https://upload.wikimedia.org/wikipedia/commons/thumb/1/14/Hopscotch_stones.JPG/800px-Hopscotch_stones.JPG?20160213175806', 'https://upload.wikimedia.org/wikipedia/commons/thumb/1/19/Hopscotch_Kilt.jpg/450px-Hopscotch_Kilt.jpg?20121013210932', 'https://upload.wikimedia.org/wikipedia/commons/thumb/d/df/%C8%98otron_%28Hopscotch%29.png/300px-%C8%98otron_%28Hopscotch%29.png?20140805141554', 'https://upload.wikimedia.org/wikipedia/commons/a/ab/Hopscotch_with_rock.jpg?20121013211250']",3 Ghanaian young men play Tumatu.jpg,a game in which a child tosses a stone into an area drawn on the ground and then hops through it and back to regain the stone,black-forest-labs_FLUX.1-dev,playgroundai_playground-v2.5-1024px-aesthetic,1
485262,443,appendix,jacks.n.01,jacks,"[""child's_game.n.01""]","[""blindman's_bluff.n.01"", ""cat's_cradle.n.01"", 'cat_and_mouse.n.01', 'hide-and-seek.n.01', 'hopscotch.n.01', 'jacks.n.01', 'jackstraws.n.01', 'jump_rope.n.02', 'leapfrog.n.02', 'marbles.n.01', 'mumblety-peg.n.01', 'musical_chairs.n.01', 'peekaboo.n.01', 'pillow_fight.n.01', 'post_office.n.03', 'spin_the_bottle.n.01', 'spin_the_plate.n.01', 'tag.n.04', 'tiddlywinks.n.01']","['https://upload.wikimedia.org/wikipedia/commons/thumb/8/80/Jack_Johnson_2014.jpg/400px-Jack_Johnson_2014.jpg?20141113062049', 'https://upload.wikimedia.org/wikipedia/commons/thumb/7/79/JackDelanolocomotiveshop.jpg/437px-JackDelanolocomotiveshop.jpg?20090521161917', 'https://upload.wikimedia.org/wikipedia/commons/0/0c/Maori_Children_playing_Knucklebones%3B_Gottfried_Lindauer_%281907%29.jpg?20201122000103', 'https://upload.wikimedia.org/wikipedia/commons/thumb/7/7f/Jacks%2C_Samuel_-_Unit-_61st_Infantry%2C_Company-_H_-_Enlistment_Rank-_Pvt%2C_Discharge_Rank-_Pvt_-_DPLA_-_c1f141051bb2a1ebd5402f060842c7da.jpg/261px-Jacks%2C_Samuel_-_Unit-_61st_Infantry%2C_Company-_H_-_Enlistment_Rank-_Pvt%2C_Discharge_Rank-_Pvt_-_DPLA_-_c1f141051bb2a1ebd5402f060842c7da.jpg?20201125013136', 'https://upload.wikimedia.org/wikipedia/commons/thumb/8/8b/Jacks%2C_Hiram_M_-_Unit-_87th_Infantry%2C_Company-_A_-_Enlistment_Rank-_Pvt%2C_Discharge_Rank-_Corp_-_DPLA_-_9cc8ba7b41c0e2eeba236175dd3dc320.jpg/255px-Jacks%2C_Hiram_M_-_Unit-_87th_Infantry%2C_Company-_A_-_Enlistment_Rank-_Pvt%2C_Discharge_Rank-_Corp_-_DPLA_-_9cc8ba7b41c0e2eeba236175dd3dc320.jpg?20201123144338']",Jack Johnson 2014.jpg,a game in which jackstones are thrown and picked up in various groups between bounces of a small rubber ball,DeepFloyd_IF-I-XL-v1.0,black-forest-labs_FLUX.1-dev,3
485450,444,appendix,jackstraws.n.01,jackstraws,"[""child's_game.n.01""]","[""blindman's_bluff.n.01"", ""cat's_cradle.n.01"", 'cat_and_mouse.n.01', 'hide-and-seek.n.01', 'hopscotch.n.01', 'jacks.n.01', 'jackstraws.n.01', 'jump_rope.n.02', 'leapfrog.n.02', 'marbles.n.01', 'mumblety-peg.n.01', 'musical_chairs.n.01', 'peekaboo.n.01', 'pillow_fight.n.01', 'post_office.n.03', 'spin_the_bottle.n.01', 'spin_the_plate.n.01', 'tag.n.04', 'tiddlywinks.n.01']","['https://upload.wikimedia.org/wikipedia/commons/thumb/3/38/Dukim1952.jpg/800px-Dukim1952.jpg?20110109135637', 'https://upload.wikimedia.org/wikipedia/commons/thumb/e/e5/Pick_up_sticks_1.JPG/800px-Pick_up_sticks_1.JPG?20151120053810', 'https://upload.wikimedia.org/wikipedia/commons/thumb/1/13/Pick_up_sticks.JPG/337px-Pick_up_sticks.JPG?20151120053814', 'https://upload.wikimedia.org/wikipedia/commons/8/80/Pick-up_sticks.jpg?20110129004520', 'https://upload.wikimedia.org/wikipedia/commons/e/e4/Jeu_de_mikado.jpg?20090210222745']",Dukim1952.jpg,a game in which players try to pick each jackstraw (or spillikin) off of a pile without moving any of the others,playgroundai_playground-v2.5-1024px-aesthetic,black-forest-labs_FLUX.1-dev,1
485632,445,appendix,jump_rope.n.02,jump_rope,"['cardiopulmonary_exercise.n.01', ""child's_game.n.01""]","['aerobics.n.01', 'conditioner.n.01', 'jogging.n.01', 'jump_rope.n.02', 'power_walking.n.01', ""blindman's_bluff.n.01"", ""cat's_cradle.n.01"", 'cat_and_mouse.n.01', 'hide-and-seek.n.01', 'hopscotch.n.01', 'jacks.n.01', 'jackstraws.n.01', 'jump_rope.n.02', 'leapfrog.n.02', 'marbles.n.01', 'mumblety-peg.n.01', 'musical_chairs.n.01', 'peekaboo.n.01', 'pillow_fight.n.01', 'post_office.n.03', 'spin_the_bottle.n.01', 'spin_the_plate.n.01', 'tag.n.04', 'tiddlywinks.n.01']","['https://upload.wikimedia.org/wikipedia/commons/thumb/2/24/Ghanaian_kid_%28skipping_rope%29_06_%28cropped%29.jpg/384px-Ghanaian_kid_%28skipping_rope%29_06_%28cropped%29.jpg?20210205104254', 'https://upload.wikimedia.org/wikipedia/commons/thumb/7/77/Ghanaian_kid_%28skipping_rope%29_02.jpg/400px-Ghanaian_kid_%28skipping_rope%29_02.jpg?20190311131431', 'https://upload.wikimedia.org/wikipedia/commons/thumb/f/fd/Ghanaian_kid_%28skipping_rope%29_03.jpg/400px-Ghanaian_kid_%28skipping_rope%29_03.jpg?20190311131431', 'https://upload.wikimedia.org/wikipedia/commons/thumb/5/5f/Skipping_rope_agesuit_altersanzug_alterssimulationsanzug_ageexplorer_gundolf_meyer-hentschel.jpg/800px-Skipping_rope_agesuit_altersanzug_alterssimulationsanzug_ageexplorer_gundolf_meyer-hentschel.jpg?20191222192724', 'https://upload.wikimedia.org/wikipedia/commons/thumb/3/3e/Jump_Rope_Field.jpg/800px-Jump_Rope_Field.jpg?20210323042912']",Ghanaian kid (skipping rope) 06 (cropped).jpg,a child's game or a cardiopulmonary exercise in which the player jumps over a swinging rope,black-forest-labs_FLUX.1-dev,stabilityai_stable-diffusion-3-medium-diffusers,1
2896442,459,appendix,breeches.n.01,breeches,['trouser.n.01'],"['bellbottom_trousers.n.01', 'breeches.n.01', 'chino.n.01', 'churidars.n.01', 'cords.n.01', 'flannel.n.03', 'jean.n.01', 'jodhpurs.n.01', 'long_trousers.n.01', 'pajama.n.01', 'pantaloon.n.03', 'pedal_pusher.n.01', 'salwar.n.01', 'short_pants.n.01', 'slacks.n.01', 'stretch_pants.n.01', 'sweat_pants.n.01', 'trews.n.01']","['https://upload.wikimedia.org/wikipedia/commons/thumb/8/80/Breeches.jpg/429px-Breeches.jpg?20141215151737', 'https://upload.wikimedia.org/wikipedia/commons/thumb/b/b1/Breeches_%28AM_1973.193-6%29.jpg/800px-Breeches_%28AM_1973.193-6%29.jpg?20180123134820', 'https://upload.wikimedia.org/wikipedia/commons/thumb/4/4a/Breeches_%28AM_740847-5%29.jpg/800px-Breeches_%28AM_740847-5%29.jpg?20180128142443', 'https://upload.wikimedia.org/wikipedia/commons/thumb/2/23/Breeches_%28AM_740682-5%29.jpg/800px-Breeches_%28AM_740682-5%29.jpg?20180106143700', 'https://upload.wikimedia.org/wikipedia/commons/thumb/6/69/Breeches_%28AM_1973.193-2%29.jpg/400px-Breeches_%28AM_1973.193-2%29.jpg?20180123134708']",Breeches.jpg,trousers ending above the knee,kandinsky-community_kandinsky-3,black-forest-labs_FLUX.1-dev,4
3600285,465,appendix,jodhpurs.n.01,jodhpurs,['trouser.n.01'],"['bellbottom_trousers.n.01', 'breeches.n.01', 'chino.n.01', 'churidars.n.01', 'cords.n.01', 'flannel.n.03', 'jean.n.01', 'jodhpurs.n.01', 'long_trousers.n.01', 'pajama.n.01', 'pantaloon.n.03', 'pedal_pusher.n.01', 'salwar.n.01', 'short_pants.n.01', 'slacks.n.01', 'stretch_pants.n.01', 'sweat_pants.n.01', 'trews.n.01']","['https://upload.wikimedia.org/wikipedia/commons/thumb/1/13/Jodhpurs_%28PSF%29.png/700px-Jodhpurs_%28PSF%29.png?20080325223820', 'https://upload.wikimedia.org/wikipedia/commons/thumb/1/1c/Bertrand_Blanchard_Acosta_in_jodhpurs_and_goggles.tif/lossy-page1-414px-Bertrand_Blanchard_Acosta_in_jodhpurs_and_goggles.tif.jpg?20150415172921', 'https://upload.wikimedia.org/wikipedia/commons/thumb/2/2c/Jodhpurs_%28AM_1990.19-6%29.jpg/800px-Jodhpurs_%28AM_1990.19-6%29.jpg?20180123124615', 'https://upload.wikimedia.org/wikipedia/commons/thumb/4/44/Jodhpurs_%28AM_1990.19-5%29.jpg/800px-Jodhpurs_%28AM_1990.19-5%29.jpg?20180123124419', 'https://upload.wikimedia.org/wikipedia/commons/thumb/2/2a/Jodhpurs_%28AM_1997.15.17-1%29.jpg/395px-Jodhpurs_%28AM_1997.15.17-1%29.jpg?20180108033754']",Jodhpurs (PSF).png,flared trousers ending at the calves; worn with riding boots,black-forest-labs_FLUX.1-dev,stabilityai_stable-diffusion-xl-base-1.0,3
4370288,474,appendix,sweat_pants.n.01,sweat_pants,['trouser.n.01'],"['bellbottom_trousers.n.01', 'breeches.n.01', 'chino.n.01', 'churidars.n.01', 'cords.n.01', 'flannel.n.03', 'jean.n.01', 'jodhpurs.n.01', 'long_trousers.n.01', 'pajama.n.01', 'pantaloon.n.03', 'pedal_pusher.n.01', 'salwar.n.01', 'short_pants.n.01', 'slacks.n.01', 'stretch_pants.n.01', 'sweat_pants.n.01', 'trews.n.01']","['https://upload.wikimedia.org/wikipedia/commons/thumb/c/cb/Track_suit_trousers.tif/lossy-page1-428px-Track_suit_trousers.tif.jpg?20160209152132', 'https://upload.wikimedia.org/wikipedia/commons/thumb/8/84/Tracksuit_bottoms.jpg/329px-Tracksuit_bottoms.jpg?20210824075511', 'https://upload.wikimedia.org/wikipedia/commons/thumb/c/c3/Sweatpants.jpg/487px-Sweatpants.jpg?20080630031433', 'https://upload.wikimedia.org/wikipedia/commons/thumb/1/1d/Tracksuit_pants_%28AM_2017.66.26-9%29.jpg/800px-Tracksuit_pants_%28AM_2017.66.26-9%29.jpg?20191030181712', 'https://upload.wikimedia.org/wikipedia/commons/thumb/7/7c/Tracksuit_pants_%28AM_2017.66.26-4%29.jpg/198px-Tracksuit_pants_%28AM_2017.66.26-4%29.jpg?20191030181606']",Track suit trousers.tif,loose-fitting trousers with elastic cuffs; worn by athletes,black-forest-labs_FLUX.1-dev,Tencent-Hunyuan_HunyuanDiT-v1.2-Diffusers,3
4480303,475,appendix,trews.n.01,trews,['trouser.n.01'],"['bellbottom_trousers.n.01', 'breeches.n.01', 'chino.n.01', 'churidars.n.01', 'cords.n.01', 'flannel.n.03', 'jean.n.01', 'jodhpurs.n.01', 'long_trousers.n.01', 'pajama.n.01', 'pantaloon.n.03', 'pedal_pusher.n.01', 'salwar.n.01', 'short_pants.n.01', 'slacks.n.01', 'stretch_pants.n.01', 'sweat_pants.n.01', 'trews.n.01']","['https://upload.wikimedia.org/wikipedia/commons/thumb/a/a5/Sir_John_Sinclair.jpeg/383px-Sir_John_Sinclair.jpeg?20161128170353', 'https://upload.wikimedia.org/wikipedia/commons/0/03/Trews_Weir%2C_exeter_-_geograph.org.uk_-_3361435.jpg?20220404100329', 'https://upload.wikimedia.org/wikipedia/commons/thumb/e/e5/Trews_Weir_on_River_Exe_-_geograph.org.uk_-_5996804.jpg/800px-Trews_Weir_on_River_Exe_-_geograph.org.uk_-_5996804.jpg?20231225132556', 'https://upload.wikimedia.org/wikipedia/commons/thumb/d/d3/River_Exe_at_Trews_Weir_-_geograph.org.uk_-_4398098.jpg/800px-River_Exe_at_Trews_Weir_-_geograph.org.uk_-_4398098.jpg?20230209135032', 'https://upload.wikimedia.org/wikipedia/commons/3/3c/Heron_at_Trews_Weir_-_geograph.org.uk_-_2618903.jpg?20210913144016']",Sir John Sinclair.jpeg,tight-fitting trousers; usually of tartan,black-forest-labs_FLUX.1-dev,Tencent-Hunyuan_HunyuanDiT-v1.2-Diffusers,3
3467517,476,appendix,guitar.n.01,guitar,['stringed_instrument.n.01'],"['banjo.n.01', 'bowed_stringed_instrument.n.01', 'chordophone.n.01', 'clavichord.n.01', 'clavier.n.02', 'dulcimer.n.01', 'guitar.n.01', 'koto.n.01', 'piano.n.01', 'psaltery.n.01', 'samisen.n.01', 'sitar.n.01', 'zither.n.01']","['https://upload.wikimedia.org/wikipedia/commons/thumb/7/71/Vienna_-_Double_guitar_Paris_1690_-_9606.jpg/400px-Vienna_-_Double_guitar_Paris_1690_-_9606.jpg?20130924142910', 'https://upload.wikimedia.org/wikipedia/commons/thumb/c/c3/Guitar_May_2009-1.jpg/417px-Guitar_May_2009-1.jpg?20090521140813', 'https://upload.wikimedia.org/wikipedia/commons/thumb/f/fc/Acoustic_guitar_numbered.svg/435px-Acoustic_guitar_numbered.svg.png?20150113131022', 'https://upload.wikimedia.org/wikipedia/commons/thumb/0/05/Mexican_guitars_and_toys.jpg/753px-Mexican_guitars_and_toys.jpg?20170730063458', 'https://upload.wikimedia.org/wikipedia/commons/thumb/e/e0/Man_playing_an_acoustic_brazilian_guitar_%28Viol%C3%A3o%29_on_Marco_Zero_Square%2C_Refice%2C_Pernambuco%2C_Brazil.jpg/800px-Man_playing_an_acoustic_brazilian_guitar_%28Viol%C3%A3o%29_on_Marco_Zero_Square%2C_Refice%2C_Pernambuco%2C_Brazil.jpg?20200126184354']",Vienna - Double guitar Paris 1690 - 9606.jpg,a stringed instrument usually having six strings; played by strumming or plucking,kandinsky-community_kandinsky-3,black-forest-labs_FLUX.1-dev,2
3035832,479,appendix,cittern.n.01,cittern,['guitar.n.01'],"['acoustic_guitar.n.01', 'bass_guitar.n.01', 'cittern.n.01', 'electric_guitar.n.01', 'hawaiian_guitar.n.01', 'uke.n.01']","['https://upload.wikimedia.org/wikipedia/commons/thumb/7/7e/Cistre%2C_s._XVI%2C_MDMB_331.jpg/336px-Cistre%2C_s._XVI%2C_MDMB_331.jpg?20150219203832', 'https://upload.wikimedia.org/wikipedia/commons/thumb/8/88/Cittern_ca._1685_Joachim_Tielke_back.jpg/450px-Cittern_ca._1685_Joachim_Tielke_back.jpg?20220728101559', 'https://upload.wikimedia.org/wikipedia/commons/thumb/2/2b/Cittern_ca._1685_Joachim_Tielke_01.jpg/449px-Cittern_ca._1685_Joachim_Tielke_01.jpg?20220728101559', 'https://upload.wikimedia.org/wikipedia/commons/thumb/6/6c/Cittern_MET_DP163299.jpg/450px-Cittern_MET_DP163299.jpg?20170409185235', 'https://upload.wikimedia.org/wikipedia/commons/thumb/5/51/Cittern_MET_DP163302.jpg/450px-Cittern_MET_DP163302.jpg?20170409185233']","Cistre, s. XVI, MDMB 331.jpg",a 16th century musical instrument resembling a guitar with a pear-shaped soundbox and wire strings,black-forest-labs_FLUX.1-dev,stabilityai_stable-diffusion-xl-base-1.0,2
14881303,487,predict_hypernym,glass.n.01,glass,['solid.n.01'],"['crystal.n.01', 'dry_ice.n.01', 'food.n.02', 'plastic.n.01', 'powder.n.01', 'precipitate.n.01', 'vitrification.n.01']","['https://upload.wikimedia.org/wikipedia/commons/thumb/c/c2/Colorful_bottle.jpg/800px-Colorful_bottle.jpg?20050705092031', 'https://upload.wikimedia.org/wikipedia/commons/thumb/8/8a/Glass_Beach_Fort_Bragg_2.jpg/800px-Glass_Beach_Fort_Bragg_2.jpg?20080325185421', 'https://upload.wikimedia.org/wikipedia/commons/thumb/4/43/Fassade_Wilhelmstrasse_65%2C_Berlin-Mitte%2C_160417%2C_ako.jpg/800px-Fassade_Wilhelmstrasse_65%2C_Berlin-Mitte%2C_160417%2C_ako.jpg?20160419050516', 'https://upload.wikimedia.org/wikipedia/commons/thumb/f/f9/Life_Saint-Austremoine_Issoire_bottom_n2.jpg/611px-Life_Saint-Austremoine_Issoire_bottom_n2.jpg?20061208095211', 'https://upload.wikimedia.org/wikipedia/commons/thumb/c/cf/Sunlight_on_the_curved_honeycomb_glass_fa%C3%A7ade_of_the_hotel_Andaz_mixed_with_interior_lighting_at_sunset_in_Singapore.jpg/750px-Sunlight_on_the_curved_honeycomb_glass_fa%C3%A7ade_of_the_hotel_Andaz_mixed_with_interior_lighting_at_sunset_in_Singapore.jpg?20181221020957']",Colorful bottle.jpg,a brittle transparent solid with irregular atomic structure,black-forest-labs_FLUX.1-dev,playgroundai_playground-v2.5-1024px-aesthetic,2
14872697,489,predict_hypernym,foam.n.02,foam,['material.n.01'],"['abrasive.n.01', 'adhesive_material.n.01', 'aggregate.n.02', 'ammunition.n.02', 'animal_material.n.01', 'atom.n.02', 'ballast.n.01', 'bedding_material.n.01', 'bimetal.n.01', 'builder.n.01', 'chemical.n.01', 'coloring_material.n.01', 'composite_material.n.01', 'conductor.n.02', 'contaminant.n.01', 'detritus.n.02', 'diamagnet.n.01', 'discharge.n.03', 'dust.n.03', 'earth.n.02', 'elastomer.n.01', 'fiber.n.01', 'filling.n.01', 'floccule.n.01', 'fluff.n.01', 'hazmat.n.01', 'homogenate.n.01', 'humate.n.01', 'impregnation.n.01', 'insulator.n.01', 'mineral.n.01', 'packing_material.n.01', 'paper.n.01', 'particulate.n.01', 'plant_material.n.01', 'precursor.n.01', 'radioactive_material.n.01', 'raw_material.n.01', 'rind.n.01', 'rock.n.02', 'sealing_material.n.01', 'sorbate.n.01', 'sorbent.n.01', 'thickening.n.01', 'toner.n.02', 'transparent_substance.n.01', 'undercut.n.01', 'vernix.n.01', 'wad.n.01', 'waste.n.01']","['https://upload.wikimedia.org/wikipedia/commons/thumb/f/f4/Foam_-_big.jpg/457px-Foam_-_big.jpg?20041117182147', 'https://upload.wikimedia.org/wikipedia/commons/thumb/4/4e/Solid-polymeric-foam.jpg/800px-Solid-polymeric-foam.jpg?20191213124523', 'https://upload.wikimedia.org/wikipedia/commons/thumb/f/f7/R%C3%B8m%C3%B8_beach_foam.jpg/800px-R%C3%B8m%C3%B8_beach_foam.jpg?20230424153131', 'https://upload.wikimedia.org/wikipedia/commons/thumb/9/99/299_%C5%9Ca%C5%ADmo.svg/512px-299_%C5%9Ca%C5%ADmo.svg.png?20230113150629', 'https://upload.wikimedia.org/wikipedia/commons/thumb/e/e7/300_%C5%9Ca%C5%ADmo.svg/512px-300_%C5%9Ca%C5%ADmo.svg.png?20230113150944']",Foam - big.jpg,a lightweight material in cellular form; made by introducing gas bubbles during manufacture,stabilityai_sdxl-turbo,black-forest-labs_FLUX.1-dev,4
582388,493,predict_hypernym,occupation.n.01,occupation,['activity.n.01'],"['acting.n.01', 'aid.n.02', 'attempt.n.01', 'behavior.n.01', 'behavior.n.04', 'burst.n.03', 'buzz.n.02', 'calibration.n.01', 'ceremony.n.02', 'ceremony.n.03', 'concealment.n.03', 'continuance.n.01', 'control.n.05', 'creation.n.01', 'cup_of_tea.n.01', 'demand.n.04', 'dismantling.n.01', 'diversion.n.01', 'domesticity.n.02', 'education.n.01', 'energizing.n.01', 'enjoyment.n.02', 'follow-up.n.02', 'fun.n.03', 'game.n.01', 'grouping.n.02', 'lamentation.n.02', 'last.n.03', 'laughter.n.02', 'leadership.n.01', 'liveliness.n.01', 'market.n.01', 'measurement.n.01', 'music.n.03', 'mystification.n.03', 'negotiation.n.02', 'occupation.n.03', 'operation.n.03', 'operation.n.05', 'operation.n.11', 'organization.n.06', 'perturbation.n.03', 'placement.n.03', 'pleasure.n.04', 'politics.n.05', 'practice.n.01', 'precession.n.02', 'preparation.n.01', 'procedure.n.01', 'protection.n.01', 'provision.n.02', 'puncture.n.03', 'release.n.09', 'representation.n.10', 'role.n.04', 'search.n.01', 'sensory_activity.n.01', 'service.n.11', 'sin.n.06', 'solo.n.01', 'space_walk.n.01', 'support.n.01', 'support.n.08', 'timekeeping.n.01', 'training.n.01', 'turn.n.03', 'use.n.01', 'variation.n.02', 'verbalization.n.02', 'waste.n.02', 'work.n.01', 'works.n.03', 'worship.n.01', 'writing.n.05', 'wrongdoing.n.02']","['https://upload.wikimedia.org/wikipedia/commons/thumb/1/19/Gaza_envelope_after_coordinated_surprise_offensive_on_Israel%2C_October_2023_%28KBG_GPO05%29.jpg/800px-Gaza_envelope_after_coordinated_surprise_offensive_on_Israel%2C_October_2023_%28KBG_GPO05%29.jpg?20231015124904', 'https://upload.wikimedia.org/wikipedia/commons/thumb/1/1c/France_1871_map_with_german_occupation_borders.png/600px-France_1871_map_with_german_occupation_borders.png?20220722225830', 'https://upload.wikimedia.org/wikipedia/commons/4/4a/1919_Temesvar_Occupation_roumaine_30fill%C3%A9r.jpg?20130505150428', 'https://upload.wikimedia.org/wikipedia/commons/thumb/4/49/Coat_of_arms_of_Melitopol_%28Russian_occupation_2022%29.svg/449px-Coat_of_arms_of_Melitopol_%28Russian_occupation_2022%29.svg.png?20220914124645', 'https://upload.wikimedia.org/wikipedia/commons/thumb/7/7e/Pah_Wongso%27s_Japanese_occupation_registration_card.jpg/443px-Pah_Wongso%27s_Japanese_occupation_registration_card.jpg?20141018162933']","Gaza envelope after coordinated surprise offensive on Israel, October 2023 (KBG GPO05).jpg",the principal activity in your life that you do to earn money,black-forest-labs_FLUX.1-dev,PixArt-alpha_PixArt-Sigma-XL-2-512-MS,3
10449664,494,simple_triplet_2parent,policyholder.n.01,policyholder,"['customer.n.01', 'holder.n.02']","['buyer.n.01', 'guest.n.03', 'patron.n.01', 'shopper.n.01', 'spender.n.03', 'subscriber.n.02', 'taker.n.01', 'warrantee.n.02', 'whoremaster.n.01', 'bondholder.n.01', 'cardholder.n.01', 'cardholder.n.02', 'incumbent.n.01', 'jobholder.n.01', 'landowner.n.01', 'leaseholder.n.01', 'mortgagee.n.01', 'officeholder.n.01', 'policyholder.n.01', 'slaveholder.n.01', 'tenant.n.02', 'ticket_holder.n.01']","['https://upload.wikimedia.org/wikipedia/commons/thumb/2/2c/Coast_review_%281910%29_%2814760820941%29.jpg/800px-Coast_review_%281910%29_%2814760820941%29.jpg?20151005143637', 'https://upload.wikimedia.org/wikipedia/commons/thumb/d/d1/Standardizovan%C3%BD_ukazatel_n%C3%A1kladovosti_-_Imgur.png/800px-Standardizovan%C3%BD_ukazatel_n%C3%A1kladovosti_-_Imgur.png?20191030110744', 'https://upload.wikimedia.org/wikipedia/commons/thumb/f/f2/Alfa_insurance_logo.png/798px-Alfa_insurance_logo.png?20190909074540', 'https://upload.wikimedia.org/wikipedia/commons/thumb/8/8f/Sanborn_Fire_Insurance_Map_from_Cleburne%2C_Johnson_County%2C_Texas%2C_1904%2C_Plate_0009.jpg/505px-Sanborn_Fire_Insurance_Map_from_Cleburne%2C_Johnson_County%2C_Texas%2C_1904%2C_Plate_0009.jpg?20231230152952', 'https://upload.wikimedia.org/wikipedia/commons/thumb/8/89/Sanborn_Fire_Insurance_Map_from_Salem%2C_Salem_County%2C_New_Jersey%2C_1923%2C_Plate_0019.jpg/505px-Sanborn_Fire_Insurance_Map_from_Salem%2C_Salem_County%2C_New_Jersey%2C_1923%2C_Plate_0019.jpg?20231231194625']",Coast review (1910) (14760820941).jpg,"a person who holds an insurance policy; usually, the client in whose name an insurance policy is written",black-forest-labs_FLUX.1-dev,playgroundai_playground-v2.5-1024px-aesthetic,1
9616922,498,predict_hypernym,entertainer.n.01,entertainer,['person.n.01'],"['abator.n.01', 'abjurer.n.01', 'abomination.n.01', 'abstainer.n.02', 'achiever.n.01', 'acquaintance.n.03', 'acquirer.n.01', 'active.n.03', 'actor.n.02', 'adjudicator.n.01', 'admirer.n.02', 'adoptee.n.01', 'adult.n.01', 'adventurer.n.01', 'adversary.n.01', 'advisee.n.01', 'advocate.n.01', 'affiant.n.01', 'african.n.01', 'agnostic.n.01', 'amateur.n.01', 'amerindian.n.01', 'ancient.n.02', 'anomaly.n.02', 'anti-american.n.01', 'anti.n.01', 'applicant.n.01', 'appointee.n.02', 'appreciator.n.01', 'apprehender.n.02', 'aquarius.n.01', 'archaist.n.01', 'aries.n.01', 'arrogator.n.01', 'assessee.n.01', 'asthmatic.n.01', 'authority.n.02', 'autodidact.n.01', 'baby_boomer.n.01', 'baby_buster.n.01', 'bad_guy.n.01', 'bad_person.n.01', 'baldhead.n.01', 'balker.n.01', 'bather.n.02', 'beard.n.03', 'bedfellow.n.02', 'bereaved.n.01', 'best.n.02', 'birth.n.05', 'biter.n.01', 'black.n.05', 'blogger.n.01', 'blond.n.01', 'bluecoat.n.01', 'bodybuilder.n.01', 'bomber.n.02', 'brunet.n.01', 'bullfighter.n.01', 'buster.n.04', 'cancer.n.02', 'candidate.n.02', 'capitalist.n.02', 'capricorn.n.01', 'captor.n.01', 'case.n.06', 'cashier.n.02', 'celebrant.n.01', 'censor.n.01', 'chameleon.n.01', 'changer.n.01', 'charmer.n.02', 'child.n.03', 'chutzpanik.n.01', 'closer.n.01', 'clumsy_person.n.01', 'collector.n.01', 'color-blind_person.n.01', 'combatant.n.01', 'commoner.n.01', 'communicator.n.01', 'complexifier.n.01', 'compulsive.n.01', 'computer_user.n.01', 'contemplative.n.01', 'contestant.n.01', 'convert.n.01', 'copycat.n.01', 'counter.n.05', 'counterterrorist.n.01', 'coward.n.01', 'crawler.n.02', 'creator.n.02', 'creature.n.02', 'creditor.n.01', 'cripple.n.01', 'dancer.n.02', 'dead_person.n.01', 'deaf_person.n.01', 'debaser.n.01', 'debtor.n.01', 'defecator.n.01', 'delayer.n.01', 'deliverer.n.04', 'demander.n.01', 'dieter.n.01', 'differentiator.n.01', 'disentangler.n.01', 'disputant.n.01', 'dissenter.n.01', 'divider.n.02', 'domestic_partner.n.01', 'double.n.03', 'dresser.n.02', 'dribbler.n.02', 'drug_user.n.01', 'dyslectic.n.01', 'ectomorph.n.01', 'effecter.n.01', 'elizabethan.n.01', 'emotional_person.n.01', 'endomorph.n.01', 'engineer.n.01', 'enjoyer.n.01', 'enrollee.n.01', 'ethnic.n.01', 'experimenter.n.02', 'expert.n.01', 'explorer.n.01', 'extrovert.n.01', 'face.n.05', 'faddist.n.01', 'faller.n.02', 'fastener.n.01', 'female.n.02', 'fiduciary.n.01', 'first-rater.n.01', 'follower.n.01', 'free_agent.n.02', 'friend.n.01', 'fugitive.n.01', 'gainer.n.01', 'gainer.n.02', 'gambler.n.01', 'gatekeeper.n.01', 'gatherer.n.01', 'gemini.n.01', 'gentile.n.02', 'good_guy.n.01', 'good_person.n.01', 'granter.n.01', 'greeter.n.01', 'grinner.n.01', 'groaner.n.01', 'grunter.n.01', 'guesser.n.01', 'handicapped_person.n.01', 'hater.n.01', 'heterosexual.n.01', 'homosexual.n.01', 'homunculus.n.02', 'hope.n.04', 'hoper.n.01', 'huddler.n.02', 'hugger.n.01', 'immune.n.01', 'individualist.n.01', 'inhabitant.n.01', 'innocent.n.01', 'insured.n.01', 'intellectual.n.01', 'interpreter.n.02', 'introvert.n.01', 'jat.n.01', 'jew.n.01', 'jewel.n.02', 'jumper.n.01', 'junior.n.03', 'juvenile.n.01', 'killer.n.01', 'kink.n.03', 'kneeler.n.01', 'knocker.n.02', 'knower.n.01', 'large_person.n.01', 'latin.n.03', 'laugher.n.01', 'leader.n.01', 'learner.n.01', 'left-hander.n.02', 'leo.n.01', 'libra.n.01', 'life.n.08', 'lightning_rod.n.01', 'linguist.n.02', 'literate.n.01', 'liver.n.03', 'longer.n.01', 'loose_cannon.n.01', 'loved_one.n.01', 'lover.n.01', 'machine.n.02', 'mailer.n.02', 'malcontent.n.01', 'male.n.02', 'man.n.03', 'man_jack.n.01', 'manipulator.n.02', 'married.n.01', 'masturbator.n.01', 'measurer.n.01', 'mesomorph.n.01', 'mestizo.n.01', 'middlebrow.n.01', 'miracle_man.n.01', 'misogamist.n.01', 'mixed-blood.n.01', 'modern.n.01', 'money_handler.n.01', 'monolingual.n.01', 'mother_hen.n.01', 'mouse.n.03', 'mutilator.n.01', 'namer.n.01', 'namesake.n.01', 'national.n.01', 'native.n.01', 'native.n.02', 'neglecter.n.01', 'neighbor.n.01', 'neutral.n.01', 'nondescript.n.01', 'nonmember.n.01', 'nonparticipant.n.01', 'nonpartisan.n.01', 'nonperson.n.01', 'nonreligious_person.n.01', 'nonresident.n.01', 'nonsmoker.n.01', 'nonworker.n.01', 'nude.n.03', 'nurser.n.01', 'occultist.n.01', 'optimist.n.01', 'orphan.n.02', 'ostrich.n.01', 'ouster.n.01', 'outcaste.n.01', 'outdoorsman.n.01', 'owner.n.02', 'pamperer.n.01', 'pansexual.n.01', 'pardoner.n.01', 'partner.n.03', 'party.n.05', 'passer.n.02', 'peer.n.01', 'perceiver.n.01', 'percher.n.01', 'person_of_color.n.01', 'personage.n.01', 'personification.n.01', 'perspirer.n.01', 'philosopher.n.02', 'picker.n.01', 'pisces.n.02', 'pisser.n.01', 'planner.n.01', 'player.n.04', 'posturer.n.01', 'powderer.n.01', 'precursor.n.02', 'preserver.n.03', 'primitive.n.01', 'propositus.n.01', 'public_relations_person.n.01', 'pursuer.n.02', 'pussycat.n.01', 'quarter.n.11', 'quitter.n.01', 'radical.n.03', 'realist.n.02', 'rectifier.n.02', 'redhead.n.01', 'registrant.n.01', 'relative.n.01', 'reliever.n.02', 'religious_person.n.01', 'repeater.n.01', 'rescuer.n.02', 'rester.n.01', 'restrainer.n.02', 'revenant.n.01', 'rich_person.n.01', 'right-hander.n.02', 'riser.n.01', 'romper.n.01', 'roundhead.n.01', 'ruler.n.01', 'rusher.n.03', 'sagittarius.n.01', 'scientist.n.01', 'scorpio.n.01', 'scratcher.n.02', 'second-rater.n.01', 'seeder.n.01', 'seeker.n.01', 'segregate.n.01', 'self.n.02', 'sensualist.n.01', 'sentimentalist.n.01', 'sex_object.n.01', 'sex_symbol.n.01', 'shaker.n.01', 'showman.n.01', 'signer.n.02', 'simpleton.n.01', 'six-footer.n.01', 'skidder.n.01', 'slav.n.01', 'slave.n.01', 'slave.n.03', 'sleepyhead.n.01', 'sloucher.n.01', 'small_person.n.01', 'smasher.n.01', 'smiler.n.01', 'sneezer.n.01', 'sniffer.n.01', 'sniffler.n.01', 'snuffer.n.02', 'snuffler.n.01', 'socializer.n.01', 'sort.n.03', 'sounding_board.n.01', 'sphinx.n.01', 'spitter.n.01', 'sport.n.04', 'sprawler.n.01', 'spurner.n.01', 'squinter.n.01', 'stifler.n.01', 'stigmatic.n.01', 'stooper.n.02', 'stranger.n.02', 'struggler.n.01', 'subject.n.06', 'supernumerary.n.01', 'surrenderer.n.01', 'survivalist.n.01', 'survivor.n.02', 'suspect.n.01', 'tagger.n.01', 'tagger.n.02', 'tapper.n.02', 'taurus.n.02', 'tempter.n.01', 'termer.n.01', 'terror.n.02', 'testator.n.01', 'thin_person.n.01', 'third-rater.n.01', 'thrower.n.02', 'tiger.n.01', 'totemist.n.01', 'toucher.n.01', 'transfer.n.02', 'transsexual.n.02', 'transvestite.n.01', 'traveler.n.01', 'trier.n.02', 'turner.n.07', 'tyrant.n.03', 'undoer.n.02', 'unfortunate.n.01', 'unskilled_person.n.01', 'unwelcome_person.n.01', 'user.n.01', 'vanisher.n.01', 'victim.n.02', 'victorian.n.01', 'virgo.n.01', 'visionary.n.01', 'visually_impaired_person.n.01', 'waiter.n.02', 'waker.n.02', 'walk-in.n.01', 'wanter.n.01', 'ward.n.01', 'warrior.n.01', 'watcher.n.03', 'weakling.n.01', 'weasel.n.01', 'white.n.01', 'wiggler.n.01', 'winker.n.01', 'withholder.n.01', 'witness.n.05', 'worker.n.01', 'worldling.n.01', 'yawner.n.01']","['https://upload.wikimedia.org/wikipedia/commons/thumb/4/4b/Entertainers_on_the_street_-_geograph.org.uk_-_2406231.jpg/710px-Entertainers_on_the_street_-_geograph.org.uk_-_2406231.jpg?20210729031034', 'https://upload.wikimedia.org/wikipedia/commons/thumb/9/97/Vaudeville_entertainers_and_entrepreneurs_The_Griffin_Sisters.jpg/800px-Vaudeville_entertainers_and_entrepreneurs_The_Griffin_Sisters.jpg?20240126175203', 'https://upload.wikimedia.org/wikipedia/commons/thumb/e/e7/Cedric_the_Entertainer_2010.jpg/418px-Cedric_the_Entertainer_2010.jpg?20120207044616', 'https://upload.wikimedia.org/wikipedia/commons/thumb/0/0a/Cedric_the_Entertainer_by_Gage_Skidmore.jpg/515px-Cedric_the_Entertainer_by_Gage_Skidmore.jpg?20230216210512']",Entertainers on the street - geograph.org.uk - 2406231.jpg,a person who tries to please or amuse,retrieval,black-forest-labs_FLUX.1-dev,1
993014,500,predict_hypernym,write.v.02,write,['communicate.v.02'],"['address.v.01', 'aphorize.v.01', 'ask.v.01', 'blog.v.01', 'carry.v.04', 'come_across.v.04', 'commune.v.01', 'fingerspell.v.01', 'gesticulate.v.01', 'get.v.14', 'give.v.05', 'give.v.07', 'give.v.21', 'greet.v.02', 'grimace.v.01', 'inflict.v.01', 'inform.v.01', 'issue.v.03', 'joke.v.01', 'network.v.01', 'nod.v.02', 'project.v.01', 'radio.v.01', 'reach.v.04', 'riddle.v.05', 'semaphore.v.02', 'share.v.05', 'sign.v.05', 'sign.v.07', 'speak.v.03', 'talk.v.01', 'talk.v.02', 'telecommunicate.v.01', 'telepathize.v.01', 'whistle.v.03', 'write.v.05', 'yak.v.01']","['https://upload.wikimedia.org/wikipedia/commons/thumb/7/7b/Fountain_pen_writing_%28literacy%29.jpg/800px-Fountain_pen_writing_%28literacy%29.jpg?20170130182905', 'https://upload.wikimedia.org/wikipedia/commons/d/d2/Balczynska-kamizelka_1akap.jpg?20110513094347', 'https://upload.wikimedia.org/wikipedia/commons/thumb/1/17/Codex_Manesse_Konrad_von_W%C3%BCrzburg.jpg/397px-Codex_Manesse_Konrad_von_W%C3%BCrzburg.jpg?20120324144735', 'https://upload.wikimedia.org/wikipedia/commons/thumb/2/23/Gudea_of_Lagash_Girsu.jpg/400px-Gudea_of_Lagash_Girsu.jpg?20100520193428', 'https://upload.wikimedia.org/wikipedia/commons/thumb/7/73/%E0%B4%A4%E0%B4%BE%E0%B4%B3%E0%B4%BF%E0%B4%AF%E0%B5%8B%E0%B4%B2%E0%B4%AF%E0%B4%BF%E0%B4%B2%E0%B5%86%E0%B4%B4%E0%B5%81%E0%B4%A4%E0%B5%81%E0%B4%A8%E0%B5%8D%E0%B4%A8%E0%B5%81_%281926-33%29.jpg/418px-%E0%B4%A4%E0%B4%BE%E0%B4%B3%E0%B4%BF%E0%B4%AF%E0%B5%8B%E0%B4%B2%E0%B4%AF%E0%B4%BF%E0%B4%B2%E0%B5%86%E0%B4%B4%E0%B5%81%E0%B4%A4%E0%B5%81%E0%B4%A8%E0%B5%8D%E0%B4%A8%E0%B5%81_%281926-33%29.jpg?20120620180649']",Fountain pen writing (literacy).jpg,communicate or express by writing,retrieval,black-forest-labs_FLUX.1-dev,1
6336537,505,simple_triplet_2parent,street_name.n.02,street_name,"['name.n.01', 'slang.n.02']","['agnomen.n.01', 'alias.n.01', 'appellation.n.01', 'assumed_name.n.02', 'company_name.n.01', 'domain_name.n.01', 'eponym.n.01', 'eponym.n.02', 'filename.n.01', 'first_name.n.01', 'matronymic.n.01', 'middle_name.n.01', 'misnomer.n.01', 'nickname.n.02', 'patronymic.n.01', 'pet_name.n.01', 'place_name.n.01', 'pseudonym.n.01', 'signature.n.01', 'street_name.n.03', 'street_name.n.04', 'surname.n.01', 'title.n.02', 'trade_name.n.01', ""writer's_name.n.01"", 'rhyming_slang.n.01', 'street_name.n.02']","['https://upload.wikimedia.org/wikipedia/commons/thumb/1/10/New_Orleans_street_name_tiles_-_Hewes_Corner.jpg/800px-New_Orleans_street_name_tiles_-_Hewes_Corner.jpg?20201215142026', 'https://upload.wikimedia.org/wikipedia/commons/thumb/0/0f/New_Orleans_street_name_tiles_-_Apricot.jpg/800px-New_Orleans_street_name_tiles_-_Apricot.jpg?20201215142024', 'https://upload.wikimedia.org/wikipedia/commons/thumb/8/87/New_Orleans_street_name_tiles_-_Hewes.jpg/800px-New_Orleans_street_name_tiles_-_Hewes.jpg?20201215142024', 'https://upload.wikimedia.org/wikipedia/commons/thumb/5/5f/Street_name_sign_Archers_Avenue.png/800px-Street_name_sign_Archers_Avenue.png?20230125171654', 'https://upload.wikimedia.org/wikipedia/commons/thumb/8/88/New_Orleans_street_name_tiles_-_Broadway.jpg/800px-New_Orleans_street_name_tiles_-_Broadway.jpg?20201215142057']",New Orleans street name tiles - Hewes Corner.jpg,slang for something (especially for an illegal drug),kandinsky-community_kandinsky-3,black-forest-labs_FLUX.1-dev,4
1166351,508,predict_hypernym,eat.v.02,eat,['consume.v.02'],"['cannibalize.v.01', 'drink.v.01', 'drink.v.02', 'drug.v.02', 'eat.v.01', 'feed.v.06', 'hit.v.15', 'partake.v.03', 'sample.v.01', 'satiate.v.01', 'smoke.v.01', 'sup.v.01', 'swallow.v.01', 'take_in.v.14', 'use.v.02']","['https://upload.wikimedia.org/wikipedia/commons/thumb/c/c8/Monkey_eating.jpg/800px-Monkey_eating.jpg?20090816085702', 'https://upload.wikimedia.org/wikipedia/commons/thumb/c/c6/Long-billed_Curlew_eating_sand_crab.jpg/800px-Long-billed_Curlew_eating_sand_crab.jpg?20220203193128', 'https://upload.wikimedia.org/wikipedia/commons/thumb/7/7c/Hawk_eating_prey.jpg/688px-Hawk_eating_prey.jpg?20071118231656', 'https://upload.wikimedia.org/wikipedia/commons/thumb/8/8e/Greater_bamboo_lemur_%28Prolemur_simus%29_male_eating_composite.jpg/800px-Greater_bamboo_lemur_%28Prolemur_simus%29_male_eating_composite.jpg?20190115094617', 'https://upload.wikimedia.org/wikipedia/commons/thumb/2/2c/Roundhouse_wipers.jpg/800px-Roundhouse_wipers.jpg?20111001001905']",Monkey eating.jpg,eat a meal; take a meal,prompthero_openjourney,black-forest-labs_FLUX.1-dev,4
10120816,514,predict_hypernym,garmentmaker.n.01,garmentmaker,['needleworker.n.01'],"['edger.n.01', 'embroiderer.n.01', 'knitter.n.01', 'sewer.n.02']",[],,a person who makes garments,retrieval,black-forest-labs_FLUX.1-dev,2
4522421,518,predict_hypernym,vasoconstrictor.n.01,vasoconstrictor,['agent.n.01'],"['biological_agent.n.01', 'eliminator.n.01', 'impairer.n.01', 'infectious_agent.n.01', 'lethal_agent.n.01', 'motor.n.02', 'mutagen.n.01', 'quickener.n.01', 'relaxer.n.01', 'repressor.n.01', 'retardant.n.01', 'satisfier.n.01', 'shortener.n.01', 'stressor.n.01', 'teratogen.n.01', 'vector.n.03', 'weakener.n.01']","['https://upload.wikimedia.org/wikipedia/commons/thumb/5/57/Mediatori_vasoattivi_endoteliali.jpg/800px-Mediatori_vasoattivi_endoteliali.jpg?20161117145334', 'https://upload.wikimedia.org/wikipedia/commons/6/62/Cardiovascular_system_-_Vasoconstriction_3_--_Smart-Servier.png?20230120123708', 'https://upload.wikimedia.org/wikipedia/commons/0/0c/Cardiovascular_system_-_Vasoconstriction_and_vasodilation_--_Smart-Servier.png?20230120105948', 'https://upload.wikimedia.org/wikipedia/commons/1/1c/Cardiovascular_system_-_Vasoconstriction_2_--_Smart-Servier.png?20230120123706', 'https://upload.wikimedia.org/wikipedia/commons/5/56/Cardiovascular_system_-_Vasoconstriction_1_--_Smart-Servier.png?20230120123703']",Mediatori vasoattivi endoteliali.jpg,any agent that causes a narrowing of an opening of a blood vessel: cold or stress or nicotine or epinephrine or norepinephrine or angiotensin or vasopressin or certain drugs; maintains or increases blood pressure,black-forest-labs_FLUX.1-dev,stabilityai_sdxl-turbo,3
2730265,521,predict_hypernym,applicator.n.01,applicator,['device.n.01'],"['acoustic_device.n.01', 'adapter.n.02', 'afterburner.n.01', 'agglomerator.n.01', 'airfoil.n.01', 'alarm.n.02', 'appliance.n.01', 'aspergill.n.01', 'autopilot.n.02', 'bait.n.02', 'billiard_marker.n.01', 'bird_feeder.n.01', 'blower.n.01', 'bootjack.n.01', 'breathalyzer.n.01', 'breathing_device.n.01', 'bubbler.n.02', 'buffer.n.06', 'catapult.n.02', 'charger.n.02', 'clip-on.n.01', 'comb.n.01', 'comforter.n.04', 'conductor.n.04', 'contraceptive.n.01', 'converter.n.01', 'corer.n.01', 'corrective.n.01', 'crusher.n.01', 'cryptograph.n.03', 'cutoff.n.03', 'dampener.n.01', 'damper.n.02', 'deflector.n.01', 'dental_appliance.n.01', 'depressor.n.03', 'detector.n.01', 'diestock.n.01', 'drive.n.10', 'drop_forge.n.01', 'elastic_device.n.01', 'electrical_device.n.01', 'electronic_device.n.01', 'energizer.n.02', 'exercise_device.n.01', 'explosive_device.n.01', 'fan.n.01', 'filter.n.01', 'fire_extinguisher.n.01', 'flare.n.09', 'fumigator.n.02', 'gas_fixture.n.01', 'groover.n.01', 'guard.n.03', 'heat_exchanger.n.01', 'heater.n.01', 'holding_device.n.01', 'horn.n.08', 'hydrofoil.n.01', 'imprint.n.05', 'indicator.n.03', 'instrument.n.01', 'interlock.n.01', 'interrupter.n.01', 'jig.n.03', 'key.n.01', 'keyboard.n.01', 'kinetoscope.n.01', 'knocker.n.05', 'lift.n.06', 'lifting_device.n.01', 'lighter.n.02', 'machine.n.01', 'magnet.n.01', 'mechanism.n.05', 'memory_device.n.01', 'musical_instrument.n.01', 'nest_egg.n.02', 'noisemaker.n.01', 'optical_device.n.01', 'override.n.01', 'paper_feed.n.01', 'peeler.n.03', 'pick.n.05', 'power_takeoff.n.01', 'prod.n.02', 'prompter.n.02', 'pull.n.04', 'reflector.n.01', 'release.n.08', 'remote_control.n.01', 'reset.n.01', 'restraint.n.06', 'router.n.02', 'runner.n.09', 'scratcher.n.03', 'shoehorn.n.01', 'shoetree.n.01', 'shooting_stick.n.01', 'shredder.n.01', 'signaling_device.n.01', 'snowshoe.n.01', 'sounder.n.01', 'source_of_illumination.n.01', 'stabilizer.n.03', 'stemmer.n.05', 'straightener.n.01', 'strengthener.n.01', 'stylus.n.01', 'suction_cup.n.01', 'support.n.10', 'sweatbox.n.02', 'synchroflash.n.01', 'take-up.n.01', 'teaser.n.07', 'throwing_stick.n.01', 'tilter.n.02', 'tongs.n.01', 'toy.n.03', 'trap.n.01', 'trigger.n.02', 'valve.n.02', 'vaporizer.n.01', 'ventilator.n.01', 'washboard.n.01', 'water_cooler.n.01']","['https://upload.wikimedia.org/wikipedia/commons/thumb/f/f4/Applicator_stick_Ebony_-_Museo_Egizio%2C_Turin_S_8607_p02.jpg/400px-Applicator_stick_Ebony_-_Museo_Egizio%2C_Turin_S_8607_p02.jpg?20240226090712', 'https://upload.wikimedia.org/wikipedia/commons/thumb/6/63/Applicator_stick%2C_wood_-_Museo_Egizio%2C_Turin_S_8599_p01.jpg/218px-Applicator_stick%2C_wood_-_Museo_Egizio%2C_Turin_S_8599_p01.jpg?20240226090702', 'https://upload.wikimedia.org/wikipedia/commons/thumb/3/3b/Applicator_stick_Ebony_-_Museo_Egizio%2C_Turin_S_8609_p01.jpg/232px-Applicator_stick_Ebony_-_Museo_Egizio%2C_Turin_S_8609_p01.jpg?20240226090726', 'https://upload.wikimedia.org/wikipedia/commons/thumb/2/2b/Applicator_stick%2C_wood_-_Museo_Egizio%2C_Turin_S_8597_p01.jpg/280px-Applicator_stick%2C_wood_-_Museo_Egizio%2C_Turin_S_8597_p01.jpg?20240226090652', 'https://upload.wikimedia.org/wikipedia/commons/thumb/4/49/Applicator_stick_Ebony_-_Museo_Egizio%2C_Turin_S_8607_p01.jpg/230px-Applicator_stick_Ebony_-_Museo_Egizio%2C_Turin_S_8607_p01.jpg?20240226090707']","Applicator stick Ebony - Museo Egizio, Turin S 8607 p02.jpg",a device for applying a substance,stabilityai_stable-diffusion-3-medium-diffusers,black-forest-labs_FLUX.1-dev,3
9541919,522,predict_hypernym,evil_spirit.n.01,evil_spirit,['spirit.n.04'],"['apparition.n.01', 'banshee.n.01', 'control.n.10', 'familiar.n.03', 'genie.n.01', 'kachina.n.02', 'numen.n.01', 'peri.n.02', 'presence.n.03', 'python.n.02', 'sylvan.n.01', 'thunderbird.n.01', 'zombi.n.01']","['https://upload.wikimedia.org/wikipedia/commons/thumb/b/b7/Schongauer_Anthony.jpg/452px-Schongauer_Anthony.jpg?20170313170559', 'https://upload.wikimedia.org/wikipedia/commons/thumb/a/a8/PazuzuDemonAssyria1stMil_2.jpg/380px-PazuzuDemonAssyria1stMil_2.jpg?20070609074855', 'https://upload.wikimedia.org/wikipedia/commons/thumb/f/ff/The_Demon_Alleborith.jpg/576px-The_Demon_Alleborith.jpg?20200419190302', 'https://upload.wikimedia.org/wikipedia/commons/thumb/e/ea/The_Demon_Gartiraf.jpg/450px-The_Demon_Gartiraf.jpg?20210517003713', 'https://upload.wikimedia.org/wikipedia/commons/thumb/5/58/Man_with_photoshopped_eyes_to_achieve_movie-like_demon_look.jpg/360px-Man_with_photoshopped_eyes_to_achieve_movie-like_demon_look.jpg?20231030201535']",Schongauer Anthony.jpg,a spirit tending to cause harm,black-forest-labs_FLUX.1-dev,runwayml_stable-diffusion-v1-5,2
3546340,523,predict_hypernym,housing.n.01,housing,['structure.n.01'],"['airdock.n.01', 'altar.n.02', 'arcade.n.02', 'arch.n.04', 'area.n.05', 'balance.n.04', 'balcony.n.01', 'balcony.n.02', 'bascule.n.01', 'boarding.n.02', 'body.n.11', 'bridge.n.01', 'building.n.01', 'building_complex.n.01', 'catchment.n.01', 'coil.n.01', 'colonnade.n.01', 'column.n.06', 'corner.n.11', 'cross.n.01', 'deathtrap.n.01', 'defensive_structure.n.01', 'door.n.04', 'entablature.n.01', 'erection.n.02', 'establishment.n.04', 'false_bottom.n.01', 'floor.n.02', 'fountain.n.01', 'guide.n.06', 'honeycomb.n.01', 'house_of_cards.n.02', 'hull.n.06', 'jungle_gym.n.01', 'lamination.n.01', 'landing.n.02', 'lookout.n.03', 'masonry.n.01', 'memorial.n.03', 'mound.n.04', 'obstruction.n.01', 'partition.n.01', 'platform.n.04', 'porch.n.01', 'post_and_lintel.n.01', 'prefab.n.01', 'projection.n.04', 'public_works.n.01', 'sail.n.03', 'set-back.n.01', 'shelter.n.01', 'shoebox.n.01', 'signboard.n.01', 'stadium.n.01', 'superstructure.n.01', 'supporting_structure.n.01', 'tower.n.01', 'transept.n.01', 'trestlework.n.01', 'vaulting.n.01', 'ways.n.01', 'wellhead.n.02', 'wind_tunnel.n.01']","['https://upload.wikimedia.org/wikipedia/commons/thumb/7/77/Worker_home_from_1911_in_Helsinki.jpg/799px-Worker_home_from_1911_in_Helsinki.jpg?20220808085144', 'https://upload.wikimedia.org/wikipedia/commons/thumb/c/cc/Detached_row_housing_in_Northern_Kentucky.jpg/800px-Detached_row_housing_in_Northern_Kentucky.jpg?20230713023426', 'https://upload.wikimedia.org/wikipedia/commons/thumb/a/a1/Housing%2C_Jerusalem_old_city.jpg/460px-Housing%2C_Jerusalem_old_city.jpg?20170313160126', 'https://upload.wikimedia.org/wikipedia/commons/thumb/b/be/Typical_Housing_in_baganuur.jpg/400px-Typical_Housing_in_baganuur.jpg?20190422125518', 'https://upload.wikimedia.org/wikipedia/commons/thumb/3/3e/Leupp%2C_Arizona_housing%2C_February_2019.jpg/800px-Leupp%2C_Arizona_housing%2C_February_2019.jpg?20190608175444']",Worker home from 1911 in Helsinki.jpg,structures collectively in which people are housed,black-forest-labs_FLUX.1-dev,PixArt-alpha_PixArt-Sigma-XL-2-512-MS,3
3990474,527,predict_hypernym,pot.n.01,pot,"['cooking_utensil.n.01', 'vessel.n.03']","['baster.n.03', 'chafing_dish.n.01', 'cooker.n.01', 'cookie_sheet.n.01', 'enamelware.n.01', 'grid.n.05', 'griddle.n.01', 'pan.n.01', 'poacher.n.02', 'skimmer.n.02', 'steamer.n.02', 'turner.n.08', 'autoclave.n.01', 'barrel.n.02', 'basin.n.01', 'bath.n.01', 'bathtub.n.01', 'bedpan.n.01', 'boiler.n.01', 'bone-ash_cup.n.01', 'bottle.n.01', 'bottle.n.03', 'bowl.n.01', 'bucket.n.01', 'censer.n.01', 'churn.n.01', 'crucible.n.01', 'drinking_vessel.n.01', 'drum.n.04', 'eyecup.n.01', 'flagon.n.01', 'jar.n.01', 'ladle.n.01', 'monstrance.n.02', 'mortar.n.03', 'muller.n.09', 'pitcher.n.02', 'poacher.n.02', 'pot.n.01', 'retort.n.02', 'steeper.n.01', 'tank.n.02', 'tin.n.02', 'tub.n.02', 'urceole.n.01', 'water_jacket.n.01', 'well.n.02']","['https://upload.wikimedia.org/wikipedia/commons/thumb/d/dd/Cannabis_sativa_plant_%284%29.JPG/800px-Cannabis_sativa_plant_%284%29.JPG?20100910114659', 'https://upload.wikimedia.org/wikipedia/commons/thumb/e/eb/Plastic_nursery_plant_pot_2022.jpg/337px-Plastic_nursery_plant_pot_2022.jpg?20220116002108', 'https://upload.wikimedia.org/wikipedia/commons/thumb/5/5a/Cannabis_sativa_%28wild%29.jpg/450px-Cannabis_sativa_%28wild%29.jpg?20240731044400', 'https://upload.wikimedia.org/wikipedia/commons/thumb/5/57/Flower_pot_2.jpg/600px-Flower_pot_2.jpg?20220608170118', 'https://upload.wikimedia.org/wikipedia/commons/thumb/a/a1/Cannabis_sativa_kz05.jpg/800px-Cannabis_sativa_kz05.jpg?20210129192805']",Cannabis sativa plant (4).JPG,metal or earthenware cooking vessel that is usually round and deep; often has a handle and lid,stabilityai_stable-diffusion-3-medium-diffusers,black-forest-labs_FLUX.1-dev,3
2740764,528,predict_hypernym,armor_plate.n.01,armor_plate,['plate.n.14'],"['horseshoe.n.02', 'shell_plating.n.01']","['https://upload.wikimedia.org/wikipedia/commons/thumb/b/b9/Abrams-transparent.png/799px-Abrams-transparent.png?20090714031558', 'https://upload.wikimedia.org/wikipedia/commons/thumb/b/b2/Reconstitution_d%27armures_de_chevaliers_et_de_destriers%2C_XVIe_si%C3%A8cle%2C_Metropolitan_Museum_of_Art%2C_New_York.jpg/800px-Reconstitution_d%27armures_de_chevaliers_et_de_destriers%2C_XVIe_si%C3%A8cle%2C_Metropolitan_Museum_of_Art%2C_New_York.jpg?20051012001501', 'https://upload.wikimedia.org/wikipedia/commons/thumb/3/35/Savoyard_armour_edit.jpg/359px-Savoyard_armour_edit.jpg?20101110203015', 'https://upload.wikimedia.org/wikipedia/commons/thumb/9/90/LakeviewArmorWindowNov05.jpg/800px-LakeviewArmorWindowNov05.jpg?20080704144411', 'https://upload.wikimedia.org/wikipedia/commons/thumb/1/16/History_of_the_manufacture_of_armor_plate_for_the_United_States_navy_%281899%29_%2814779920074%29.jpg/800px-History_of_the_manufacture_of_armor_plate_for_the_United_States_navy_%281899%29_%2814779920074%29.jpg?20160919120311']",Abrams-transparent.png,specially hardened steel plate used to protect fortifications or vehicles from enemy fire,black-forest-labs_FLUX.1-dev,retrieval,1
1028655,534,predict_hypernym,worship.n.01,worship,['activity.n.01'],"['acting.n.01', 'aid.n.02', 'attempt.n.01', 'behavior.n.01', 'behavior.n.04', 'burst.n.03', 'buzz.n.02', 'calibration.n.01', 'ceremony.n.02', 'ceremony.n.03', 'concealment.n.03', 'continuance.n.01', 'control.n.05', 'creation.n.01', 'cup_of_tea.n.01', 'demand.n.04', 'dismantling.n.01', 'diversion.n.01', 'domesticity.n.02', 'education.n.01', 'energizing.n.01', 'enjoyment.n.02', 'follow-up.n.02', 'fun.n.03', 'game.n.01', 'grouping.n.02', 'lamentation.n.02', 'last.n.03', 'laughter.n.02', 'leadership.n.01', 'liveliness.n.01', 'market.n.01', 'measurement.n.01', 'music.n.03', 'mystification.n.03', 'negotiation.n.02', 'occupation.n.01', 'occupation.n.03', 'operation.n.03', 'operation.n.05', 'operation.n.11', 'organization.n.06', 'perturbation.n.03', 'placement.n.03', 'pleasure.n.04', 'politics.n.05', 'practice.n.01', 'precession.n.02', 'preparation.n.01', 'procedure.n.01', 'protection.n.01', 'provision.n.02', 'puncture.n.03', 'release.n.09', 'representation.n.10', 'role.n.04', 'search.n.01', 'sensory_activity.n.01', 'service.n.11', 'sin.n.06', 'solo.n.01', 'space_walk.n.01', 'support.n.01', 'support.n.08', 'timekeeping.n.01', 'training.n.01', 'turn.n.03', 'use.n.01', 'variation.n.02', 'verbalization.n.02', 'waste.n.02', 'work.n.01', 'works.n.03', 'writing.n.05', 'wrongdoing.n.02']","['https://upload.wikimedia.org/wikipedia/commons/thumb/d/d6/2016_Bahai_House_of_Worship_Langenhain_1_ks01.jpg/800px-2016_Bahai_House_of_Worship_Langenhain_1_ks01.jpg?20160909195310', 'https://upload.wikimedia.org/wikipedia/commons/thumb/6/68/Holy_Trinity_Sloane_Street_Church_Nave_2_-_Diliff.jpg/800px-Holy_Trinity_Sloane_Street_Church_Nave_2_-_Diliff.jpg?20140317132858', 'https://upload.wikimedia.org/wikipedia/commons/thumb/1/1b/Theyyam_of_Kerala_3.jpg/800px-Theyyam_of_Kerala_3.jpg?20200203102509', 'https://upload.wikimedia.org/wikipedia/commons/thumb/8/82/Worship_time_at_Trent_Vineyard.jpg/800px-Worship_time_at_Trent_Vineyard.jpg?20230820111846', 'https://upload.wikimedia.org/wikipedia/commons/thumb/9/97/London_September_2021_Eucharist_Procession_and_Worship.jpg/400px-London_September_2021_Eucharist_Procession_and_Worship.jpg?20211015145519']",2016 Bahai House of Worship Langenhain 1 ks01.jpg,the activity of worshipping,Tencent-Hunyuan_HunyuanDiT-v1.2-Diffusers,black-forest-labs_FLUX.1-dev,3
192356,548,leafs_and_no_leafs,obtund.v.01,obtund,['deaden.v.06'],"['dampen.v.07', 'petrify.v.01']","['https://upload.wikimedia.org/wikipedia/commons/1/18/White_shark_caf%C3%A9_map.png?20200722225223', 'https://upload.wikimedia.org/wikipedia/commons/8/85/Semiobtund.png?20120902094227', 'https://upload.wikimedia.org/wikipedia/commons/c/c7/Amarin_logo.jpg?20150130212947', 'https://upload.wikimedia.org/wikipedia/commons/5/58/Big_Bang_Theory_Panel.png?20130618130220', 'https://upload.wikimedia.org/wikipedia/commons/thumb/5/54/Modern_surgery%2C_general_and_operative_%281914%29_%2814595970079%29.jpg/800px-Modern_surgery%2C_general_and_operative_%281914%29_%2814595970079%29.jpg?20150917194049']",White shark café map.png,reduce the edge or violence of,stabilityai_stable-diffusion-xl-base-1.0,black-forest-labs_FLUX.1-dev,4
1209135,551,leafs_and_no_leafs,hit.v.05,hit,['affect.v.01'],"['hydrolize.v.01', 'influence.v.01', 'process.v.01', 'queer.v.02', 'redound.v.03', 'repercuss.v.01', 'slam-dunk.v.01', 'stimulate.v.01', 'strike_a_blow.v.01', 'subject.v.01', 'tell_on.v.02', 'tinge.v.01', 'trouble.v.02']","['https://upload.wikimedia.org/wikipedia/commons/f/fc/Harbin_Institute_of_Technology_-_Main_Bldg.jpg?20090408045923', 'https://upload.wikimedia.org/wikipedia/commons/thumb/4/4c/Harbin_Institute_of_Technology_building.jpg/450px-Harbin_Institute_of_Technology_building.jpg?20140506104643', 'https://upload.wikimedia.org/wikipedia/commons/thumb/6/6e/HARBIN_INSTITUTE_OF_TECHNOLOGY_-_panoramio.jpg/450px-HARBIN_INSTITUTE_OF_TECHNOLOGY_-_panoramio.jpg?20160329030921', 'https://upload.wikimedia.org/wikipedia/commons/thumb/8/80/Museum_of_Harbin_Institute_of_Technology.jpg/800px-Museum_of_Harbin_Institute_of_Technology.jpg?20130201162346', 'https://upload.wikimedia.org/wikipedia/commons/thumb/b/bc/HIT1920.png/800px-HIT1920.png?20230816030309']",Harbin Institute of Technology - Main Bldg.jpg,"affect or afflict suddenly, usually adversely",black-forest-labs_FLUX.1-dev,retrieval,4
3819595,559,predict_hypernym,net.n.06,net,['fabric.n.01'],"['aba.n.02', 'acrylic.n.04', 'aertex.n.01', 'alpaca.n.02', 'baize.n.01', 'basket_weave.n.01', 'batik.n.01', 'batiste.n.01', 'belting.n.01', 'bombazine.n.01', 'boucle.n.01', 'broadcloth.n.01', 'broadcloth.n.02', 'brocade.n.01', 'buckram.n.01', 'bunting.n.01', 'calico.n.01', 'cambric.n.01', ""camel's_hair.n.01"", 'camlet.n.02', 'camouflage.n.02', 'canopy.n.02', 'canvas.n.01', 'cashmere.n.01', 'cerecloth.n.01', 'challis.n.01', 'chambray.n.01', 'chenille.n.02', 'chiffon.n.01', 'chino.n.02', 'chintz.n.01', 'coating.n.03', 'cobweb.n.01', 'cord.n.04', 'cotton.n.02', 'cotton_flannel.n.01', 'crepe.n.03', 'cretonne.n.01', 'crinoline.n.03', 'damask.n.02', 'denim.n.02', 'diamante.n.02', 'diaper.n.02', 'dimity.n.01', 'doeskin.n.02', 'drapery.n.02', 'duck.n.04', 'duffel.n.02', 'elastic.n.02', 'etamine.n.01', 'faille.n.01', 'felt.n.01', 'fiber.n.05', 'flannel.n.01', 'flannelette.n.01', 'fleece.n.03', 'foulard.n.01', 'frieze.n.02', 'fustian.n.02', 'gabardine.n.01', 'georgette.n.01', 'gingham.n.01', 'grogram.n.01', 'grosgrain.n.01', 'haircloth.n.01', 'herringbone.n.01', 'homespun.n.01', 'hopsacking.n.01', 'horsehair.n.02', 'jaconet.n.01', 'jacquard.n.02', 'khadi.n.01', 'khaki.n.01', 'knit.n.01', 'lace.n.02', 'lame.n.02', 'leatherette.n.01', 'linen.n.01', 'linsey-woolsey.n.01', 'lint.n.02', 'lisle.n.01', 'mackinaw.n.04', 'mackintosh.n.01', 'madras.n.03', 'marseille.n.02', 'metallic.n.01', 'mohair.n.01', 'moire.n.01', 'moleskin.n.01', ""monk's_cloth.n.01"", 'moquette.n.01', 'moreen.n.01', 'motley.n.03', 'mousseline_de_sole.n.01', 'muslin.n.01', 'nankeen.n.01', 'ninon.n.01', 'nylon.n.02', 'oilcloth.n.01', 'olive_drab.n.03', 'organza.n.01', 'paisley.n.01', 'panting.n.02', 'pepper-and-salt.n.01', 'percale.n.01', 'permanent_press.n.01', 'piece_of_cloth.n.01', 'pilot_cloth.n.01', 'pina_cloth.n.01', 'pinstripe.n.02', 'pique.n.01', 'plush.n.01', 'polyester.n.03', 'pongee.n.01', 'poplin.n.01', 'print.n.06', 'quilting.n.02', 'rayon.n.01', 'rep.n.02', 'sackcloth.n.02', 'sacking.n.01', 'sailcloth.n.01', 'samite.n.01', 'sateen.n.01', 'satin.n.01', 'satinet.n.01', 'screening.n.02', 'scrim.n.01', 'seersucker.n.01', 'serge.n.01', 'shag.n.03', 'shantung.n.01', 'sharkskin.n.01', 'sheeting.n.01', 'shirting.n.01', 'shirttail.n.02', 'silesia.n.02', 'silk.n.01', 'spandex.n.01', 'sponge_cloth.n.01', 'stammel.n.01', 'suede_cloth.n.01', 'suiting.n.01', ""swan's_down.n.01"", 'taffeta.n.01', 'tammy.n.01', 'tapa.n.02', 'tapestry.n.02', 'tartan.n.01', 'terry.n.02', 'ticking.n.02', 'toweling.n.01', 'tweed.n.01', 'twill.n.02', 'upholstery_material.n.01', 'velcro.n.01', 'velour.n.01', 'velvet.n.01', 'velveteen.n.01', 'vicuna.n.02', 'viyella.n.01', 'voile.n.01', 'wash-and-wear.n.01', 'waterproof.n.01', 'web.n.06', 'webbing.n.03', 'whipcord.n.02', 'wincey.n.01', 'wire_cloth.n.01', 'wool.n.01', 'worsted.n.01', 'yoke.n.01']","['https://upload.wikimedia.org/wikipedia/commons/thumb/e/e7/Fishing_net_Karystos_Euboea_Greece.jpg/800px-Fishing_net_Karystos_Euboea_Greece.jpg?20161210162641', 'https://upload.wikimedia.org/wikipedia/commons/thumb/9/99/InternetPenetrationWorldMap.svg/800px-InternetPenetrationWorldMap.svg.png?20230617160448', 'https://upload.wikimedia.org/wikipedia/commons/thumb/d/d4/Nombre_d%27abonnements_%C3%A0_Internet_par_acc%C3%A8s_fixe_rapport%C3%A9_%C3%A0_la_population%2C_exprim%C3%A9_en_pourcentage%2C_par_pays%2C_en_2021..jpg/800px-Nombre_d%27abonnements_%C3%A0_Internet_par_acc%C3%A8s_fixe_rapport%C3%A9_%C3%A0_la_population%2C_exprim%C3%A9_en_pourcentage%2C_par_pays%2C_en_2021..jpg?20210823213612', 'https://upload.wikimedia.org/wikipedia/commons/thumb/7/70/Applications-internet.svg/48px-Applications-internet.svg.png?20220813142425', 'https://upload.wikimedia.org/wikipedia/commons/thumb/4/46/Orange_texture_made_of_a_fishing_net_on_a_wooden_board_at_golden_hour.jpg/800px-Orange_texture_made_of_a_fishing_net_on_a_wooden_board_at_golden_hour.jpg?20211210043658']",Fishing net Karystos Euboea Greece.jpg,an open fabric of string or rope or wire woven together at regular intervals,black-forest-labs_FLUX.1-dev,prompthero_openjourney,3
1944390,574,predict_hypernym,snail.n.01,snail,['gastropod.n.01'],"['abalone.n.01', 'bubble_shell.n.01', 'conch.n.01', 'cowrie.n.01', 'physa.n.01', 'river_limpet.n.01', 'sea_hare.n.01', 'sea_slug.n.01', 'seasnail.n.02', 'slug.n.07', 'solenogaster.n.01']","['https://upload.wikimedia.org/wikipedia/commons/thumb/6/6d/Common_snail.jpg/800px-Common_snail.jpg?20060309195129', 'https://upload.wikimedia.org/wikipedia/commons/thumb/d/db/Scheme_snail_anatomy-numbers.svg/700px-Scheme_snail_anatomy-numbers.svg.png?20211106191024', 'https://upload.wikimedia.org/wikipedia/commons/thumb/c/cc/Snail.jpg/800px-Snail.jpg?20100927202223', 'https://upload.wikimedia.org/wikipedia/commons/thumb/f/f9/Golden_apple_snail_eggs.jpg/400px-Golden_apple_snail_eggs.jpg?20190916102649', 'https://upload.wikimedia.org/wikipedia/commons/thumb/6/68/Snail_macro.jpg/750px-Snail_macro.jpg?20240106232239']",Common snail.jpg,freshwater or marine or terrestrial gastropod mollusk usually having an external enclosing spiral shell,black-forest-labs_FLUX.1-dev,prompthero_openjourney,1
2718811,588,predict_hypernym,antidepressant.n.01,antidepressant,['medicine.n.02'],"['acyclovir.n.01', 'alendronate.n.01', 'allopurinol.n.01', 'amrinone.n.01', 'analgesic.n.01', 'angiogenesis_inhibitor.n.01', 'anti-inflammatory.n.01', 'antiarrhythmic.n.01', 'antibacterial.n.01', 'anticholinergic.n.01', 'anticholinesterase.n.01', 'anticoagulant.n.01', 'anticonvulsant.n.01', 'antidiabetic.n.01', 'antidiarrheal.n.01', 'antidiuretic.n.01', 'antiemetic.n.01', 'antihistamine.n.01', 'antihypertensive.n.01', 'antiprotozoal.n.01', 'antipyretic.n.01', 'antiseptic.n.01', 'antispasmodic.n.01', 'antitussive.n.01', 'antiviral.n.01', 'apc.n.02', 'astringent.n.01', 'atomic_cocktail.n.01', 'azathioprine.n.01', 'blocker.n.02', 'bronchodilator.n.01', 'calcium_blocker.n.01', 'carminative.n.01', 'clofibrate.n.01', 'clopidogrel_bisulfate.n.01', 'cold_medicine.n.01', 'counterirritant.n.01', 'cytotoxic_drug.n.01', 'decongestant.n.01', 'demulcent.n.01', 'diaphoretic.n.01', 'disulfiram.n.01', 'dose.n.01', 'drixoral.n.01', 'drug_cocktail.n.01', 'expectorant.n.01', 'fixed-combination_drug.n.01', 'gemfibrozil.n.01', 'hematinic.n.01', 'herbal_medicine.n.01', 'histamine_blocker.n.01', 'immunosuppressant.n.01', 'inhalant.n.02', 'isoproterenol.n.01', 'isosorbide.n.01', 'lipid-lowering_medicine.n.01', 'methacholine.n.01', 'nux_vomica.n.01', 'over-the-counter_drug.n.01', 'oxytocic.n.01', 'paregoric.n.01', 'patent_medicine.n.01', 'penicillamine.n.01', 'pentylenetetrazol.n.01', 'pharmaceutical.n.01', 'placebo.n.01', 'powder.n.03', 'prescription_drug.n.01', 'probenecid.n.01', 'purgative.n.01', 'remedy.n.02', 'rubefacient.n.01', 'sedative.n.01', 'soothing_syrup.n.01', 'specific.n.02', 'sucralfate.n.01', 'sudorific.n.01', 'suppository.n.01', 'tincture.n.04', 'tonic.n.04', 'tyrosine_kinase_inhibitor.n.01', 'vermicide.n.01', 'vermifuge.n.01']","['https://upload.wikimedia.org/wikipedia/commons/thumb/7/7d/Venlafaxine_structure.svg/357px-Venlafaxine_structure.svg.png?20121231113845', 'https://upload.wikimedia.org/wikipedia/commons/thumb/2/2d/Prozac.jpg/768px-Prozac.jpg?20090929030334', 'https://upload.wikimedia.org/wikipedia/commons/thumb/f/f6/Escitalopram_Actavis_5mg.jpg/800px-Escitalopram_Actavis_5mg.jpg?20230708101017', 'https://upload.wikimedia.org/wikipedia/commons/thumb/d/dd/Venlafaxine_150mg.jpg/800px-Venlafaxine_150mg.jpg?20231218134712', 'https://upload.wikimedia.org/wikipedia/commons/thumb/7/7c/Antidepressant_types_of_effects_uk.png/800px-Antidepressant_types_of_effects_uk.png?20211106204548']",Venlafaxine structure.svg,any of a class of drugs used to treat depression; often have undesirable side effects,black-forest-labs_FLUX.1-dev,DeepFloyd_IF-I-XL-v1.0,1
11565040,589,predict_hypernym,caryophylloid_dicot_family.n.01,caryophylloid_dicot_family,['dicot_family.n.01'],"['aceraceae.n.01', 'amygdalaceae.n.01', 'anacardiaceae.n.01', 'apocynaceae.n.01', 'aquifoliaceae.n.01', 'aristolochiaceae.n.01', 'asclepiadaceae.n.01', 'asterid_dicot_family.n.01', 'buxaceae.n.01', 'cannabidaceae.n.01', 'casuarinaceae.n.01', 'cecropiaceae.n.01', 'celastraceae.n.01', 'chloranthaceae.n.01', 'combretaceae.n.01', 'convolvulaceae.n.01', 'cucurbitaceae.n.01', 'dilleniid_dicot_family.n.01', 'droseraceae.n.01', 'ebenaceae.n.01', 'elaeagnaceae.n.01', 'empetraceae.n.01', 'gentianaceae.n.01', 'goodeniaceae.n.01', 'haloragidaceae.n.01', 'hamamelid_dicot_family.n.01', 'hippocastanaceae.n.01', 'hydnoraceae.n.01', 'juglandaceae.n.01', 'lecythidaceae.n.01', 'leitneriaceae.n.01', 'linaceae.n.01', 'lobeliaceae.n.01', 'loganiaceae.n.01', 'lythraceae.n.01', 'magnoliid_dicot_family.n.01', 'menyanthaceae.n.01', 'moraceae.n.01', 'myricaceae.n.01', 'myrsinaceae.n.01', 'myrtaceae.n.01', 'nepenthaceae.n.01', 'nyssaceae.n.01', 'oleaceae.n.01', 'orobanchaceae.n.01', 'piperaceae.n.01', 'plantaginaceae.n.01', 'plumbaginaceae.n.01', 'polygonaceae.n.01', 'primulaceae.n.01', 'proteaceae.n.01', 'punicaceae.n.01', 'rafflesiaceae.n.01', 'rhamnaceae.n.01', 'rhizophoraceae.n.01', 'roridulaceae.n.01', 'rosid_dicot_family.n.01', 'salvadoraceae.n.01', 'sapindaceae.n.01', 'sapotaceae.n.01', 'sarraceniaceae.n.01', 'saururaceae.n.01', 'staphylaceae.n.01', 'styracaceae.n.01', 'symplocaceae.n.01', 'theophrastaceae.n.01', 'thymelaeaceae.n.01', 'trapaceae.n.01', 'ulmaceae.n.01', 'urticaceae.n.01', 'vitaceae.n.01']",[],,family of relatively early dicotyledonous plants including mostly flowers,retrieval,black-forest-labs_FLUX.1-dev,2
42308760,594,predict_hypernym,servant.n.01,servant,['worker.n.01'],"['assistant.n.01', 'beater.n.01', 'bill_poster.n.01', 'bleacher.n.01', 'boatman.n.01', 'carter.n.03', 'caster.n.01', 'charcoal_burner.n.01', 'collector.n.02', 'comber.n.01', 'cornhusker.n.01', 'driver.n.02', 'employable.n.01', 'employee.n.01', 'finisher.n.04', 'freelancer.n.01', 'gutter.n.03', 'hanger.n.01', 'lamplighter.n.01', 'melter.n.01', 'moonlighter.n.01', 'mopper.n.01', 'muzzler.n.01', 'nailer.n.01', 'oiler.n.01', 'part-timer.n.01', 'peeler.n.02', 'planter.n.02', 'plier.n.01', 'processor.n.02', 'pruner.n.01', 'puller.n.02', 'quarryman.n.01', 'ragsorter.n.01', 'scab.n.01', 'scrubber.n.01', 'seasonal_worker.n.01', 'sheller.n.01', 'shelver.n.01', 'shingler.n.01', 'shoveler.n.01', 'skidder.n.02', 'skilled_worker.n.01', 'slave.n.02', 'solderer.n.01', 'splicer.n.02', 'splitter.n.01', 'stainer.n.01', 'stemmer.n.02', 'stringer.n.02', 'stripper.n.02', 'tacker.n.01', 'tapper.n.03', 'teaser.n.01', 'temp.n.01', 'throwster.n.01', 'tier.n.03', 'tiler.n.01', 'toiler.n.01', 'topper.n.01', 'topper.n.02', 'trade_unionist.n.01', 'twiner.n.01', 'volunteer.n.02', 'wallah.n.01', 'washer.n.01', 'winder.n.01', 'wiper.n.01', 'working_girl.n.01', 'workmate.n.01']","['https://upload.wikimedia.org/wikipedia/commons/e/ee/Amesservants.jpg?20120204041109', 'https://upload.wikimedia.org/wikipedia/commons/thumb/3/3d/Lucy_Nyangasi%2C_domestic_worker%2C_Kenya.jpg/800px-Lucy_Nyangasi%2C_domestic_worker%2C_Kenya.jpg?20220915222823', 'https://upload.wikimedia.org/wikipedia/commons/thumb/d/d3/A_researcher_interviews_a_domestic_worker_at_her_workplace_in_Bandung%2C_Indonesia._May_5%2C_2017.jpg/800px-A_researcher_interviews_a_domestic_worker_at_her_workplace_in_Bandung%2C_Indonesia._May_5%2C_2017.jpg?20170725171817', 'https://upload.wikimedia.org/wikipedia/commons/thumb/9/9b/Troppo_Lavoro_Gratis_%28Enough_Free_Work%29.jpg/425px-Troppo_Lavoro_Gratis_%28Enough_Free_Work%29.jpg?20220227220801', 'https://upload.wikimedia.org/wikipedia/commons/thumb/b/b9/1_Maggio_1975_Giornata_internazionale_di_lotta_delle_donne_per_il_salario_al_lavoro_domestico.jpg/417px-1_Maggio_1975_Giornata_internazionale_di_lotta_delle_donne_per_il_salario_al_lavoro_domestico.jpg?20220228150555']",Amesservants.jpg,a person working in the service of another (especially in the household),black-forest-labs_FLUX.1-dev,playgroundai_playground-v2.5-1024px-aesthetic,2
3748162,595,predict_hypernym,mercantile_establishment.n.01,mercantile_establishment,['place_of_business.n.01'],"['gambling_house.n.01', 'health_spa.n.01', 'hotel-casino.n.01', 'massage_parlor.n.02', 'office.n.01', 'spot.n.07']","['https://upload.wikimedia.org/wikipedia/commons/thumb/3/3e/Shoes_in_a_spanish_shoe_store.jpg/800px-Shoes_in_a_spanish_shoe_store.jpg?20181019034938', 'https://upload.wikimedia.org/wikipedia/commons/thumb/3/3f/HarbourGraceNL_WestEndMercantileEstablishment.jpg/800px-HarbourGraceNL_WestEndMercantileEstablishment.jpg?20130910125427', 'https://upload.wikimedia.org/wikipedia/commons/thumb/1/14/Russia%2C_Elektrostal._Michurinsky_proezd._Shop_%C2%ABPyaterochka%C2%BB.jpg/800px-Russia%2C_Elektrostal._Michurinsky_proezd._Shop_%C2%ABPyaterochka%C2%BB.jpg?20211003205013', 'https://upload.wikimedia.org/wikipedia/commons/thumb/0/0a/Legal_hashish_shop_in_Kathmandu%2C_Nepal_in_1973.jpg/405px-Legal_hashish_shop_in_Kathmandu%2C_Nepal_in_1973.jpg?20051002144540', 'https://upload.wikimedia.org/wikipedia/commons/thumb/8/88/Village_Liberty_Outlet_12.19_%2841%29.png/800px-Village_Liberty_Outlet_12.19_%2841%29.png?20211220005055']",Shoes in a spanish shoe store.jpg,a place of business for retailing goods,black-forest-labs_FLUX.1-dev,stabilityai_stable-diffusion-xl-base-1.0,3
825443,606,predict_hypernym,martial_art.n.01,martial_art,['self-defense.n.01'],[],"['https://upload.wikimedia.org/wikipedia/commons/thumb/2/2b/Silek_Lanyah_2020_-_Two_men_performing_martial_art_in_a_stream.jpg/800px-Silek_Lanyah_2020_-_Two_men_performing_martial_art_in_a_stream.jpg?20200228104123', 'https://upload.wikimedia.org/wikipedia/commons/thumb/b/b6/Martial_arts_-_Fragrant_Hills.JPG/800px-Martial_arts_-_Fragrant_Hills.JPG?20051126010548', 'https://upload.wikimedia.org/wikipedia/commons/thumb/5/5a/Egyptmotionseries.jpg/777px-Egyptmotionseries.jpg?20170716063837', 'https://upload.wikimedia.org/wikipedia/commons/thumb/5/5a/Marine_martial_arts.jpg/800px-Marine_martial_arts.jpg?20210725223844', 'https://upload.wikimedia.org/wikipedia/commons/thumb/2/20/Musashi_ts_pic.jpg/413px-Musashi_ts_pic.jpg?20100306181908']",Silek Lanyah 2020 - Two men performing martial art in a stream.jpg,any of several Oriental arts of weaponless self-defense; usually practiced as a sport,black-forest-labs_FLUX.1-dev,prompthero_openjourney,1
80848986,613,predict_hypernym,policeman.n.01,policeman,['lawman.n.01'],"['attorney_general.n.01', 'border_patrolman.n.01', 'constable.n.01', 'deputy.n.01', 'flatfoot.n.01', 'lieutenant.n.02', 'marshal.n.01', 'military_policeman.n.01', 'narc.n.01', 'police_sergeant.n.01', 'prison_guard.n.01', 'sheriff.n.01', 'solicitor_general.n.01', 'texas_ranger.n.01', 'warden.n.01', 'warder.n.01']","['https://upload.wikimedia.org/wikipedia/commons/thumb/c/ce/HH_Polizeihauptmeister_MZ.jpg/400px-HH_Polizeihauptmeister_MZ.jpg?20070515131534', 'https://upload.wikimedia.org/wikipedia/commons/thumb/7/76/Chicago_police_officer_on_segway.jpg/398px-Chicago_police_officer_on_segway.jpg?20050829015018', 'https://upload.wikimedia.org/wikipedia/commons/thumb/e/ee/Very_friendly_MPS_officers_in_London.jpg/426px-Very_friendly_MPS_officers_in_London.jpg?20090324234544', 'https://upload.wikimedia.org/wikipedia/commons/e/ee/Queensland_Police_Officer_George_Doyle.jpg?20220223235924', 'https://upload.wikimedia.org/wikipedia/commons/thumb/5/5d/Faschina-cardboard_police_officer-COVID-19_mask-01ASD.jpg/800px-Faschina-cardboard_police_officer-COVID-19_mask-01ASD.jpg?20200518192544']",HH Polizeihauptmeister MZ.jpg,a member of a police force,kandinsky-community_kandinsky-3,black-forest-labs_FLUX.1-dev,3
3545150,623,predict_hypernym,house.n.12,house,['building.n.01'],"['abattoir.n.01', 'apartment_building.n.01', 'architecture.n.01', 'aviary.n.01', 'bathhouse.n.01', 'bowling_alley.n.01', 'center.n.03', 'chapterhouse.n.01', 'clubhouse.n.01', 'dormitory.n.01', 'farm_building.n.01', 'feedlot.n.01', 'firetrap.n.01', 'gambling_house.n.01', 'gazebo.n.01', 'government_building.n.01', 'greenhouse.n.01', 'hall.n.12', 'hall.n.13', 'hall_of_fame.n.01', 'hotel-casino.n.02', 'hotel.n.01', 'house.n.01', 'library.n.05', 'medical_building.n.01', 'ministry.n.02', 'morgue.n.01', 'observatory.n.01', 'office_building.n.01', 'opium_den.n.01', 'outbuilding.n.01', 'packinghouse.n.01', 'place_of_worship.n.01', 'planetarium.n.01', 'presbytery.n.01', 'rest_house.n.01', 'restaurant.n.01', 'rink.n.01', 'roman_building.n.01', 'rotunda.n.01', 'ruin.n.02', 'school.n.02', 'shooting_gallery.n.01', 'signal_box.n.01', 'skyscraper.n.01', 'student_union.n.01', 'tavern.n.01', 'telecom_hotel.n.01', 'temple.n.03', 'theater.n.01', 'whorehouse.n.01']","['https://upload.wikimedia.org/wikipedia/commons/thumb/6/61/Ljungris_July_2013.jpg/800px-Ljungris_July_2013.jpg?20130804092557', 'https://upload.wikimedia.org/wikipedia/commons/thumb/8/80/MaisonCausapscal.JPG/800px-MaisonCausapscal.JPG?20070202170254', 'https://upload.wikimedia.org/wikipedia/commons/thumb/c/c9/Ranch_style_home_in_Salinas%2C_California.JPG/800px-Ranch_style_home_in_Salinas%2C_California.JPG?20071114193209', 'https://upload.wikimedia.org/wikipedia/commons/thumb/c/c8/Mentawai_Uma.jpg/800px-Mentawai_Uma.jpg?20070510124734', 'https://upload.wikimedia.org/wikipedia/commons/thumb/a/a1/Adam_Thoroughgood_House_-_South_LR.jpg/800px-Adam_Thoroughgood_House_-_South_LR.jpg?20170914141015']",Ljungris July 2013.jpg,a building in which something is sheltered or located,stabilityai_sdxl-turbo,black-forest-labs_FLUX.1-dev,3
40995095,631,predict_hypernym,glass.n.01,glass,['solid.n.01'],"['crystal.n.01', 'dry_ice.n.01', 'food.n.02', 'plastic.n.01', 'powder.n.01', 'precipitate.n.01', 'vitrification.n.01']","['https://upload.wikimedia.org/wikipedia/commons/thumb/c/c2/Colorful_bottle.jpg/800px-Colorful_bottle.jpg?20050705092031', 'https://upload.wikimedia.org/wikipedia/commons/thumb/8/8a/Glass_Beach_Fort_Bragg_2.jpg/800px-Glass_Beach_Fort_Bragg_2.jpg?20080325185421', 'https://upload.wikimedia.org/wikipedia/commons/thumb/4/43/Fassade_Wilhelmstrasse_65%2C_Berlin-Mitte%2C_160417%2C_ako.jpg/800px-Fassade_Wilhelmstrasse_65%2C_Berlin-Mitte%2C_160417%2C_ako.jpg?20160419050516', 'https://upload.wikimedia.org/wikipedia/commons/thumb/f/f9/Life_Saint-Austremoine_Issoire_bottom_n2.jpg/611px-Life_Saint-Austremoine_Issoire_bottom_n2.jpg?20061208095211', 'https://upload.wikimedia.org/wikipedia/commons/thumb/c/cf/Sunlight_on_the_curved_honeycomb_glass_fa%C3%A7ade_of_the_hotel_Andaz_mixed_with_interior_lighting_at_sunset_in_Singapore.jpg/750px-Sunlight_on_the_curved_honeycomb_glass_fa%C3%A7ade_of_the_hotel_Andaz_mixed_with_interior_lighting_at_sunset_in_Singapore.jpg?20181221020957']",Colorful bottle.jpg,a brittle transparent solid with irregular atomic structure,black-forest-labs_FLUX.1-dev,stabilityai_sdxl-turbo,1
213186,633,leafs_and_no_leafs,handover.n.01,handover,['relinquishment.n.02'],"['cession.n.01', 'release.n.11']","['https://upload.wikimedia.org/wikipedia/commons/thumb/9/9c/Handover%2C_Wikimania_2023%2C_Singapore_%28P1110107%29.jpg/800px-Handover%2C_Wikimania_2023%2C_Singapore_%28P1110107%29.jpg?20231006094310', 'https://upload.wikimedia.org/wikipedia/commons/5/50/Handover_ceremony.jpg?20100118071501', 'https://upload.wikimedia.org/wikipedia/commons/thumb/d/d6/SozialMarie_award_Vienna_handover_2021-05-xx.jpg/800px-SozialMarie_award_Vienna_handover_2021-05-xx.jpg?20210520052653', 'https://upload.wikimedia.org/wikipedia/commons/thumb/d/de/Handoff_to_Todd_Newell_AFB_071231-F-0558K-017_0YKO0.jpg/800px-Handoff_to_Todd_Newell_AFB_071231-F-0558K-017_0YKO0.jpg?20081021144914', 'https://upload.wikimedia.org/wikipedia/commons/thumb/2/2b/Handover_Gifts_Museum_of_Macao_01.JPG/800px-Handover_Gifts_Museum_of_Macao_01.JPG?20111224125233']","Handover, Wikimania 2023, Singapore (P1110107).jpg",act of relinquishing property or authority etc,playgroundai_playground-v2.5-1024px-aesthetic,black-forest-labs_FLUX.1-dev,4
14320394,642,predict_hypernym,congestion.n.01,congestion,['symptom.n.01'],"['abscess.n.01', 'ague.n.02', 'albuminuria.n.01', 'alkalinuria.n.01', 'amenorrhea.n.01', 'aminoaciduria.n.01', 'ammoniuria.n.01', 'anemia.n.02', 'apnea.n.01', 'areflexia.n.01', 'atrophy.n.01', 'aura.n.01', 'bubo.n.01', 'cardiomegaly.n.01', 'chill.n.03', 'chloasma.n.01', 'clubbing.n.01', 'constipation.n.01', 'cough.n.01', 'crepitation_rale.n.01', 'cyanosis.n.01', 'diarrhea.n.01', 'diuresis.n.01', 'dizziness.n.01', 'dyspnea.n.01', 'effect.n.06', 'eosinopenia.n.01', 'eosinophilia.n.01', 'eruption.n.02', 'exophthalmos.n.01', 'festination.n.01', 'fever.n.01', 'furring.n.01', 'glycosuria.n.01', 'hardening.n.01', 'heart_murmur.n.01', 'heartburn.n.01', 'hematuria.n.01', 'hemoglobinemia.n.01', 'hemoglobinuria.n.01', 'hemoptysis.n.01', 'hemosiderosis.n.01', 'hiccup.n.01', 'hot_flash.n.01', 'hydrophobia.n.01', 'hypercalcemia.n.01', 'hypercalciuria.n.01', 'hypercholesterolemia.n.01', 'hyperglycemia.n.01', 'hyperkalemia.n.01', 'hypernatremia.n.01', 'hypersplenism.n.01', 'hypocalcemia.n.01', 'hypoglycemia.n.01', 'hypokalemia.n.01', 'hyponatremia.n.01', 'hypoproteinemia.n.01', 'indigestion.n.01', 'inflammation.n.01', ""jacquemier's_sign.n.01"", 'jaundice.n.01', 'kaliuresis.n.01', 'kayser-fleischer_ring.n.01', 'keratomalacia.n.01', ""kernig's_sign.n.01"", 'ketonemia.n.01', 'ketonuria.n.01', ""koplik's_spots.n.01"", 'lipemia.n.01', 'lymphuria.n.01', 'meningism.n.01', 'menorrhagia.n.01', 'monocytosis.n.01', 'musca_volitans.n.01', 'myoglobinuria.n.01', 'natriuresis.n.01', 'nausea.n.01', 'nebula.n.02', 'numbness.n.01', 'ochronosis.n.01', 'oliguria.n.01', 'pain.n.01', 'palpitation.n.01', 'palsy.n.02', 'paresthesia.n.01', 'postnasal_drip.n.01', 'prodrome.n.01', 'purulence.n.01', 'pyuria.n.01', 'rhinorrhea.n.01', 'scar.n.01', 'sneeze.n.01', 'spasm.n.01', 'steatorrhea.n.01', 'stridor.n.01', 'swelling.n.01', 'syndrome.n.02', 'thrombocytosis.n.01', 'tinnitus.n.01', 'uratemia.n.01', 'uraturia.n.01', 'uricaciduria.n.01', 'wheeziness.n.01', 'withdrawal_symptom.n.01']","['https://upload.wikimedia.org/wikipedia/commons/thumb/9/9b/Congestion_Pricing_Flowchart.png/776px-Congestion_Pricing_Flowchart.png?20150710215957', 'https://upload.wikimedia.org/wikipedia/commons/thumb/a/ae/London_Congestion_Charge_Zone_since_2011.png/800px-London_Congestion_Charge_Zone_since_2011.png?20160727094317', 'https://upload.wikimedia.org/wikipedia/commons/0/07/London_Congestion_Charge%2C_Old_Street%2C_England.jpg?20110318212851', 'https://upload.wikimedia.org/wikipedia/commons/thumb/4/44/Congestion_charge_pay_booth_at_exit%2C_Durham_2007.JPG/800px-Congestion_charge_pay_booth_at_exit%2C_Durham_2007.JPG?20150217155742']",Congestion Pricing Flowchart.png,excessive accumulation of blood or other fluid in a body part,black-forest-labs_FLUX.1-dev,stabilityai_sdxl-turbo,1
14360436,643,predict_hypernym,armor_plate.n.01,armor_plate,['plate.n.14'],"['horseshoe.n.02', 'shell_plating.n.01']","['https://upload.wikimedia.org/wikipedia/commons/thumb/b/b9/Abrams-transparent.png/799px-Abrams-transparent.png?20090714031558', 'https://upload.wikimedia.org/wikipedia/commons/thumb/b/b2/Reconstitution_d%27armures_de_chevaliers_et_de_destriers%2C_XVIe_si%C3%A8cle%2C_Metropolitan_Museum_of_Art%2C_New_York.jpg/800px-Reconstitution_d%27armures_de_chevaliers_et_de_destriers%2C_XVIe_si%C3%A8cle%2C_Metropolitan_Museum_of_Art%2C_New_York.jpg?20051012001501', 'https://upload.wikimedia.org/wikipedia/commons/thumb/3/35/Savoyard_armour_edit.jpg/359px-Savoyard_armour_edit.jpg?20101110203015', 'https://upload.wikimedia.org/wikipedia/commons/thumb/9/90/LakeviewArmorWindowNov05.jpg/800px-LakeviewArmorWindowNov05.jpg?20080704144411', 'https://upload.wikimedia.org/wikipedia/commons/thumb/1/16/History_of_the_manufacture_of_armor_plate_for_the_United_States_navy_%281899%29_%2814779920074%29.jpg/800px-History_of_the_manufacture_of_armor_plate_for_the_United_States_navy_%281899%29_%2814779920074%29.jpg?20160919120311']",Abrams-transparent.png,specially hardened steel plate used to protect fortifications or vehicles from enemy fire,black-forest-labs_FLUX.1-dev,Tencent-Hunyuan_HunyuanDiT-v1.2-Diffusers,3
1321854,651,predict_hypernym,young_mammal.n.01,young_mammal,['young.n.01'],"['hatchling.n.01', 'orphan.n.04', 'spat.n.03', 'young_bird.n.01', 'young_fish.n.01']","['https://upload.wikimedia.org/wikipedia/commons/thumb/a/ad/Orangutan_Kalimantan.jpg/800px-Orangutan_Kalimantan.jpg?20170624030702', 'https://upload.wikimedia.org/wikipedia/commons/thumb/c/c2/Warthogs_%28Phacochoerus_africanus%29_young_males_eyeballing.jpg/800px-Warthogs_%28Phacochoerus_africanus%29_young_males_eyeballing.jpg?20200818213525', 'https://upload.wikimedia.org/wikipedia/commons/thumb/9/99/Young_wild_boar.jpg/800px-Young_wild_boar.jpg?20100222004146', 'https://upload.wikimedia.org/wikipedia/commons/thumb/9/91/Distribution_of_Mammals_on_Earth.png/513px-Distribution_of_Mammals_on_Earth.png?20230502212745', 'https://upload.wikimedia.org/wikipedia/commons/thumb/e/e9/Mammal_heart_model_04-_FMVZ_USP-06.jpg/401px-Mammal_heart_model_04-_FMVZ_USP-06.jpg?20170115220912']",Orangutan Kalimantan.jpg,any immature mammal,black-forest-labs_FLUX.1-dev,prompthero_openjourney,1
4145056,656,predict_hypernym,scenery.n.01,scenery,['stage_set.n.01'],[],"['https://upload.wikimedia.org/wikipedia/commons/thumb/b/b5/783_3_%28%2B_3%29_dancers_performing_on_stage_V-P.jpg/800px-783_3_%28%2B_3%29_dancers_performing_on_stage_V-P.jpg?20230804222745', 'https://upload.wikimedia.org/wikipedia/commons/thumb/1/17/Julia_set_%28highres_01%29.jpg/600px-Julia_set_%28highres_01%29.jpg?20050417124331', 'https://upload.wikimedia.org/wikipedia/commons/thumb/9/95/ANF_Hearts_Content_FC092615.jpg/800px-ANF_Hearts_Content_FC092615.jpg?20200701231601', 'https://upload.wikimedia.org/wikipedia/commons/thumb/c/ca/Ryo_Fukui.png/527px-Ryo_Fukui.png?20160719025901', 'https://upload.wikimedia.org/wikipedia/commons/thumb/d/d3/Hearts_Content_Scenic_Area_%2814%29_%288928976927%29.jpg/400px-Hearts_Content_Scenic_Area_%2814%29_%288928976927%29.jpg?20170818235357']",783 3 (+ 3) dancers performing on stage V-P.jpg,the painted structures of a stage set that are intended to suggest a particular locale,prompthero_openjourney,black-forest-labs_FLUX.1-dev,2
26393248,657,predict_hypernym,mechanism.n.05,mechanism,['device.n.01'],"['acoustic_device.n.01', 'adapter.n.02', 'afterburner.n.01', 'agglomerator.n.01', 'airfoil.n.01', 'alarm.n.02', 'appliance.n.01', 'applicator.n.01', 'aspergill.n.01', 'autopilot.n.02', 'bait.n.02', 'billiard_marker.n.01', 'bird_feeder.n.01', 'blower.n.01', 'bootjack.n.01', 'breathalyzer.n.01', 'breathing_device.n.01', 'bubbler.n.02', 'buffer.n.06', 'catapult.n.02', 'charger.n.02', 'clip-on.n.01', 'comb.n.01', 'comforter.n.04', 'conductor.n.04', 'contraceptive.n.01', 'converter.n.01', 'corer.n.01', 'corrective.n.01', 'crusher.n.01', 'cryptograph.n.03', 'cutoff.n.03', 'dampener.n.01', 'damper.n.02', 'deflector.n.01', 'dental_appliance.n.01', 'depressor.n.03', 'detector.n.01', 'diestock.n.01', 'drive.n.10', 'drop_forge.n.01', 'elastic_device.n.01', 'electrical_device.n.01', 'electronic_device.n.01', 'energizer.n.02', 'exercise_device.n.01', 'explosive_device.n.01', 'fan.n.01', 'filter.n.01', 'fire_extinguisher.n.01', 'flare.n.09', 'fumigator.n.02', 'gas_fixture.n.01', 'groover.n.01', 'guard.n.03', 'heat_exchanger.n.01', 'heater.n.01', 'holding_device.n.01', 'horn.n.08', 'hydrofoil.n.01', 'imprint.n.05', 'indicator.n.03', 'instrument.n.01', 'interlock.n.01', 'interrupter.n.01', 'jig.n.03', 'key.n.01', 'keyboard.n.01', 'kinetoscope.n.01', 'knocker.n.05', 'lift.n.06', 'lifting_device.n.01', 'lighter.n.02', 'machine.n.01', 'magnet.n.01', 'memory_device.n.01', 'musical_instrument.n.01', 'nest_egg.n.02', 'noisemaker.n.01', 'optical_device.n.01', 'override.n.01', 'paper_feed.n.01', 'peeler.n.03', 'pick.n.05', 'power_takeoff.n.01', 'prod.n.02', 'prompter.n.02', 'pull.n.04', 'reflector.n.01', 'release.n.08', 'remote_control.n.01', 'reset.n.01', 'restraint.n.06', 'router.n.02', 'runner.n.09', 'scratcher.n.03', 'shoehorn.n.01', 'shoetree.n.01', 'shooting_stick.n.01', 'shredder.n.01', 'signaling_device.n.01', 'snowshoe.n.01', 'sounder.n.01', 'source_of_illumination.n.01', 'stabilizer.n.03', 'stemmer.n.05', 'straightener.n.01', 'strengthener.n.01', 'stylus.n.01', 'suction_cup.n.01', 'support.n.10', 'sweatbox.n.02', 'synchroflash.n.01', 'take-up.n.01', 'teaser.n.07', 'throwing_stick.n.01', 'tilter.n.02', 'tongs.n.01', 'toy.n.03', 'trap.n.01', 'trigger.n.02', 'valve.n.02', 'vaporizer.n.01', 'ventilator.n.01', 'washboard.n.01', 'water_cooler.n.01']","['https://upload.wikimedia.org/wikipedia/commons/9/9b/Geneva_mechanism_6spoke_animation.gif?20100902043451', 'https://upload.wikimedia.org/wikipedia/commons/thumb/9/98/Mechanism_Left_Gun_Battery_Worth_Ft_Casey_WA_Mar23_A7R_03933.jpg/800px-Mechanism_Left_Gun_Battery_Worth_Ft_Casey_WA_Mar23_A7R_03933.jpg?20230616161234', 'https://upload.wikimedia.org/wikipedia/commons/6/6b/Rack_and_pinion.png?20070402104120', 'https://upload.wikimedia.org/wikipedia/commons/thumb/c/c3/Arrow_pushing_mechanism_of_Micheal_reaction.png/800px-Arrow_pushing_mechanism_of_Micheal_reaction.png?20221119050940', 'https://upload.wikimedia.org/wikipedia/commons/thumb/1/13/Mouse_mechanism_diagram.svg/792px-Mouse_mechanism_diagram.svg.png?20181212044750']",Geneva mechanism 6spoke animation.gif,device consisting of a piece of machinery; has moving parts that perform some function,PixArt-alpha_PixArt-Sigma-XL-2-512-MS,black-forest-labs_FLUX.1-dev,3
9257913,662,predict_hypernym,plaything.n.01,plaything,['artifact.n.01'],"['americana.n.01', 'anachronism.n.02', 'antiquity.n.03', 'article.n.02', 'block.n.01', 'building_material.n.01', 'button.n.07', 'commodity.n.01', 'cone.n.01', 'covering.n.02', 'creation.n.02', 'decker.n.02', 'decoration.n.01', 'electroplate.n.01', 'excavation.n.03', 'extra.n.03', 'fabric.n.01', 'facility.n.01', 'facility.n.04', 'fixture.n.01', 'float.n.06', 'insert.n.02', 'instrumentality.n.03', 'layer.n.01', 'lemon.n.05', 'line.n.18', 'marker.n.01', 'mystification.n.02', 'opening.n.10', 'padding.n.01', 'paving.n.01', 'ready-made.n.01', 'restoration.n.05', 'sheet.n.06', 'sphere.n.02', 'square.n.07', 'squeaker.n.01', 'strip.n.02', 'structure.n.01', 'surface.n.01', 'thing.n.04', 'track.n.03', 'way.n.06', 'weight.n.04']","['https://upload.wikimedia.org/wikipedia/commons/thumb/0/05/Mexican_guitars_and_toys.jpg/753px-Mexican_guitars_and_toys.jpg?20170730063458', 'https://upload.wikimedia.org/wikipedia/commons/thumb/8/8e/Man%27s_Plaything_%281920%29_-_1.jpg/504px-Man%27s_Plaything_%281920%29_-_1.jpg?20160810135229', 'https://upload.wikimedia.org/wikipedia/commons/thumb/b/bc/Man%27s_Plaything_%281920%29_-_3.jpg/449px-Man%27s_Plaything_%281920%29_-_3.jpg?20161003223523', 'https://upload.wikimedia.org/wikipedia/commons/thumb/a/a4/Rich_Man%27s_Plaything_lobby_card.jpg/764px-Rich_Man%27s_Plaything_lobby_card.jpg?20170402202328', 'https://upload.wikimedia.org/wikipedia/commons/thumb/4/48/Man%27s_Plaything_%281920%29_-_2.jpg/445px-Man%27s_Plaything_%281920%29_-_2.jpg?20160929125941']",Mexican guitars and toys.jpg,an artifact designed to be played with,black-forest-labs_FLUX.1-dev,prompthero_openjourney,1
45418454,663,predict_hypernym,molding.n.02,molding,['decoration.n.01'],"['adornment.n.01', 'arabesque.n.02', 'architectural_ornament.n.01', 'beading.n.01', 'bow.n.08', 'brass.n.05', 'centerpiece.n.02', 'christmas_tree.n.05', 'cockade.n.01', 'design.n.04', 'embellishment.n.02', 'finial.n.01', 'flower_arrangement.n.01', 'folderal.n.01', 'gargoyle.n.02', 'garnish.n.01', 'garnish.n.02', 'graffito.n.01', 'hanging.n.01', 'hood_ornament.n.01', 'incrustation.n.03', 'inlay.n.02', 'interior_decoration.n.01', 'knob.n.04', 'lunula.n.02', 'nailhead.n.01', 'necklet.n.01', 'overlay.n.02', 'rosemaling.n.01', 'set_decoration.n.01', 'sgraffito.n.01', 'spiral.n.04', 'sprig.n.02', 'stud.n.02', 'tail_fin.n.02', 'tinsel.n.01', 'tracery.n.01', 'wind_chime.n.01']","['https://upload.wikimedia.org/wikipedia/commons/thumb/5/58/Bronze_Age_spear_tip_mould_IMG_5123.jpg/800px-Bronze_Age_spear_tip_mould_IMG_5123.jpg?20100915084830', 'https://upload.wikimedia.org/wikipedia/commons/thumb/6/6f/Molding_next_to_a_door_in_the_Palace_of_Versailles.jpg/800px-Molding_next_to_a_door_in_the_Palace_of_Versailles.jpg?20221002103317', 'https://upload.wikimedia.org/wikipedia/commons/thumb/b/b8/20220916120442_IMG_9564.jpg/800px-20220916120442_IMG_9564.jpg?20220921121335', 'https://upload.wikimedia.org/wikipedia/commons/b/b3/Crown_molding_%285098483884%29.jpg?20180717164541', 'https://upload.wikimedia.org/wikipedia/commons/b/b8/Molding-cavetto.png?20110211090701']",Bronze Age spear tip mould IMG 5123.jpg,a decorative strip used for ornamentation or finishing,Tencent-Hunyuan_HunyuanDiT-v1.2-Diffusers,black-forest-labs_FLUX.1-dev,3
5794797,675,predict_hypernym,block.n.01,block,['artifact.n.01'],"['americana.n.01', 'anachronism.n.02', 'antiquity.n.03', 'article.n.02', 'building_material.n.01', 'button.n.07', 'commodity.n.01', 'cone.n.01', 'covering.n.02', 'creation.n.02', 'decker.n.02', 'decoration.n.01', 'electroplate.n.01', 'excavation.n.03', 'extra.n.03', 'fabric.n.01', 'facility.n.01', 'facility.n.04', 'fixture.n.01', 'float.n.06', 'insert.n.02', 'instrumentality.n.03', 'layer.n.01', 'lemon.n.05', 'line.n.18', 'marker.n.01', 'mystification.n.02', 'opening.n.10', 'padding.n.01', 'paving.n.01', 'plaything.n.01', 'ready-made.n.01', 'restoration.n.05', 'sheet.n.06', 'sphere.n.02', 'square.n.07', 'squeaker.n.01', 'strip.n.02', 'structure.n.01', 'surface.n.01', 'thing.n.04', 'track.n.03', 'way.n.06', 'weight.n.04']","['https://upload.wikimedia.org/wikipedia/commons/thumb/e/e9/Four_pulleys.svg/800px-Four_pulleys.svg.png?20080914195725', 'https://upload.wikimedia.org/wikipedia/commons/thumb/3/34/Hamburg%2C_Speicherstadt%2C_Block_P_--_2016_--_3330-6.jpg/800px-Hamburg%2C_Speicherstadt%2C_Block_P_--_2016_--_3330-6.jpg?20170108160811', 'https://upload.wikimedia.org/wikipedia/commons/thumb/b/b2/Centre_Block_-_Parliament_Hill.jpg/798px-Centre_Block_-_Parliament_Hill.jpg?20140124035213', 'https://upload.wikimedia.org/wikipedia/commons/thumb/c/c1/Block_on_inclined_plane_with_pulley_and_suspended_weight.svg/375px-Block_on_inclined_plane_with_pulley_and_suspended_weight.svg.png?20220706231839', 'https://upload.wikimedia.org/wikipedia/commons/thumb/9/9d/Francis_Hopkinson_Spring-Block_1793.png/450px-Francis_Hopkinson_Spring-Block_1793.png?20191029143359']",Four pulleys.svg,a solid piece of something (usually having flat rectangular sides),black-forest-labs_FLUX.1-dev,Tencent-Hunyuan_HunyuanDiT-v1.2-Diffusers,3
14959644,676,predict_hypernym,plant_fiber.n.01,plant_fiber,"['natural_fiber.n.01', 'plant_product.n.01']","['animal_fiber.n.01', 'bast.n.01', 'bowstring_hemp.n.02', 'new_zealand_cotton.n.01', 'pandanus.n.01', 'staple.n.02', 'coca.n.03', 'ethyl_alcohol.n.01', 'furfural.n.01', 'natural_resin.n.01', 'phytohormone.n.01', 'plant_fiber.n.01', 'sucrose.n.01', 'tobacco.n.01']","['https://upload.wikimedia.org/wikipedia/commons/thumb/9/95/NIE_1905_Hemp_-_Fibre_Plants.jpg/375px-NIE_1905_Hemp_-_Fibre_Plants.jpg?20121024184329', 'https://upload.wikimedia.org/wikipedia/commons/thumb/1/1f/The_Pima_Indians_-_pg_115.png/440px-The_Pima_Indians_-_pg_115.png?20240420174854', 'https://upload.wikimedia.org/wikipedia/commons/thumb/0/01/Carbon_fiber_%28cropped%29.jpg/800px-Carbon_fiber_%28cropped%29.jpg?20240209172220', 'https://upload.wikimedia.org/wikipedia/commons/thumb/c/c6/Parures_d%27oreilles_-_vue_d%27ensemble_11-o.lau-F270.LA1075-01.jpg/800px-Parures_d%27oreilles_-_vue_d%27ensemble_11-o.lau-F270.LA1075-01.jpg?20201025123522', 'https://upload.wikimedia.org/wikipedia/commons/thumb/e/e7/Plant_cell_types.svg/800px-Plant_cell_types.svg.png?20130415231104']",NIE 1905 Hemp - Fibre Plants.jpg,fiber derived from plants,black-forest-labs_FLUX.1-dev,kandinsky-community_kandinsky-3,2
4125853,680,simple_triplet_2parent,safety_belt.n.01,safety_belt,"['belt.n.02', 'restraint.n.06']","['baldric.n.01', 'cartridge_belt.n.01', 'holster.n.02', 'money_belt.n.01', 'sam_browne_belt.n.01', 'air_bag.n.01', 'airbrake.n.01', 'arrester.n.01', 'band.n.13', 'brake.n.01', 'brake.n.05', 'brake_pad.n.01', 'brake_shoe.n.01', 'catch.n.06', 'chain.n.05', 'fastener.n.02', 'gag.n.02', 'leash.n.01', 'lock.n.05', 'muzzle.n.03', 'safety_belt.n.01', 'sea_anchor.n.01', 'shackle.n.01', 'trammel.n.03']","['https://upload.wikimedia.org/wikipedia/commons/thumb/4/40/Female_driver_buckling_seatbelt.jpg/400px-Female_driver_buckling_seatbelt.jpg?20160310214444', 'https://upload.wikimedia.org/wikipedia/commons/f/fe/Aircraft_Safety_Belt.png?20220630220005', 'https://upload.wikimedia.org/wikipedia/commons/thumb/c/c8/Description_of%2C_and_the_Patent_granted%2C_for_modern_Seat_Belts_1969.jpg/704px-Description_of%2C_and_the_Patent_granted%2C_for_modern_Seat_Belts_1969.jpg?20240401151731', 'https://upload.wikimedia.org/wikipedia/commons/thumb/d/d0/Patent_of_safety_belt_-_Claghorn.png/408px-Patent_of_safety_belt_-_Claghorn.png?20230123183853', 'https://upload.wikimedia.org/wikipedia/commons/thumb/6/6a/US_seat_belt_use_and_fatality_rate.svg/800px-US_seat_belt_use_and_fatality_rate.svg.png?20160610005047']",Female driver buckling seatbelt.jpg,belt attaching you to some object as a restraint in order to prevent you from getting hurt,DeepFloyd_IF-I-XL-v1.0,black-forest-labs_FLUX.1-dev,4
59369635,685,predict_hypernym,supporter.n.01,supporter,['advocate.n.01'],"['apologist.n.01', 'constitutionalist.n.01', 'darwinian.n.01', 'democrat.n.02', 'federalist.n.02', 'gnostic.n.01', 'humanist.n.02', 'ideologist.n.01', 'internationalist.n.01', 'irredentist.n.01', 'isolationist.n.01', 'jansenist.n.01', 'libertarian.n.01', 'maoist.n.01', 'marxist.n.01', 'nationalist.n.02', 'neoclassicist.n.01', 'neutralist.n.01', 'nullifier.n.01', 'partisan.n.01', 'partitionist.n.01', 'platonist.n.01', 'presenter.n.02', 'pro-lifer.n.01', 'protectionist.n.01', 'republican.n.02', 'ritualist.n.01', 'ruralist.n.01', 'secessionist.n.01', 'secularist.n.01', 'separatist.n.01', 'spokesperson.n.01', 'suffragist.n.01', 'supremacist.n.01', 'teleologist.n.01', 'thatcherite.n.01', 'unilateralist.n.01']","['https://upload.wikimedia.org/wikipedia/commons/thumb/7/75/San_marcos_bullfight_04.jpg/800px-San_marcos_bullfight_04.jpg?20100502162127', 'https://upload.wikimedia.org/wikipedia/commons/thumb/a/af/A_Trump_supporter_in_Kenosha_Wisconsin.jpg/458px-A_Trump_supporter_in_Kenosha_Wisconsin.jpg?20200901224955', 'https://upload.wikimedia.org/wikipedia/commons/thumb/5/5c/Heraldic_supporters_lions_rampant.svg/661px-Heraldic_supporters_lions_rampant.svg.png?20220801131316', 'https://upload.wikimedia.org/wikipedia/commons/thumb/1/1e/Proper_Crane_Supporter_%28Heraldry%29.svg/177px-Proper_Crane_Supporter_%28Heraldry%29.svg.png?20230104220527', 'https://upload.wikimedia.org/wikipedia/commons/thumb/6/66/A_Kyle_Rittenhouse_supporter_in_Kenosha_Wisconsin.jpg/739px-A_Kyle_Rittenhouse_supporter_in_Kenosha_Wisconsin.jpg?20200901225007']",San marcos bullfight 04.jpg,a person who backs a politician or a team etc.,black-forest-labs_FLUX.1-dev,retrieval,3
12401335,686,predict_hypernym,fig_tree.n.01,fig_tree,['tree.n.01'],"['aalii.n.01', 'acacia.n.01', 'african_walnut.n.01', 'albizzia.n.01', 'alder.n.02', 'angelim.n.01', 'angiospermous_tree.n.01', 'anise_tree.n.01', 'arbor.n.01', 'aroeira_blanca.n.01', 'ash.n.02', 'australian_nettle.n.01', 'balata.n.02', 'bayberry.n.01', 'bean_tree.n.01', 'beech.n.01', 'birch.n.02', 'bitterwood_tree.n.01', 'black_mangrove.n.01', 'blackwood.n.02', 'bloodwood_tree.n.01', 'bonduc.n.02', 'bonsai.n.01', 'bottle-tree.n.01', 'brazilian_ironwood.n.01', 'brazilian_pepper_tree.n.01', 'brazilwood.n.02', 'breakax.n.01', 'burma_padauk.n.01', 'button_tree.n.01', 'cabbage_tree.n.03', 'calaba.n.01', 'calabash.n.02', 'camwood.n.01', 'caracolito.n.01', 'carib_wood.n.01', 'cassia.n.01', 'casuarina.n.01', 'chaulmoogra.n.01', 'chestnut.n.02', 'chinaberry.n.02', 'chinese_parasol_tree.n.01', 'christmas_bush.n.01', 'cinchona.n.02', 'clusia.n.01', 'cockspur.n.02', 'cocobolo.n.01', 'coffee.n.02', 'conacaste.n.01', 'coral_tree.n.01', 'coralwood.n.01', 'cork_tree.n.01', 'dagame.n.01', 'devilwood.n.01', 'dhak.n.01', 'dhawa.n.01', 'dipterocarp.n.01', 'dita.n.01', 'divi-divi.n.02', 'ebony.n.03', 'elm.n.01', 'fever_tree.n.01', 'fringe_tree.n.01', 'giant_chinkapin.n.01', 'gliricidia.n.01', 'granadilla_tree.n.01', 'guama.n.01', 'guinea_pepper.n.02', 'gum_tree.n.01', 'gutta-percha_tree.n.01', 'gutta-percha_tree.n.02', 'gymnospermous_tree.n.01', 'hackberry.n.01', 'hazel.n.01', 'hop_hornbeam.n.01', 'hornbeam.n.01', 'hydnocarpus_laurifolia.n.01', 'ice-cream_bean.n.01', 'idesia.n.01', 'incense_tree.n.01', 'indian_beech.n.01', 'inga.n.01', 'ivory_tree.n.01', 'jamaica_dogwood.n.01', 'jamaican_cherry.n.01', 'japanese_pagoda_tree.n.01', 'kentucky_coffee_tree.n.01', 'ketembilla.n.01', 'keurboom.n.01', 'keurboom.n.02', 'kingwood.n.02', 'kino.n.02', 'kowhai.n.01', 'lacebark.n.01', 'lancewood.n.02', 'lanseh_tree.n.01', 'laurelwood.n.01', 'lead_tree.n.01', 'lemonwood.n.02', 'lepidobotrys.n.01', 'linden.n.02', 'locust_tree.n.01', 'mahogany.n.02', 'manila_tamarind.n.01', 'marblewood.n.02', 'maria.n.02', 'marmalade_tree.n.01', 'mayeng.n.01', 'mescal_bean.n.01', 'millettia.n.01', 'montezuma.n.01', 'msasa.n.01', 'nakedwood.n.01', 'necklace_tree.n.01', 'neem.n.01', 'nitta_tree.n.01', 'oak.n.02', 'oak_chestnut.n.01', 'obeche.n.02', 'opepe.n.01', 'padauk.n.01', 'palm.n.03', 'palo_verde.n.01', 'pandanus.n.02', 'pepper_tree.n.01', 'pepper_tree.n.02', 'peruvian_balsam.n.01', 'plane_tree.n.01', 'pollard.n.01', 'poon.n.02', 'prickly_ash.n.01', 'prickly_ash.n.02', 'princewood.n.01', 'puka.n.02', 'quandong.n.01', 'quandong.n.03', 'quira.n.02', 'red_sandalwood.n.02', 'red_silk-cotton_tree.n.01', 'ribbon_tree.n.01', 'rose_chestnut.n.01', 'rosewood.n.02', 'sandalwood_tree.n.01', 'sapling.n.01', 'satinwood.n.03', 'scarlet_wisteria_tree.n.01', 'scrub_beefwood.n.01', 'shade_tree.n.01', 'shaving-brush_tree.n.01', 'shingle_tree.n.01', 'silver_ash.n.01', 'silver_tree.n.01', 'silver_tree.n.02', 'sissoo.n.01', 'snag.n.02', 'soapberry.n.01', 'souari.n.01', 'southern_beech.n.01', 'spanish_tamarind.n.01', 'tanbark_oak.n.01', 'teak.n.02', 'timber_tree.n.01', 'tipu.n.01', 'tolu_tree.n.01', 'tree_of_knowledge.n.01', 'treelet.n.01', 'trifoliate_orange.n.01', 'tulipwood_tree.n.01', 'turreae.n.01', 'wheel_tree.n.01', 'white_mangrove.n.01', 'white_mangrove.n.02', 'wild_fig.n.02', 'wild_medlar.n.01', 'wild_tamarind.n.02', 'willow.n.01', ""winter's_bark.n.02"", 'yellowwood.n.02', 'zebrawood.n.02']","['https://upload.wikimedia.org/wikipedia/commons/thumb/3/3d/Sycomoros_old.jpg/482px-Sycomoros_old.jpg?20060531142343', 'https://upload.wikimedia.org/wikipedia/commons/8/84/Ficus_elastica_-_K%C3%B6hler%E2%80%93s_Medizinal-Pflanzen-206.jpg?20070209152951', 'https://upload.wikimedia.org/wikipedia/commons/thumb/c/cc/Red_figs_of_Ficus_benjamina.jpg/800px-Red_figs_of_Ficus_benjamina.jpg?20240727142908', 'https://upload.wikimedia.org/wikipedia/commons/thumb/3/37/Cagliari_Ficus_trees_4.jpg/800px-Cagliari_Ficus_trees_4.jpg?20180629193829', 'https://upload.wikimedia.org/wikipedia/commons/thumb/5/58/Ficus_or_Indian_Common_Fig_%28_Scientific_Name-_Ficus_sycomorus%29.jpg/450px-Ficus_or_Indian_Common_Fig_%28_Scientific_Name-_Ficus_sycomorus%29.jpg?20200304202840']",Sycomoros old.jpg,any moraceous tree of the tropical genus Ficus; produces a closed pear-shaped receptacle that becomes fleshy and edible when mature,kandinsky-community_kandinsky-3,black-forest-labs_FLUX.1-dev,3
14654954,692,simple_triplet_2parent,silver.n.01,silver,"['noble_metal.n.01', 'conductor.n.02']","['copper.n.01', 'semiconductor.n.01', 'gold.n.03', 'platinum.n.01', 'silver.n.01']","['https://upload.wikimedia.org/wikipedia/commons/thumb/5/55/Silver_crystal.jpg/765px-Silver_crystal.jpg?20090726191728', 'https://upload.wikimedia.org/wikipedia/commons/thumb/a/a0/Silver_Target_in_XPS_Spectrometer.jpg/800px-Silver_Target_in_XPS_Spectrometer.jpg?20110530165226', 'https://upload.wikimedia.org/wikipedia/commons/f/f1/Ag%2C47.jpg?20050123193252', 'https://upload.wikimedia.org/wikipedia/commons/6/64/SilverUSGOV.jpg?20050827044041', 'https://upload.wikimedia.org/wikipedia/commons/thumb/d/d7/Silver_square.svg/350px-Silver_square.svg.png?20160910002033']",Silver crystal.jpg,a soft white precious univalent metallic element having the highest electrical and thermal conductivity of any metal; occurs in argentite and in free form; used in coins and jewelry and tableware and photography,Tencent-Hunyuan_HunyuanDiT-v1.2-Diffusers,black-forest-labs_FLUX.1-dev,2
49054805,695,predict_hypernym,mechanism.n.05,mechanism,['device.n.01'],"['acoustic_device.n.01', 'adapter.n.02', 'afterburner.n.01', 'agglomerator.n.01', 'airfoil.n.01', 'alarm.n.02', 'appliance.n.01', 'applicator.n.01', 'aspergill.n.01', 'autopilot.n.02', 'bait.n.02', 'billiard_marker.n.01', 'bird_feeder.n.01', 'blower.n.01', 'bootjack.n.01', 'breathalyzer.n.01', 'breathing_device.n.01', 'bubbler.n.02', 'buffer.n.06', 'catapult.n.02', 'charger.n.02', 'clip-on.n.01', 'comb.n.01', 'comforter.n.04', 'conductor.n.04', 'contraceptive.n.01', 'converter.n.01', 'corer.n.01', 'corrective.n.01', 'crusher.n.01', 'cryptograph.n.03', 'cutoff.n.03', 'dampener.n.01', 'damper.n.02', 'deflector.n.01', 'dental_appliance.n.01', 'depressor.n.03', 'detector.n.01', 'diestock.n.01', 'drive.n.10', 'drop_forge.n.01', 'elastic_device.n.01', 'electrical_device.n.01', 'electronic_device.n.01', 'energizer.n.02', 'exercise_device.n.01', 'explosive_device.n.01', 'fan.n.01', 'filter.n.01', 'fire_extinguisher.n.01', 'flare.n.09', 'fumigator.n.02', 'gas_fixture.n.01', 'groover.n.01', 'guard.n.03', 'heat_exchanger.n.01', 'heater.n.01', 'holding_device.n.01', 'horn.n.08', 'hydrofoil.n.01', 'imprint.n.05', 'indicator.n.03', 'instrument.n.01', 'interlock.n.01', 'interrupter.n.01', 'jig.n.03', 'key.n.01', 'keyboard.n.01', 'kinetoscope.n.01', 'knocker.n.05', 'lift.n.06', 'lifting_device.n.01', 'lighter.n.02', 'machine.n.01', 'magnet.n.01', 'memory_device.n.01', 'musical_instrument.n.01', 'nest_egg.n.02', 'noisemaker.n.01', 'optical_device.n.01', 'override.n.01', 'paper_feed.n.01', 'peeler.n.03', 'pick.n.05', 'power_takeoff.n.01', 'prod.n.02', 'prompter.n.02', 'pull.n.04', 'reflector.n.01', 'release.n.08', 'remote_control.n.01', 'reset.n.01', 'restraint.n.06', 'router.n.02', 'runner.n.09', 'scratcher.n.03', 'shoehorn.n.01', 'shoetree.n.01', 'shooting_stick.n.01', 'shredder.n.01', 'signaling_device.n.01', 'snowshoe.n.01', 'sounder.n.01', 'source_of_illumination.n.01', 'stabilizer.n.03', 'stemmer.n.05', 'straightener.n.01', 'strengthener.n.01', 'stylus.n.01', 'suction_cup.n.01', 'support.n.10', 'sweatbox.n.02', 'synchroflash.n.01', 'take-up.n.01', 'teaser.n.07', 'throwing_stick.n.01', 'tilter.n.02', 'tongs.n.01', 'toy.n.03', 'trap.n.01', 'trigger.n.02', 'valve.n.02', 'vaporizer.n.01', 'ventilator.n.01', 'washboard.n.01', 'water_cooler.n.01']","['https://upload.wikimedia.org/wikipedia/commons/9/9b/Geneva_mechanism_6spoke_animation.gif?20100902043451', 'https://upload.wikimedia.org/wikipedia/commons/thumb/9/98/Mechanism_Left_Gun_Battery_Worth_Ft_Casey_WA_Mar23_A7R_03933.jpg/800px-Mechanism_Left_Gun_Battery_Worth_Ft_Casey_WA_Mar23_A7R_03933.jpg?20230616161234', 'https://upload.wikimedia.org/wikipedia/commons/6/6b/Rack_and_pinion.png?20070402104120', 'https://upload.wikimedia.org/wikipedia/commons/thumb/c/c3/Arrow_pushing_mechanism_of_Micheal_reaction.png/800px-Arrow_pushing_mechanism_of_Micheal_reaction.png?20221119050940', 'https://upload.wikimedia.org/wikipedia/commons/thumb/1/13/Mouse_mechanism_diagram.svg/792px-Mouse_mechanism_diagram.svg.png?20181212044750']",Geneva mechanism 6spoke animation.gif,device consisting of a piece of machinery; has moving parts that perform some function,black-forest-labs_FLUX.1-dev,retrieval,2
83803292,696,predict_hypernym,plain.n.01,plain,['land.n.04'],"['archipelago.n.01', 'beachfront.n.01', 'cape.n.01', 'coastal_plain.n.01', 'floor.n.04', 'foreland.n.02', 'forest.n.02', 'island.n.01', 'isthmus.n.01', 'landmass.n.01', 'mainland.n.01', 'neck.n.02', 'oxbow.n.01', 'peninsula.n.01', 'slash.n.02', 'wonderland.n.01']","['https://upload.wikimedia.org/wikipedia/commons/thumb/a/a3/Nsomersetlevels.JPG/800px-Nsomersetlevels.JPG?20080323131137', 'https://upload.wikimedia.org/wikipedia/commons/thumb/c/c0/%D0%A0%D0%9B%D0%9F_%C2%AB%D0%A1%D0%B5%D0%B9%D0%BC%D1%81%D1%8C%D0%BA%D0%B8%D0%B9%C2%BB_img1.jpg/800px-%D0%A0%D0%9B%D0%9F_%C2%AB%D0%A1%D0%B5%D0%B9%D0%BC%D1%81%D1%8C%D0%BA%D0%B8%D0%B9%C2%BB_img1.jpg?20160717200112', 'https://upload.wikimedia.org/wikipedia/commons/thumb/6/6a/20171115_Plain_of_Jars_-_archaeological_site_number_3_-_Laos_-_2783_DxO.jpg/800px-20171115_Plain_of_Jars_-_archaeological_site_number_3_-_Laos_-_2783_DxO.jpg?20181108175833', 'https://upload.wikimedia.org/wikipedia/commons/thumb/1/18/Plain_land_and_Sky.jpg/800px-Plain_land_and_Sky.jpg?20200521071219', 'https://upload.wikimedia.org/wikipedia/commons/thumb/6/61/Mount_Ararat_and_the_Araratian_plain_%28cropped%29.jpg/799px-Mount_Ararat_and_the_Araratian_plain_%28cropped%29.jpg?20181103075841']",Nsomersetlevels.JPG,extensive tract of level open land,stabilityai_stable-diffusion-xl-base-1.0,black-forest-labs_FLUX.1-dev,3
283568,701,predict_hypernym,walk.n.01,walk,['locomotion.n.02'],"['brachiation.n.01', 'crawl.n.03', 'dance_step.n.01', 'gait.n.02', 'jog.n.02', 'lap.n.05', 'run.n.07', 'step.n.03', 'stroke.n.11']","['https://upload.wikimedia.org/wikipedia/commons/thumb/5/59/Larus_argentatus_walking_on_the_sidewalk_in_Dieppe_France.jpg/800px-Larus_argentatus_walking_on_the_sidewalk_in_Dieppe_France.jpg?20220114031644', 'https://upload.wikimedia.org/wikipedia/commons/thumb/4/42/2020_08_Valka_Valga_%2810%29.jpg/800px-2020_08_Valka_Valga_%2810%29.jpg?20220905110843', 'https://upload.wikimedia.org/wikipedia/commons/thumb/6/66/Llegada_de_Scott_Morrison%2C_primer_ministro_de_Australia_%2845198522685%29.jpg/800px-Llegada_de_Scott_Morrison%2C_primer_ministro_de_Australia_%2845198522685%29.jpg?20181203204935', 'https://upload.wikimedia.org/wikipedia/commons/thumb/8/81/Walking_reflection.jpg/564px-Walking_reflection.jpg?20160118024108', 'https://upload.wikimedia.org/wikipedia/commons/thumb/3/39/Valga-Valka%2C_Pedeli-Pedele.JPG/800px-Valga-Valka%2C_Pedeli-Pedele.JPG?20100605223004']",Larus argentatus walking on the sidewalk in Dieppe France.jpg,the act of traveling by foot,black-forest-labs_FLUX.1-dev,kandinsky-community_kandinsky-3,1
3666591,708,predict_hypernym,lighter.n.02,lighter,['device.n.01'],"['acoustic_device.n.01', 'adapter.n.02', 'afterburner.n.01', 'agglomerator.n.01', 'airfoil.n.01', 'alarm.n.02', 'appliance.n.01', 'applicator.n.01', 'aspergill.n.01', 'autopilot.n.02', 'bait.n.02', 'billiard_marker.n.01', 'bird_feeder.n.01', 'blower.n.01', 'bootjack.n.01', 'breathalyzer.n.01', 'breathing_device.n.01', 'bubbler.n.02', 'buffer.n.06', 'catapult.n.02', 'charger.n.02', 'clip-on.n.01', 'comb.n.01', 'comforter.n.04', 'conductor.n.04', 'contraceptive.n.01', 'converter.n.01', 'corer.n.01', 'corrective.n.01', 'crusher.n.01', 'cryptograph.n.03', 'cutoff.n.03', 'dampener.n.01', 'damper.n.02', 'deflector.n.01', 'dental_appliance.n.01', 'depressor.n.03', 'detector.n.01', 'diestock.n.01', 'drive.n.10', 'drop_forge.n.01', 'elastic_device.n.01', 'electrical_device.n.01', 'electronic_device.n.01', 'energizer.n.02', 'exercise_device.n.01', 'explosive_device.n.01', 'fan.n.01', 'filter.n.01', 'fire_extinguisher.n.01', 'flare.n.09', 'fumigator.n.02', 'gas_fixture.n.01', 'groover.n.01', 'guard.n.03', 'heat_exchanger.n.01', 'heater.n.01', 'holding_device.n.01', 'horn.n.08', 'hydrofoil.n.01', 'imprint.n.05', 'indicator.n.03', 'instrument.n.01', 'interlock.n.01', 'interrupter.n.01', 'jig.n.03', 'key.n.01', 'keyboard.n.01', 'kinetoscope.n.01', 'knocker.n.05', 'lift.n.06', 'lifting_device.n.01', 'machine.n.01', 'magnet.n.01', 'mechanism.n.05', 'memory_device.n.01', 'musical_instrument.n.01', 'nest_egg.n.02', 'noisemaker.n.01', 'optical_device.n.01', 'override.n.01', 'paper_feed.n.01', 'peeler.n.03', 'pick.n.05', 'power_takeoff.n.01', 'prod.n.02', 'prompter.n.02', 'pull.n.04', 'reflector.n.01', 'release.n.08', 'remote_control.n.01', 'reset.n.01', 'restraint.n.06', 'router.n.02', 'runner.n.09', 'scratcher.n.03', 'shoehorn.n.01', 'shoetree.n.01', 'shooting_stick.n.01', 'shredder.n.01', 'signaling_device.n.01', 'snowshoe.n.01', 'sounder.n.01', 'source_of_illumination.n.01', 'stabilizer.n.03', 'stemmer.n.05', 'straightener.n.01', 'strengthener.n.01', 'stylus.n.01', 'suction_cup.n.01', 'support.n.10', 'sweatbox.n.02', 'synchroflash.n.01', 'take-up.n.01', 'teaser.n.07', 'throwing_stick.n.01', 'tilter.n.02', 'tongs.n.01', 'toy.n.03', 'trap.n.01', 'trigger.n.02', 'valve.n.02', 'vaporizer.n.01', 'ventilator.n.01', 'washboard.n.01', 'water_cooler.n.01']","['https://upload.wikimedia.org/wikipedia/commons/thumb/5/5c/Vintage_Table_Cigarette_Lighter_%2815674259407%29.jpg/323px-Vintage_Table_Cigarette_Lighter_%2815674259407%29.jpg?20151227195402', 'https://upload.wikimedia.org/wikipedia/commons/thumb/5/5d/Vintage_Bakelite_Cigarette_Lighter%2C_Not_Marked_%2815021365061%29.jpg/470px-Vintage_Bakelite_Cigarette_Lighter%2C_Not_Marked_%2815021365061%29.jpg?20151229144118', 'https://upload.wikimedia.org/wikipedia/commons/thumb/6/64/Vintage_Old_Crow_Bourbon_Advertising_Cigarette_Lighter_by_Park_Lighter%2C_Murfreesboro%2C_TN%2C_Made_in_U.S.A._%289609831694%29.jpg/471px-Vintage_Old_Crow_Bourbon_Advertising_Cigarette_Lighter_by_Park_Lighter%2C_Murfreesboro%2C_TN%2C_Made_in_U.S.A._%289609831694%29.jpg?20151229214217']",Vintage Table Cigarette Lighter (15674259407).jpg,a device for lighting or igniting fuel or charges or fires,prompthero_openjourney,black-forest-labs_FLUX.1-dev,2
64693533,721,predict_hypernym,mariner.n.01,mariner,['sailor.n.01'],"['hand.n.10', 'lascar.n.01', 'water_dog.n.01', 'yachtsman.n.01']","['https://upload.wikimedia.org/wikipedia/commons/0/06/Kristina_Regina_wheelhouse.jpg?20061202171235', 'https://upload.wikimedia.org/wikipedia/commons/thumb/2/22/A_sailor_who_checks_the_weather_before_sailing.jpg/800px-A_sailor_who_checks_the_weather_before_sailing.jpg?20211220111035', 'https://upload.wikimedia.org/wikipedia/commons/thumb/9/90/Mariner_2.jpg/747px-Mariner_2.jpg?20150315090031', 'https://upload.wikimedia.org/wikipedia/commons/thumb/4/45/Mariner_10_instruments.jpg/799px-Mariner_10_instruments.jpg?20240221205120']",Kristina Regina wheelhouse.jpg,a man who serves as a sailor,black-forest-labs_FLUX.1-dev,prompthero_openjourney,1
14809057,726,simple_triplet_2parent,endorphin.n.01,endorphin,"['peptide.n.01', 'neurochemical.n.01']","['neurotransmitter.n.01', 'endorphin.n.01', 'fibrinopeptide.n.01', 'polypeptide.n.01']","['https://upload.wikimedia.org/wikipedia/commons/thumb/8/8d/Alpha_endorphin_stick_molecular_model.png/622px-Alpha_endorphin_stick_molecular_model.png?20230215225041', 'https://upload.wikimedia.org/wikipedia/commons/thumb/f/fe/Beta_endorphin_3D_stick.png/719px-Beta_endorphin_3D_stick.png?20230126222023', 'https://upload.wikimedia.org/wikipedia/commons/thumb/d/de/Beta_endorphin_AA_label.svg/800px-Beta_endorphin_AA_label.svg.png?20230126222331', 'https://upload.wikimedia.org/wikipedia/commons/thumb/9/93/Endorphin-G.png/800px-Endorphin-G.png?20141022095017', 'https://upload.wikimedia.org/wikipedia/commons/thumb/4/42/Beta_Endorphin-_Gene_to_Product_Formation_Diagram.jpg/800px-Beta_Endorphin-_Gene_to_Product_Formation_Diagram.jpg?20170615203712']",Alpha endorphin stick molecular model.png,a neurochemical occurring naturally in the brain and having analgesic properties,prompthero_openjourney,black-forest-labs_FLUX.1-dev,2
36475420,732,predict_hypernym,skin.n.01,skin,"['body_covering.n.01', 'connective_tissue.n.01']","['epicranium.n.01', 'exoskeleton.n.01', 'exuviae.n.01', 'feather.n.01', 'hair.n.01', 'headful.n.02', 'hide.n.02', 'protective_covering.n.02', 'areolar_tissue.n.01', 'bone.n.01', 'elastic_tissue.n.01', 'endoneurium.n.01', 'fascia.n.01', 'granulation.n.01', 'ligament.n.01', 'marrow.n.01', 'perimysium.n.01', 'perineurium.n.01', 'scar_tissue.n.01', 'skin.n.01', 'submucosa.n.01', 'tendon.n.01']","['https://upload.wikimedia.org/wikipedia/commons/thumb/b/b5/Komodo_dragon_skin.jpg/800px-Komodo_dragon_skin.jpg?20050518191042', 'https://upload.wikimedia.org/wikipedia/commons/thumb/d/df/Elephant_skin_%283689577529%29.jpg/800px-Elephant_skin_%283689577529%29.jpg?20130129091956', 'https://upload.wikimedia.org/wikipedia/commons/1/13/Human_skin_structure.jpg?20060331161843', 'https://upload.wikimedia.org/wikipedia/commons/thumb/2/27/Skin.png/583px-Skin.png?20121216053705', 'https://upload.wikimedia.org/wikipedia/commons/thumb/a/ac/Elephant_Skin.jpg/800px-Elephant_Skin.jpg?20071213012713']",Komodo dragon skin.jpg,a natural protective body covering and site of the sense of touch,runwayml_stable-diffusion-v1-5,black-forest-labs_FLUX.1-dev,1
10499857,739,predict_hypernym,queen.n.03,queen,['female_aristocrat.n.01'],"['czarina.n.01', 'lady.n.03', 'queen.n.02']","['https://upload.wikimedia.org/wikipedia/commons/thumb/e/ec/Queen_A_Night_At_The_Opera_%281975_Elektra_publicity_photo_02%29.jpg/800px-Queen_A_Night_At_The_Opera_%281975_Elektra_publicity_photo_02%29.jpg?20230827215243', 'https://upload.wikimedia.org/wikipedia/commons/thumb/3/33/Queen_%E2%80%93_montagem_%E2%80%93_new.png/600px-Queen_%E2%80%93_montagem_%E2%80%93_new.png?20160610215330', 'https://upload.wikimedia.org/wikipedia/commons/thumb/4/4e/Queen_-_montagem.png/600px-Queen_-_montagem.png?20150101020732', 'https://upload.wikimedia.org/wikipedia/commons/thumb/4/4e/RMS_Queen_Mary_Long_Beach_January_2011_view.jpg/800px-RMS_Queen_Mary_Long_Beach_January_2011_view.jpg?20110128060038', 'https://upload.wikimedia.org/wikipedia/commons/thumb/c/cc/Queen_Concert_Oakland_2.jpg/800px-Queen_Concert_Oakland_2.jpg?20151218001609']",Queen A Night At The Opera (1975 Elektra publicity photo 02).jpg,the wife or widow of a king,stabilityai_stable-diffusion-xl-base-1.0,black-forest-labs_FLUX.1-dev,3
12538008,742,predict_hypernym,mariner.n.01,mariner,['sailor.n.01'],"['hand.n.10', 'lascar.n.01', 'water_dog.n.01', 'yachtsman.n.01']","['https://upload.wikimedia.org/wikipedia/commons/0/06/Kristina_Regina_wheelhouse.jpg?20061202171235', 'https://upload.wikimedia.org/wikipedia/commons/thumb/2/22/A_sailor_who_checks_the_weather_before_sailing.jpg/800px-A_sailor_who_checks_the_weather_before_sailing.jpg?20211220111035', 'https://upload.wikimedia.org/wikipedia/commons/thumb/9/90/Mariner_2.jpg/747px-Mariner_2.jpg?20150315090031', 'https://upload.wikimedia.org/wikipedia/commons/thumb/4/45/Mariner_10_instruments.jpg/799px-Mariner_10_instruments.jpg?20240221205120']",Kristina Regina wheelhouse.jpg,a man who serves as a sailor,stabilityai_stable-diffusion-xl-base-1.0,black-forest-labs_FLUX.1-dev,3
3460674,745,simple_triplet_2parent,griseofulvin.n.01,griseofulvin,"['antifungal.n.01', 'penicillin.n.01']","['bordeaux_mixture.n.01', 'gentian_violet.n.01', 'iodochlorhydroxyquin.n.01', 'itraconazole.n.01', 'miconazole.n.01', 'nystatin.n.01', 'terbinafine.n.01', 'thiabendazole.n.01', 'amoxicillin.n.01', 'ampicillin.n.01', 'griseofulvin.n.01', 'methicillin.n.01', 'penicillin_f.n.01', 'penicillin_g.n.01', 'penicillin_o.n.01', 'penicillin_v.n.01', 'penicillinase-resistant_antibiotic.n.01', 'piperacillin.n.01']","['https://upload.wikimedia.org/wikipedia/commons/thumb/4/46/Griseofulvin.svg/512px-Griseofulvin.svg.png?20160824072439', 'https://upload.wikimedia.org/wikipedia/commons/thumb/f/f6/Griseofulvin_structure.svg/354px-Griseofulvin_structure.svg.png?20221129083056', 'https://upload.wikimedia.org/wikipedia/commons/thumb/4/4c/Griseofulvin_figure.gif/800px-Griseofulvin_figure.gif?20140603010801', 'https://upload.wikimedia.org/wikipedia/commons/thumb/0/0f/Griseofulvin_synthesis.svg/512px-Griseofulvin_synthesis.svg.png?20151024095312', 'https://upload.wikimedia.org/wikipedia/commons/thumb/1/10/Griseofulvin_Structural_Formulae_V.1.svg/569px-Griseofulvin_Structural_Formulae_V.1.svg.png?20110116133840']",Griseofulvin.svg,a kind of penicillin (a fungicidal antibiotic with the trade name Fulvicin) produced by molds of the genus Penicillium,runwayml_stable-diffusion-v1-5,black-forest-labs_FLUX.1-dev,3
17250421,746,predict_hypernym,evil_spirit.n.01,evil_spirit,['spirit.n.04'],"['apparition.n.01', 'banshee.n.01', 'control.n.10', 'familiar.n.03', 'genie.n.01', 'kachina.n.02', 'numen.n.01', 'peri.n.02', 'presence.n.03', 'python.n.02', 'sylvan.n.01', 'thunderbird.n.01', 'zombi.n.01']","['https://upload.wikimedia.org/wikipedia/commons/thumb/b/b7/Schongauer_Anthony.jpg/452px-Schongauer_Anthony.jpg?20170313170559', 'https://upload.wikimedia.org/wikipedia/commons/thumb/a/a8/PazuzuDemonAssyria1stMil_2.jpg/380px-PazuzuDemonAssyria1stMil_2.jpg?20070609074855', 'https://upload.wikimedia.org/wikipedia/commons/thumb/f/ff/The_Demon_Alleborith.jpg/576px-The_Demon_Alleborith.jpg?20200419190302', 'https://upload.wikimedia.org/wikipedia/commons/thumb/e/ea/The_Demon_Gartiraf.jpg/450px-The_Demon_Gartiraf.jpg?20210517003713', 'https://upload.wikimedia.org/wikipedia/commons/thumb/5/58/Man_with_photoshopped_eyes_to_achieve_movie-like_demon_look.jpg/360px-Man_with_photoshopped_eyes_to_achieve_movie-like_demon_look.jpg?20231030201535']",Schongauer Anthony.jpg,a spirit tending to cause harm,black-forest-labs_FLUX.1-dev,retrieval,2
46883635,752,predict_hypernym,caryophylloid_dicot_family.n.01,caryophylloid_dicot_family,['dicot_family.n.01'],"['aceraceae.n.01', 'amygdalaceae.n.01', 'anacardiaceae.n.01', 'apocynaceae.n.01', 'aquifoliaceae.n.01', 'aristolochiaceae.n.01', 'asclepiadaceae.n.01', 'asterid_dicot_family.n.01', 'buxaceae.n.01', 'cannabidaceae.n.01', 'casuarinaceae.n.01', 'cecropiaceae.n.01', 'celastraceae.n.01', 'chloranthaceae.n.01', 'combretaceae.n.01', 'convolvulaceae.n.01', 'cucurbitaceae.n.01', 'dilleniid_dicot_family.n.01', 'droseraceae.n.01', 'ebenaceae.n.01', 'elaeagnaceae.n.01', 'empetraceae.n.01', 'gentianaceae.n.01', 'goodeniaceae.n.01', 'haloragidaceae.n.01', 'hamamelid_dicot_family.n.01', 'hippocastanaceae.n.01', 'hydnoraceae.n.01', 'juglandaceae.n.01', 'lecythidaceae.n.01', 'leitneriaceae.n.01', 'linaceae.n.01', 'lobeliaceae.n.01', 'loganiaceae.n.01', 'lythraceae.n.01', 'magnoliid_dicot_family.n.01', 'menyanthaceae.n.01', 'moraceae.n.01', 'myricaceae.n.01', 'myrsinaceae.n.01', 'myrtaceae.n.01', 'nepenthaceae.n.01', 'nyssaceae.n.01', 'oleaceae.n.01', 'orobanchaceae.n.01', 'piperaceae.n.01', 'plantaginaceae.n.01', 'plumbaginaceae.n.01', 'polygonaceae.n.01', 'primulaceae.n.01', 'proteaceae.n.01', 'punicaceae.n.01', 'rafflesiaceae.n.01', 'rhamnaceae.n.01', 'rhizophoraceae.n.01', 'roridulaceae.n.01', 'rosid_dicot_family.n.01', 'salvadoraceae.n.01', 'sapindaceae.n.01', 'sapotaceae.n.01', 'sarraceniaceae.n.01', 'saururaceae.n.01', 'staphylaceae.n.01', 'styracaceae.n.01', 'symplocaceae.n.01', 'theophrastaceae.n.01', 'thymelaeaceae.n.01', 'trapaceae.n.01', 'ulmaceae.n.01', 'urticaceae.n.01', 'vitaceae.n.01']",[],,family of relatively early dicotyledonous plants including mostly flowers,black-forest-labs_FLUX.1-dev,stabilityai_stable-diffusion-3-medium-diffusers,2
5610008,762,predict_hypernym,rima.n.01,rima,['orifice.n.01'],"['anus.n.01', 'aortic_orifice.n.01', 'blastopore.n.01', 'cardia.n.01', 'cervix.n.02', 'fenestra.n.01', 'fontanelle.n.01', 'introitus.n.01', 'mouth.n.02', 'naris.n.01', 'os.n.01', 'porta_hepatis.n.01', 'pylorus.n.01', 'spiracle.n.01', 'stoma.n.02', 'urethral_orifice.n.01', 'vent.n.02']","['https://upload.wikimedia.org/wikipedia/commons/thumb/c/cf/Rima_Kallingal.jpg/400px-Rima_Kallingal.jpg?20170101083710', 'https://upload.wikimedia.org/wikipedia/commons/6/6b/Rima_Ariadaeus_as10-30-4450.jpg?20160304102925', 'https://upload.wikimedia.org/wikipedia/commons/2/21/AS16-120-19295.jpg?20070329143651', 'https://upload.wikimedia.org/wikipedia/commons/thumb/d/d2/Rima_Ariadaeus_-_A_Linear_Rille_%28LROC279%29.tiff/lossy-page1-58px-Rima_Ariadaeus_-_A_Linear_Rille_%28LROC279%29.tiff.jpg?20240301214940', 'https://upload.wikimedia.org/wikipedia/commons/thumb/d/d9/Rima_Hassan.jpg/633px-Rima_Hassan.jpg?20240201154547']",Rima Kallingal.jpg,a narrow elongated opening or fissure between two symmetrical parts,retrieval,black-forest-labs_FLUX.1-dev,2
51037710,768,predict_hypernym,house.n.12,house,['building.n.01'],"['abattoir.n.01', 'apartment_building.n.01', 'architecture.n.01', 'aviary.n.01', 'bathhouse.n.01', 'bowling_alley.n.01', 'center.n.03', 'chapterhouse.n.01', 'clubhouse.n.01', 'dormitory.n.01', 'farm_building.n.01', 'feedlot.n.01', 'firetrap.n.01', 'gambling_house.n.01', 'gazebo.n.01', 'government_building.n.01', 'greenhouse.n.01', 'hall.n.12', 'hall.n.13', 'hall_of_fame.n.01', 'hotel-casino.n.02', 'hotel.n.01', 'house.n.01', 'library.n.05', 'medical_building.n.01', 'ministry.n.02', 'morgue.n.01', 'observatory.n.01', 'office_building.n.01', 'opium_den.n.01', 'outbuilding.n.01', 'packinghouse.n.01', 'place_of_worship.n.01', 'planetarium.n.01', 'presbytery.n.01', 'rest_house.n.01', 'restaurant.n.01', 'rink.n.01', 'roman_building.n.01', 'rotunda.n.01', 'ruin.n.02', 'school.n.02', 'shooting_gallery.n.01', 'signal_box.n.01', 'skyscraper.n.01', 'student_union.n.01', 'tavern.n.01', 'telecom_hotel.n.01', 'temple.n.03', 'theater.n.01', 'whorehouse.n.01']","['https://upload.wikimedia.org/wikipedia/commons/thumb/6/61/Ljungris_July_2013.jpg/800px-Ljungris_July_2013.jpg?20130804092557', 'https://upload.wikimedia.org/wikipedia/commons/thumb/8/80/MaisonCausapscal.JPG/800px-MaisonCausapscal.JPG?20070202170254', 'https://upload.wikimedia.org/wikipedia/commons/thumb/c/c9/Ranch_style_home_in_Salinas%2C_California.JPG/800px-Ranch_style_home_in_Salinas%2C_California.JPG?20071114193209', 'https://upload.wikimedia.org/wikipedia/commons/thumb/c/c8/Mentawai_Uma.jpg/800px-Mentawai_Uma.jpg?20070510124734', 'https://upload.wikimedia.org/wikipedia/commons/thumb/a/a1/Adam_Thoroughgood_House_-_South_LR.jpg/800px-Adam_Thoroughgood_House_-_South_LR.jpg?20170914141015']",Ljungris July 2013.jpg,a building in which something is sheltered or located,black-forest-labs_FLUX.1-dev,DeepFloyd_IF-I-XL-v1.0,1
53157997,770,predict_hypernym,accommodation.n.04,accommodation,['living_quarters.n.01'],"['diggings.n.02', 'dormitory.n.01', 'forecastle.n.01', 'harem.n.01', 'military_quarters.n.01']","['https://upload.wikimedia.org/wikipedia/commons/c/c2/Accommodation_myopie.png?20120830064012', 'https://upload.wikimedia.org/wikipedia/commons/1/1c/Accommodation_hyperm%C3%A9tropie.png?20120830064012', 'https://upload.wikimedia.org/wikipedia/commons/thumb/c/c6/Accommodation_%28PSF%29_PT.png/631px-Accommodation_%28PSF%29_PT.png?20160205065041', 'https://upload.wikimedia.org/wikipedia/commons/thumb/a/a1/Accommodation-far-point-near-point.svg/789px-Accommodation-far-point-near-point.svg.png?20191023114633', 'https://upload.wikimedia.org/wikipedia/commons/4/45/Accommodation.png?20120830064012']",Accommodation myopie.png,living quarters provided for public convenience,black-forest-labs_FLUX.1-dev,PixArt-alpha_PixArt-Sigma-XL-2-512-MS,3
