Unnamed: 0,subset,wordnet_id,core_synset,core_lemma,hypernym_synsets,cohyponym_synsets,wikimedia_images,image_filename,definition,model_a,model_b
780,leafs_and_no_leafs,3386544,foucault_pendulum.n.01,Foucault_pendulum,['pendulum.n.01'],"['metronome.n.01', 'physical_pendulum.n.01', 'simple_pendulum.n.01']","['https://upload.wikimedia.org/wikipedia/commons/a/a1/Foucault_pendulum_animated.gif?20060812095613', 'https://upload.wikimedia.org/wikipedia/commons/thumb/2/24/Saint_Isaac%27s_Cathedral_-_Foucault_pendulum_in_1984.jpg/800px-Saint_Isaac%27s_Cathedral_-_Foucault_pendulum_in_1984.jpg?20180928135338', 'https://upload.wikimedia.org/wikipedia/commons/1/1f/Foucault_pendulum_at_north_pole_animated.gif?20230426203025', 'https://upload.wikimedia.org/wikipedia/commons/thumb/4/4c/Foucault_pendulum_utexas_top.jpg/800px-Foucault_pendulum_utexas_top.jpg?20220928171255', 'https://upload.wikimedia.org/wikipedia/commons/thumb/a/ae/Pendule_de_Foucault.jpg/800px-Pendule_de_Foucault.jpg?20080323074311']",Foucault pendulum animated.gif,pendulum with a long wire; can swing in any direction; the change in the swing plane demonstrates the earth's rotation,stabilityai_stable-diffusion-3-medium-diffusers,black-forest-labs_FLUX.1-dev
785,predict_hypernym,49959597,oldster.n.01,oldster,['adult.n.01'],"['brachycephalic.n.01', 'caregiver.n.02', 'catch.n.03', 'centrist.n.01', 'character.n.05', 'conservative.n.01', 'dolichocephalic.n.01', 'elder.n.01', 'ex-spouse.n.01', 'host.n.01', 'important_person.n.01', 'jack_of_all_trades.n.01', 'liberal.n.01', 'liberal.n.02', 'man.n.01', 'militarist.n.01', 'pacifist.n.01', 'patrician.n.01', 'pledgee.n.01', 'pledger.n.01', 'professional.n.01', 'sobersides.n.01', 'sophisticate.n.01', 'stay-at-home.n.01', 'stoic.n.02', 'thoroughbred.n.01', 'woman.n.01']","['https://upload.wikimedia.org/wikipedia/commons/thumb/b/b4/%D0%A1%D1%82%D0%B0%D1%80%D0%B8%D0%BA_%28oldster%29_%2850904206177%29.jpg/800px-%D0%A1%D1%82%D0%B0%D1%80%D0%B8%D0%BA_%28oldster%29_%2850904206177%29.jpg?20221219225519', 'https://upload.wikimedia.org/wikipedia/commons/thumb/2/21/Three_Oldster_Men_%28262321769%29.jpeg/714px-Three_Oldster_Men_%28262321769%29.jpeg?20180801200247', 'https://upload.wikimedia.org/wikipedia/commons/thumb/b/b1/Oldster.jpg/444px-Oldster.jpg?20191220211819', 'https://upload.wikimedia.org/wikipedia/commons/thumb/b/b0/Seven_oldsters_%2830195256774%29.jpg/800px-Seven_oldsters_%2830195256774%29.jpg?20180221190206', 'https://upload.wikimedia.org/wikipedia/commons/thumb/8/8f/Seven_oldsters_2017_%2835222362426%29.jpg/800px-Seven_oldsters_2017_%2835222362426%29.jpg?20180221190235']",Старик (oldster) (50904206177).jpg,an elderly person,black-forest-labs_FLUX.1-dev,playgroundai_playground-v2.5-1024px-aesthetic
786,predict_hypernym,16111057,draw.v.06,draw,['represent.v.09'],"['animalize.v.01', 'capture.v.01', 'graph.v.01', 'map.v.01', 'model.v.06', 'paint.v.03', 'picture.v.02', 'portray.v.02', 'portray.v.04', 'profile.v.02', 'sensualize.v.01', 'silhouette.v.02', 'stylize.v.01']","['https://upload.wikimedia.org/wikipedia/commons/thumb/5/55/Carlsen_Giri_draw_in_Tata_Steel_Chess_2020.jpg/800px-Carlsen_Giri_draw_in_Tata_Steel_Chess_2020.jpg?20200113102948', 'https://upload.wikimedia.org/wikipedia/commons/thumb/6/6f/Chess_Draw_-_Flickr_-_aspidoscelis.jpg/800px-Chess_Draw_-_Flickr_-_aspidoscelis.jpg?20201010160854', 'https://upload.wikimedia.org/wikipedia/commons/thumb/8/8a/Near_Chess_Draw_-_Flickr_-_aspidoscelis.jpg/800px-Near_Chess_Draw_-_Flickr_-_aspidoscelis.jpg?20201010160845', 'https://upload.wikimedia.org/wikipedia/commons/4/40/Chess_Pieces_00.png?20210110200743', 'https://upload.wikimedia.org/wikipedia/commons/thumb/9/9f/Chess_Pieces_07.png/687px-Chess_Pieces_07.png?20210115150308']",Carlsen Giri draw in Tata Steel Chess 2020.jpg,"represent by making a drawing of, as with a pencil, chalk, etc. on a surface",black-forest-labs_FLUX.1-dev,prompthero_openjourney
787,simple_triplet_2parent,3471347,gusset.n.02,gusset,"['brace.n.09', 'plate.n.02']","['crosspiece.n.02', 'guy.n.03', 'stay.n.05', 'stringer.n.03', 'strut.n.02', 'tie.n.08', 'baffle.n.01', 'cylinder_head.n.01', 'damper.n.01', 'disk.n.02', 'engraving.n.02', 'escutcheon.n.02', 'fin_keel.n.01', 'fishplate.n.01', 'grid.n.03', 'gusset.n.02', 'l-plate.n.01', 'lamella.n.03', 'license_plate.n.01', 'nameplate.n.01', 'plate_iron.n.01', 'platen.n.02', 'pleximeter.n.01', 'tap.n.04']","['https://upload.wikimedia.org/wikipedia/commons/1/19/Fig._36._Strengthening_slits_with_gusset.jpg?20091108050710', 'https://upload.wikimedia.org/wikipedia/commons/thumb/4/4e/Late_1980s_thong_leotard_gusset_detail_soft_shadow.jpg/800px-Late_1980s_thong_leotard_gusset_detail_soft_shadow.jpg?20141104010058', 'https://upload.wikimedia.org/wikipedia/commons/thumb/0/0d/Kunert_Raffinesse_Net_tights_in_the_colour_powder_-_gusset_detail.jpg/480px-Kunert_Raffinesse_Net_tights_in_the_colour_powder_-_gusset_detail.jpg?20210124205340', 'https://upload.wikimedia.org/wikipedia/commons/thumb/0/06/Gusset_demo.svg/545px-Gusset_demo.svg.png?20191222075409', 'https://upload.wikimedia.org/wikipedia/commons/9/9c/3-piantagione_Taccuino_Sanitatis_Casanatense_4182_shirt..jpg?20070804182638']",Fig. 36. Strengthening slits with gusset.jpg,a metal plate used to strengthen a joist,black-forest-labs_FLUX.1-dev,Tencent-Hunyuan_HunyuanDiT-v1.2-Diffusers
802,predict_hypernym,14647235,nitrogen.n.01,nitrogen,"['chemical_element.n.01', 'gas.n.02']","['actinium.n.01', 'allotrope.n.01', 'argon.n.01', 'arsenic.n.02', 'astatine.n.01', 'bohrium.n.01', 'boron.n.01', 'bromine.n.01', 'carbon.n.01', 'chlorine.n.01', 'darmstadtium.n.01', 'dubnium.n.01', 'fluorine.n.01', 'germanium.n.01', 'hassium.n.01', 'helium.n.01', 'hydrogen.n.01', 'iodine.n.01', 'krypton.n.01', 'lawrencium.n.01', 'meitnerium.n.01', 'mendelevium.n.01', 'metallic_element.n.01', 'neon.n.01', 'nobelium.n.01', 'noble_gas.n.01', 'nonmetal.n.01', 'oxygen.n.01', 'phosphorus.n.01', 'plutonium.n.01', 'radon.n.01', 'roentgenium.n.01', 'rutherfordium.n.01', 'seaborgium.n.01', 'selenium.n.01', 'silicon.n.01', 'sulfur.n.01', 'tellurium.n.01', 'trace_element.n.01', 'transactinide.n.01', 'transuranic_element.n.01', 'ununbium.n.01', 'ununhexium.n.01', 'ununpentium.n.01', 'ununquadium.n.01', 'ununtrium.n.01', 'xenon.n.01', 'afterdamp.n.01', 'air.n.01', 'arsine.n.01', 'atmosphere.n.05', 'blow_gas.n.01', 'butane.n.01', 'butylene.n.01', 'chlorine.n.01', 'compressed_gas.n.01', 'cyanogen.n.01', 'ethylene.n.01', 'exhaust.n.01', 'firedamp.n.01', 'fluorine.n.01', 'formaldehyde.n.01', 'greenhouse_gas.n.01', 'hydrogen.n.01', 'ideal_gas.n.01', 'inhalant.n.01', 'liquefied_petroleum_gas.n.01', 'mephitis.n.01', 'methane.n.01', 'nitric_oxide.n.01', 'nitrogen.n.01', 'nitrogen_dioxide.n.01', 'noble_gas.n.01', 'oxygen.n.01', 'ozone.n.01', 'phosgene.n.01', 'phosphine.n.01', 'poison_gas.n.01', 'producer_gas.n.01', 'propane.n.01', 'propylene.n.01', 'sewer_gas.n.01', 'sublimate.n.01', 'sulfur_dioxide.n.01', 'tear_gas.n.01', 'water_gas.n.01']","['https://upload.wikimedia.org/wikipedia/commons/thumb/2/2d/Nitrogen-glow.jpg/600px-Nitrogen-glow.jpg?20091021214025', 'https://upload.wikimedia.org/wikipedia/commons/thumb/f/f5/Fluessiger_Stickstoff.jpg/400px-Fluessiger_Stickstoff.jpg?20110823155824', 'https://upload.wikimedia.org/wikipedia/commons/thumb/b/ba/Liquid_nitrogen_dsc04496.jpg/799px-Liquid_nitrogen_dsc04496.jpg?20051016184337', 'https://upload.wikimedia.org/wikipedia/commons/thumb/6/62/LN22.jpg/571px-LN22.jpg?20110615052015', 'https://upload.wikimedia.org/wikipedia/commons/b/b2/N%2C7.jpg?20050123190430']",Nitrogen-glow.jpg,a common nonmetallic element that is normally a colorless odorless tasteless inert diatomic gas; constitutes 78 percent of the atmosphere by volume; a constituent of all living tissues,black-forest-labs_FLUX.1-dev,retrieval
814,leafs_and_no_leafs,15069046,tetrahalide.n.01,tetrahalide,['halide.n.01'],"['bromide.n.01', 'chloride.n.02', 'fluoride.n.01', 'iodide.n.01']",[],,any halide containing four halogen atoms in its molecules,black-forest-labs_FLUX.1-dev,stabilityai_sdxl-turbo
816,predict_hypernym,6254007,broadcast.n.01,broadcast,['message.n.01'],"['cipher.n.01', 'dedication.n.04', 'heliogram.n.01', 'mail.n.01', 'packet.n.02', 'phone_message.n.01', 'radiogram.n.01', 'telegram.n.01']","['https://upload.wikimedia.org/wikipedia/commons/thumb/f/f4/Broadcasting1.JPG/800px-Broadcasting1.JPG?20160323013113', 'https://upload.wikimedia.org/wikipedia/commons/thumb/a/aa/Heinrich-Hertz-Turm.jpg/450px-Heinrich-Hertz-Turm.jpg?20050210161243', 'https://upload.wikimedia.org/wikipedia/commons/7/70/%ED%95%9C%EA%B5%AD%EC%84%A0%EA%B1%B0%EB%B0%A9%EC%86%A1ci.jpg?20200910042613', 'https://upload.wikimedia.org/wikipedia/commons/thumb/3/3f/Analog-TV-Systems.jpg/800px-Analog-TV-Systems.jpg?20230321011320', 'https://upload.wikimedia.org/wikipedia/commons/thumb/b/bb/Mannschaftsgebaeude_und_Mast_17_auf_dem_Funkerberg.jpg/371px-Mannschaftsgebaeude_und_Mast_17_auf_dem_Funkerberg.jpg?20210927154107']",Broadcasting1.JPG,message that is transmitted by radio or television,black-forest-labs_FLUX.1-dev,DeepFloyd_IF-I-XL-v1.0
820,predict_hypernym,3975232,pointer.n.02,pointer,['indicator.n.03'],"['annunciator.n.01', 'cursor.n.01', 'dial.n.03', 'fuel_gauge.n.01', 'gnomon.n.01', 'level.n.05', 'pilot_light.n.02', 'scale.n.08', 'test_paper.n.02', 'tidemark.n.01']","['https://upload.wikimedia.org/wikipedia/commons/thumb/5/53/English-pointer-164115.jpg/800px-English-pointer-164115.jpg?20201125231751', 'https://upload.wikimedia.org/wikipedia/commons/8/87/English_Pointer_with_red_collar.jpg?20131230084723', 'https://upload.wikimedia.org/wikipedia/commons/thumb/a/aa/EnglishPointer-redwhite.jpg/800px-EnglishPointer-redwhite.jpg?20210731193325', 'https://upload.wikimedia.org/wikipedia/commons/thumb/f/fa/Willow_the_11_week_old_Pointer.jpg/550px-Willow_the_11_week_old_Pointer.jpg?20231208220220', 'https://upload.wikimedia.org/wikipedia/commons/thumb/a/a3/English_Pointer_in_Riga_1.JPG/776px-English_Pointer_in_Riga_1.JPG?20131125170023']",English-pointer-164115.jpg,an indicator as on a dial,black-forest-labs_FLUX.1-dev,stabilityai_stable-diffusion-3-medium-diffusers
821,predict_hypernym,43060946,handicraft.n.02,handicraft,"['arts_and_crafts.n.01', 'trade.n.02']","['airplane_mechanics.n.01', 'auto_mechanics.n.01', 'basketry.n.01', 'carpentry.n.01', 'drafting.n.02', 'dressmaking.n.01', 'electrical_work.n.01', 'handicraft.n.02', 'interior_decoration.n.02', 'lumbering.n.01', 'masonry.n.03', 'mintage.n.03', 'oculism.n.01', 'painting.n.04', 'papermaking.n.01', 'piloting.n.02', 'plumbing.n.02', 'pottery.n.02', 'pyrotechnics.n.02', 'roofing.n.02', 'sheet-metal_work.n.01', 'shingling.n.02', 'shoemaking.n.01', 'tailoring.n.01', 'tanning.n.03', 'tool-and-die_work.n.01', 'typography.n.01', 'undertaking.n.02', 'upholstery.n.02', 'winemaking.n.01']","['https://upload.wikimedia.org/wikipedia/commons/thumb/a/a8/Iranian_handicraft.jpg/411px-Iranian_handicraft.jpg?20110813192148', 'https://upload.wikimedia.org/wikipedia/commons/thumb/d/df/Eventail_chinois_asym%C3%A9trique_Alcazar_Seville_Spain.jpg/800px-Eventail_chinois_asym%C3%A9trique_Alcazar_Seville_Spain.jpg?20121014005541', 'https://upload.wikimedia.org/wikipedia/commons/thumb/1/13/Handicraft_sector_in_india-Smitam.jpg/726px-Handicraft_sector_in_india-Smitam.jpg?20221214065611', 'https://upload.wikimedia.org/wikipedia/commons/thumb/6/65/Handicraft_009.jpg/400px-Handicraft_009.jpg?20200121135340', 'https://upload.wikimedia.org/wikipedia/commons/thumb/7/7f/Women_and_handmade_baskets.jpg/665px-Women_and_handmade_baskets.jpg?20240331174921']",Iranian handicraft.jpg,a craft that requires skillful hands,black-forest-labs_FLUX.1-dev,stabilityai_sdxl-turbo
824,predict_hypernym,60083345,plain.n.01,plain,['land.n.04'],"['archipelago.n.01', 'beachfront.n.01', 'cape.n.01', 'coastal_plain.n.01', 'floor.n.04', 'foreland.n.02', 'forest.n.02', 'island.n.01', 'isthmus.n.01', 'landmass.n.01', 'mainland.n.01', 'neck.n.02', 'oxbow.n.01', 'peninsula.n.01', 'slash.n.02', 'wonderland.n.01']","['https://upload.wikimedia.org/wikipedia/commons/thumb/a/a3/Nsomersetlevels.JPG/800px-Nsomersetlevels.JPG?20080323131137', 'https://upload.wikimedia.org/wikipedia/commons/thumb/c/c0/%D0%A0%D0%9B%D0%9F_%C2%AB%D0%A1%D0%B5%D0%B9%D0%BC%D1%81%D1%8C%D0%BA%D0%B8%D0%B9%C2%BB_img1.jpg/800px-%D0%A0%D0%9B%D0%9F_%C2%AB%D0%A1%D0%B5%D0%B9%D0%BC%D1%81%D1%8C%D0%BA%D0%B8%D0%B9%C2%BB_img1.jpg?20160717200112', 'https://upload.wikimedia.org/wikipedia/commons/thumb/6/6a/20171115_Plain_of_Jars_-_archaeological_site_number_3_-_Laos_-_2783_DxO.jpg/800px-20171115_Plain_of_Jars_-_archaeological_site_number_3_-_Laos_-_2783_DxO.jpg?20181108175833', 'https://upload.wikimedia.org/wikipedia/commons/thumb/1/18/Plain_land_and_Sky.jpg/800px-Plain_land_and_Sky.jpg?20200521071219', 'https://upload.wikimedia.org/wikipedia/commons/thumb/6/61/Mount_Ararat_and_the_Araratian_plain_%28cropped%29.jpg/799px-Mount_Ararat_and_the_Araratian_plain_%28cropped%29.jpg?20181103075841']",Nsomersetlevels.JPG,extensive tract of level open land,PixArt-alpha_PixArt-Sigma-XL-2-512-MS,black-forest-labs_FLUX.1-dev
826,simple_triplet_2parent,11487298,neutron_radiation.n.01,neutron_radiation,"['ionizing_radiation.n.01', 'corpuscular_radiation.n.01']","['alpha_radiation.n.01', 'beta_radiation.n.01', 'alpha_radiation.n.01', 'beta_radiation.n.01', 'cosmic_ray.n.01', 'neutron_radiation.n.01', 'x_ray.n.01']","['https://upload.wikimedia.org/wikipedia/commons/thumb/5/5e/UW_Therapy_room.jpg/800px-UW_Therapy_room.jpg?20080505201301', 'https://upload.wikimedia.org/wikipedia/commons/thumb/5/52/Alfa_beta_gamma_neutron_radiation_M1.PNG/348px-Alfa_beta_gamma_neutron_radiation_M1.PNG?20080425105617', 'https://upload.wikimedia.org/wikipedia/commons/thumb/2/28/Comparison_vagan_and_meat-eater_in_neutron_radiation.png/800px-Comparison_vagan_and_meat-eater_in_neutron_radiation.png?20190819002910', 'https://upload.wikimedia.org/wikipedia/commons/thumb/7/7c/Alfa_beta_gamma_neutron_radiation.svg/359px-Alfa_beta_gamma_neutron_radiation.svg.png?20120519193330', 'https://upload.wikimedia.org/wikipedia/commons/thumb/d/d3/Comparison_vagan_and_meat-eater_in_neutron_radiation_in_literary_Chinese.png/800px-Comparison_vagan_and_meat-eater_in_neutron_radiation_in_literary_Chinese.png?20190819003449']",UW Therapy room.jpg,radiation of neutrons (as by a neutron bomb),black-forest-labs_FLUX.1-dev,PixArt-alpha_PixArt-Sigma-XL-2-512-MS
828,predict_hypernym,5328115,oil_gland.n.01,oil_gland,['exocrine_gland.n.01'],"['cervical_glands.n.01', ""cowper's_gland.n.01"", 'digestive_gland.n.01', 'lacrimal_gland.n.01', 'mammary_gland.n.01', 'nabothian_gland.n.01', 'pancreas.n.01', 'salivary_gland.n.01', 'seminal_vesicle.n.01', 'sweat_gland.n.01', 'vestibular_gland.n.01']","['https://upload.wikimedia.org/wikipedia/commons/thumb/d/dd/Skin_Glandes_-_FR.svg/671px-Skin_Glandes_-_FR.svg.png?20230216194040', 'https://upload.wikimedia.org/wikipedia/commons/thumb/4/4a/407_Sebaceous_Glands.jpg/800px-407_Sebaceous_Glands.jpg?20131213094613', 'https://upload.wikimedia.org/wikipedia/commons/thumb/d/d4/407_Sebaceous_Glands_esp.jpg/800px-407_Sebaceous_Glands_esp.jpg?20190113173050', 'https://upload.wikimedia.org/wikipedia/commons/thumb/4/4d/Hair_follicle-en.svg/404px-Hair_follicle-en.svg.png?20220730115444', 'https://upload.wikimedia.org/wikipedia/commons/thumb/b/b0/Skin_Glandes_-_es.svg/671px-Skin_Glandes_-_es.svg.png?20230707162558']",Skin Glandes - FR.svg,a gland that secretes oil,black-forest-labs_FLUX.1-dev,DeepFloyd_IF-I-XL-v1.0
829,simple_triplet_2parent,3603442,jungle_gym.n.01,jungle_gym,"['plaything.n.01', 'structure.n.01']","['ball.n.06', 'balloon.n.02', 'cockhorse.n.01', 'doll.n.01', 'dollhouse.n.02', 'frisbee.n.01', 'hobby.n.02', 'hula-hoop.n.01', 'jack-in-the-box.n.01', 'jumping_jack.n.01', 'kaleidoscope.n.02', 'kite.n.03', 'lego.n.01', 'meccano.n.01', 'pea_shooter.n.01', 'pinata.n.01', 'pinwheel.n.03', 'playhouse.n.01', 'pogo_stick.n.01', 'popgun.n.01', 'rattle.n.02', 'sandbox.n.02', 'seesaw.n.01', 'slide.n.04', 'slingshot.n.01', 'stick_horse.n.01', 'swing.n.02', 'teddy.n.01', 'top.n.08', 'train_set.n.01', 'water_pistol.n.01', 'yo-yo.n.01', 'airdock.n.01', 'altar.n.02', 'arcade.n.02', 'arch.n.04', 'area.n.05', 'balance.n.04', 'balcony.n.01', 'balcony.n.02', 'bascule.n.01', 'boarding.n.02', 'body.n.11', 'bridge.n.01', 'building.n.01', 'building_complex.n.01', 'catchment.n.01', 'coil.n.01', 'colonnade.n.01', 'column.n.06', 'corner.n.11', 'cross.n.01', 'deathtrap.n.01', 'defensive_structure.n.01', 'door.n.04', 'entablature.n.01', 'erection.n.02', 'establishment.n.04', 'false_bottom.n.01', 'floor.n.02', 'fountain.n.01', 'guide.n.06', 'honeycomb.n.01', 'house_of_cards.n.02', 'housing.n.01', 'hull.n.06', 'jungle_gym.n.01', 'lamination.n.01', 'landing.n.02', 'lookout.n.03', 'masonry.n.01', 'memorial.n.03', 'mound.n.04', 'obstruction.n.01', 'partition.n.01', 'platform.n.04', 'porch.n.01', 'post_and_lintel.n.01', 'prefab.n.01', 'projection.n.04', 'public_works.n.01', 'sail.n.03', 'set-back.n.01', 'shelter.n.01', 'shoebox.n.01', 'signboard.n.01', 'stadium.n.01', 'superstructure.n.01', 'supporting_structure.n.01', 'tower.n.01', 'transept.n.01', 'trestlework.n.01', 'vaulting.n.01', 'ways.n.01', 'wellhead.n.02', 'wind_tunnel.n.01']","['https://upload.wikimedia.org/wikipedia/commons/thumb/d/db/De_blauwe_olifant_Diemen_%28Q95919397%29_-_3.jpg/800px-De_blauwe_olifant_Diemen_%28Q95919397%29_-_3.jpg?20200530215348', 'https://upload.wikimedia.org/wikipedia/commons/thumb/b/bd/Playground_in_Arnulfpark_02.jpg/800px-Playground_in_Arnulfpark_02.jpg?20221102203424', 'https://upload.wikimedia.org/wikipedia/commons/thumb/5/5a/Westfalenpark-100818-17510-Robinson.jpg/401px-Westfalenpark-100818-17510-Robinson.jpg?20100821075828', 'https://upload.wikimedia.org/wikipedia/commons/thumb/c/c0/Westfalenpark-100818-17509-Robinson.jpg/401px-Westfalenpark-100818-17509-Robinson.jpg?20100821075801', 'https://upload.wikimedia.org/wikipedia/commons/thumb/e/e9/Regine-Hildebrandt-Grundschule_%28Haus_A%2C_climbing_frame%29.png/800px-Regine-Hildebrandt-Grundschule_%28Haus_A%2C_climbing_frame%29.png?20230617131028']",De blauwe olifant Diemen (Q95919397) - 3.jpg,a structure of vertical and horizontal rods where children can climb and play,black-forest-labs_FLUX.1-dev,playgroundai_playground-v2.5-1024px-aesthetic
852,leafs_and_no_leafs,7834065,anchovy_dressing.n.01,anchovy_dressing,['dressing.n.01'],"['bleu_cheese_dressing.n.01', 'blue_cheese_dressing.n.01', 'french_dressing.n.01', 'half-and-half_dressing.n.01', 'italian_dressing.n.01', 'lorenzo_dressing.n.01', 'mayonnaise.n.01', 'russian_dressing.n.01', 'salad_cream.n.01', 'sauce_louis.n.01', 'thousand_island_dressing.n.01']","['https://upload.wikimedia.org/wikipedia/commons/thumb/8/82/Green_goddess_dressing.jpg/800px-Green_goddess_dressing.jpg?20090827134724', 'https://upload.wikimedia.org/wikipedia/commons/thumb/a/a4/Insalata_Tricolore_with_anchovy_dressing_%2826906857174%29.jpg/800px-Insalata_Tricolore_with_anchovy_dressing_%2826906857174%29.jpg?20210315221519', 'https://upload.wikimedia.org/wikipedia/commons/thumb/c/cc/Insalata_Tricolore_with_anchovy_dressing_%2826273808281%29.jpg/800px-Insalata_Tricolore_with_anchovy_dressing_%2826273808281%29.jpg?20210315221809', 'https://upload.wikimedia.org/wikipedia/commons/thumb/7/77/Haggen_logo_with_slogan.svg/116px-Haggen_logo_with_slogan.svg.png?20151206032940', 'https://upload.wikimedia.org/wikipedia/commons/thumb/7/76/Haggen_logo.svg/116px-Haggen_logo.svg.png?20151206032938']",Green goddess dressing.jpg,vinaigrette and mashed anchovies,retrieval,black-forest-labs_FLUX.1-dev
853,predict_hypernym,14158812,hypobetalipoproteinemia.n.01,hypobetalipoproteinemia,['hypolipoproteinemia.n.01'],[],['https://upload.wikimedia.org/wikipedia/commons/thumb/e/e4/Abetalipoproteinemia_-_high_mag.jpg/400px-Abetalipoproteinemia_-_high_mag.jpg?20110406204301'],Abetalipoproteinemia - high mag.jpg,a hereditary disorder characterized by low levels of beta-lipoproteins and lipids and cholesterol,black-forest-labs_FLUX.1-dev,DeepFloyd_IF-I-XL-v1.0
854,predict_hypernym,6479665,legal_document.n.01,legal_document,['document.n.01'],"['ballot.n.01', 'brevet.n.01', 'capitulation.n.01', 'certificate.n.01', 'charter.n.01', 'commercial_document.n.01', 'confession.n.02', 'copyright.n.01', 'enclosure.n.04', 'form.n.08', 'papyrus.n.03', 'patent.n.01', 'platform.n.02', 'report.n.01', 'resignation.n.03', 'resolution.n.01', 'source.n.02', 'specification.n.03', 'voucher.n.02']","['https://upload.wikimedia.org/wikipedia/commons/thumb/7/78/Reshenie_buchanskogo_gorsoveta_20102021.jpg/398px-Reshenie_buchanskogo_gorsoveta_20102021.jpg?20220207134644', 'https://upload.wikimedia.org/wikipedia/commons/thumb/b/b1/Document_USSR._img_13.jpg/800px-Document_USSR._img_13.jpg?20200505062236', 'https://upload.wikimedia.org/wikipedia/commons/thumb/a/a2/Document_USSR._img_14.jpg/417px-Document_USSR._img_14.jpg?20200509060740', 'https://upload.wikimedia.org/wikipedia/commons/thumb/a/a9/USSR._Document._img_002.jpg/800px-USSR._Document._img_002.jpg?20200430015032', 'https://upload.wikimedia.org/wikipedia/commons/thumb/3/3f/USSR._Document._img_008.jpg/800px-USSR._Document._img_008.jpg?20200430015041']",Reshenie buchanskogo gorsoveta 20102021.jpg,(law) a document that states some contractual relationship or grants some right,black-forest-labs_FLUX.1-dev,stabilityai_stable-diffusion-xl-base-1.0
858,predict_hypernym,91368797,mechanism.n.05,mechanism,['device.n.01'],"['acoustic_device.n.01', 'adapter.n.02', 'afterburner.n.01', 'agglomerator.n.01', 'airfoil.n.01', 'alarm.n.02', 'appliance.n.01', 'applicator.n.01', 'aspergill.n.01', 'autopilot.n.02', 'bait.n.02', 'billiard_marker.n.01', 'bird_feeder.n.01', 'blower.n.01', 'bootjack.n.01', 'breathalyzer.n.01', 'breathing_device.n.01', 'bubbler.n.02', 'buffer.n.06', 'catapult.n.02', 'charger.n.02', 'clip-on.n.01', 'comb.n.01', 'comforter.n.04', 'conductor.n.04', 'contraceptive.n.01', 'converter.n.01', 'corer.n.01', 'corrective.n.01', 'crusher.n.01', 'cryptograph.n.03', 'cutoff.n.03', 'dampener.n.01', 'damper.n.02', 'deflector.n.01', 'dental_appliance.n.01', 'depressor.n.03', 'detector.n.01', 'diestock.n.01', 'drive.n.10', 'drop_forge.n.01', 'elastic_device.n.01', 'electrical_device.n.01', 'electronic_device.n.01', 'energizer.n.02', 'exercise_device.n.01', 'explosive_device.n.01', 'fan.n.01', 'filter.n.01', 'fire_extinguisher.n.01', 'flare.n.09', 'fumigator.n.02', 'gas_fixture.n.01', 'groover.n.01', 'guard.n.03', 'heat_exchanger.n.01', 'heater.n.01', 'holding_device.n.01', 'horn.n.08', 'hydrofoil.n.01', 'imprint.n.05', 'indicator.n.03', 'instrument.n.01', 'interlock.n.01', 'interrupter.n.01', 'jig.n.03', 'key.n.01', 'keyboard.n.01', 'kinetoscope.n.01', 'knocker.n.05', 'lift.n.06', 'lifting_device.n.01', 'lighter.n.02', 'machine.n.01', 'magnet.n.01', 'memory_device.n.01', 'musical_instrument.n.01', 'nest_egg.n.02', 'noisemaker.n.01', 'optical_device.n.01', 'override.n.01', 'paper_feed.n.01', 'peeler.n.03', 'pick.n.05', 'power_takeoff.n.01', 'prod.n.02', 'prompter.n.02', 'pull.n.04', 'reflector.n.01', 'release.n.08', 'remote_control.n.01', 'reset.n.01', 'restraint.n.06', 'router.n.02', 'runner.n.09', 'scratcher.n.03', 'shoehorn.n.01', 'shoetree.n.01', 'shooting_stick.n.01', 'shredder.n.01', 'signaling_device.n.01', 'snowshoe.n.01', 'sounder.n.01', 'source_of_illumination.n.01', 'stabilizer.n.03', 'stemmer.n.05', 'straightener.n.01', 'strengthener.n.01', 'stylus.n.01', 'suction_cup.n.01', 'support.n.10', 'sweatbox.n.02', 'synchroflash.n.01', 'take-up.n.01', 'teaser.n.07', 'throwing_stick.n.01', 'tilter.n.02', 'tongs.n.01', 'toy.n.03', 'trap.n.01', 'trigger.n.02', 'valve.n.02', 'vaporizer.n.01', 'ventilator.n.01', 'washboard.n.01', 'water_cooler.n.01']","['https://upload.wikimedia.org/wikipedia/commons/9/9b/Geneva_mechanism_6spoke_animation.gif?20100902043451', 'https://upload.wikimedia.org/wikipedia/commons/thumb/9/98/Mechanism_Left_Gun_Battery_Worth_Ft_Casey_WA_Mar23_A7R_03933.jpg/800px-Mechanism_Left_Gun_Battery_Worth_Ft_Casey_WA_Mar23_A7R_03933.jpg?20230616161234', 'https://upload.wikimedia.org/wikipedia/commons/6/6b/Rack_and_pinion.png?20070402104120', 'https://upload.wikimedia.org/wikipedia/commons/thumb/c/c3/Arrow_pushing_mechanism_of_Micheal_reaction.png/800px-Arrow_pushing_mechanism_of_Micheal_reaction.png?20221119050940', 'https://upload.wikimedia.org/wikipedia/commons/thumb/1/13/Mouse_mechanism_diagram.svg/792px-Mouse_mechanism_diagram.svg.png?20181212044750']",Geneva mechanism 6spoke animation.gif,device consisting of a piece of machinery; has moving parts that perform some function,stabilityai_stable-diffusion-3-medium-diffusers,black-forest-labs_FLUX.1-dev
859,predict_hypernym,9409512,ridge.n.01,ridge,['natural_elevation.n.01'],"['highland.n.01', 'hill.n.01', 'mountain.n.01', 'promontory.n.01', 'swell.n.02']","['https://upload.wikimedia.org/wikipedia/commons/thumb/a/ae/Tsubakurodake_from_Otenshodake_2002-8-22.jpg/800px-Tsubakurodake_from_Otenshodake_2002-8-22.jpg?20100922225934', 'https://upload.wikimedia.org/wikipedia/commons/thumb/6/66/Munku-Sardyk.jpg/800px-Munku-Sardyk.jpg?20121229101311', 'https://upload.wikimedia.org/wikipedia/commons/thumb/4/4c/Alpinistes_Aiguille_du_Midi_03.JPG/522px-Alpinistes_Aiguille_du_Midi_03.JPG?20070915153253', 'https://upload.wikimedia.org/wikipedia/commons/thumb/7/7d/Chimney_Rock_Trail_Point_Reyes_December_2016_panorama_1.jpg/800px-Chimney_Rock_Trail_Point_Reyes_December_2016_panorama_1.jpg?20161208055236', 'https://upload.wikimedia.org/wikipedia/commons/thumb/c/c2/Mountain_ridge_at_dusk.jpg/800px-Mountain_ridge_at_dusk.jpg?20160712035328']",Tsubakurodake from Otenshodake 2002-8-22.jpg,a long narrow natural elevation or striation,DeepFloyd_IF-I-XL-v1.0,black-forest-labs_FLUX.1-dev
869,leafs_and_no_leafs,2385002,finisher.n.06,finisher,['racer.n.03'],"['greyhound.n.01', 'steeplechaser.n.01']","['https://upload.wikimedia.org/wikipedia/commons/thumb/c/c6/Mahiya_Mahi_%2801%29.jpg/400px-Mahiya_Mahi_%2801%29.jpg?20160706121530', 'https://upload.wikimedia.org/wikipedia/commons/thumb/2/25/VT_Hunt_Finisher_Plaque.jpg/800px-VT_Hunt_Finisher_Plaque.jpg?20190910064934', 'https://upload.wikimedia.org/wikipedia/commons/thumb/9/94/UTTF_Finisher-liivi_2021.jpg/450px-UTTF_Finisher-liivi_2021.jpg?20211222160756', 'https://upload.wikimedia.org/wikipedia/commons/thumb/4/4b/Garrison%27s_Finish_%281923%29_-_7.jpg/455px-Garrison%27s_Finish_%281923%29_-_7.jpg?20191217200930', 'https://upload.wikimedia.org/wikipedia/commons/thumb/4/46/Frances_Loring-The_Shell_Finisher_%28CWM_19710261-0414%29.jpg/343px-Frances_Loring-The_Shell_Finisher_%28CWM_19710261-0414%29.jpg?20230110232310']",Mahiya Mahi (01).jpg,an animal that wins in a contest of speed,runwayml_stable-diffusion-v1-5,black-forest-labs_FLUX.1-dev
875,simple_triplet_2parent,15039179,sheep_dip.n.01,sheep_dip,"['liquid.n.01', 'pesticide.n.01']","['alcohol.n.02', 'ammonia_water.n.01', 'antifreeze.n.01', 'beverage.n.01', 'distillate.n.01', 'grume.n.01', 'ink.n.01', 'liquor.n.02', 'medium.n.05', 'pyroligneous_acid.n.01', 'snake_oil.n.01', 'supernatant.n.01', 'water.n.06', 'acaricide.n.01', 'arsenical.n.01', 'insecticide.n.01', 'pediculicide.n.01', 'phosphine.n.01', 'scabicide.n.01', 'sheep_dip.n.01', 'spray.n.01']","['https://upload.wikimedia.org/wikipedia/commons/thumb/c/c7/Sheep_dip%2C_Hayfield.jpg/799px-Sheep_dip%2C_Hayfield.jpg?20240317210027', 'https://upload.wikimedia.org/wikipedia/commons/6/60/Queensland_State_Archives_2471_Sheep_dipping_at_Yandilla_1898.png?20130328092916', 'https://upload.wikimedia.org/wikipedia/commons/4/43/Sheep_Dip%2C_Laonairidh%2C_Colonsay_-_geograph.org.uk_-_2414490.jpg?20210730190658', 'https://upload.wikimedia.org/wikipedia/commons/0/0d/Sheep_dip_-_geograph.org.uk_-_2640865.jpg?20210918004953', 'https://upload.wikimedia.org/wikipedia/commons/thumb/2/2b/Dipping-sheep-Lesotho.jpg/430px-Dipping-sheep-Lesotho.jpg?20141006085808']","Sheep dip, Hayfield.jpg",a liquid mixture containing pesticides in which sheep are dipped to kill parasites,black-forest-labs_FLUX.1-dev,PixArt-alpha_PixArt-Sigma-XL-2-512-MS
892,leafs_and_no_leafs,840609,overemphasize.v.01,overemphasize,['overstate.v.01'],"['boast.v.01', 'embroider.v.02']","['https://upload.wikimedia.org/wikipedia/commons/thumb/1/12/Bl.Fruit.jpg/600px-Bl.Fruit.jpg?20210327143540', 'https://upload.wikimedia.org/wikipedia/commons/thumb/a/a4/%CE%95%CE%B9%CE%B4%CF%8E%CE%BB%CE%B9%CE%B1_%CF%83%CE%B5_%CF%83%CF%84%CE%AC%CF%83%CE%B7_%CE%B4%CE%AD%CE%B7%CF%83%CE%B7%CF%82%2C_%CE%91%CE%9C%CE%97_6384.jpg/638px-%CE%95%CE%B9%CE%B4%CF%8E%CE%BB%CE%B9%CE%B1_%CF%83%CE%B5_%CF%83%CF%84%CE%AC%CF%83%CE%B7_%CE%B4%CE%AD%CE%B7%CF%83%CE%B7%CF%82%2C_%CE%91%CE%9C%CE%97_6384.jpg?20150303140553', 'https://upload.wikimedia.org/wikipedia/commons/thumb/1/10/Man_woman_praying_archmus_Heraklion.jpg/608px-Man_woman_praying_archmus_Heraklion.jpg?20150309174919', 'https://upload.wikimedia.org/wikipedia/commons/thumb/6/68/Virtual_Reality_Is_The_Future_of_Education.webp/755px-Virtual_Reality_Is_The_Future_of_Education.webp.png?20220512145525', 'https://upload.wikimedia.org/wikipedia/commons/thumb/f/fd/Cherop_Sharon.jpg/800px-Cherop_Sharon.jpg?20200209210920']",Bl.Fruit.jpg,place special or excessive emphasis on,kandinsky-community_kandinsky-3,black-forest-labs_FLUX.1-dev
897,predict_hypernym,6140130,plain.n.01,plain,['land.n.04'],"['archipelago.n.01', 'beachfront.n.01', 'cape.n.01', 'coastal_plain.n.01', 'floor.n.04', 'foreland.n.02', 'forest.n.02', 'island.n.01', 'isthmus.n.01', 'landmass.n.01', 'mainland.n.01', 'neck.n.02', 'oxbow.n.01', 'peninsula.n.01', 'slash.n.02', 'wonderland.n.01']","['https://upload.wikimedia.org/wikipedia/commons/thumb/a/a3/Nsomersetlevels.JPG/800px-Nsomersetlevels.JPG?20080323131137', 'https://upload.wikimedia.org/wikipedia/commons/thumb/c/c0/%D0%A0%D0%9B%D0%9F_%C2%AB%D0%A1%D0%B5%D0%B9%D0%BC%D1%81%D1%8C%D0%BA%D0%B8%D0%B9%C2%BB_img1.jpg/800px-%D0%A0%D0%9B%D0%9F_%C2%AB%D0%A1%D0%B5%D0%B9%D0%BC%D1%81%D1%8C%D0%BA%D0%B8%D0%B9%C2%BB_img1.jpg?20160717200112', 'https://upload.wikimedia.org/wikipedia/commons/thumb/6/6a/20171115_Plain_of_Jars_-_archaeological_site_number_3_-_Laos_-_2783_DxO.jpg/800px-20171115_Plain_of_Jars_-_archaeological_site_number_3_-_Laos_-_2783_DxO.jpg?20181108175833', 'https://upload.wikimedia.org/wikipedia/commons/thumb/1/18/Plain_land_and_Sky.jpg/800px-Plain_land_and_Sky.jpg?20200521071219', 'https://upload.wikimedia.org/wikipedia/commons/thumb/6/61/Mount_Ararat_and_the_Araratian_plain_%28cropped%29.jpg/799px-Mount_Ararat_and_the_Araratian_plain_%28cropped%29.jpg?20181103075841']",Nsomersetlevels.JPG,extensive tract of level open land,PixArt-alpha_PixArt-Sigma-XL-2-512-MS,black-forest-labs_FLUX.1-dev
918,predict_hypernym,15022776,coagulation_factor.n.01,coagulation_factor,['plasma_protein.n.01'],['gamma_globulin.n.01'],"['https://upload.wikimedia.org/wikipedia/commons/thumb/4/4f/Coagulation_in_vivo.png/715px-Coagulation_in_vivo.png?20120729125158', 'https://upload.wikimedia.org/wikipedia/commons/thumb/c/c0/Coagulation_Cascade_Diagram.svg/750px-Coagulation_Cascade_Diagram.svg.png?20230825214437', 'https://upload.wikimedia.org/wikipedia/commons/thumb/d/dd/Blood_in_Citrate_Tube_for_Coagulation_Test.jpg/800px-Blood_in_Citrate_Tube_for_Coagulation_Test.jpg?20220101075512', 'https://upload.wikimedia.org/wikipedia/commons/thumb/6/6d/Coagulation_full_updated_with_FVII_and_TF_to_FIX_arrow.svg/750px-Coagulation_full_updated_with_FVII_and_TF_to_FIX_arrow.svg.png?20201211200220', 'https://upload.wikimedia.org/wikipedia/commons/thumb/e/e3/Blood_clot_formation.svg/512px-Blood_clot_formation.svg.png?20220526062455']",Coagulation in vivo.png,any of the factors in the blood whose actions are essential for blood coagulation,stabilityai_stable-diffusion-3-medium-diffusers,black-forest-labs_FLUX.1-dev
921,predict_hypernym,8386365,upper_class.n.01,upper_class,['class.n.03'],"['age_class.n.01', 'agriculture.n.04', 'booboisie.n.01', 'brotherhood.n.02', 'caste.n.02', 'caste.n.03', 'center.n.12', 'commonalty.n.01', 'craft.n.03', 'demimonde.n.01', 'estate_of_the_realm.n.01', 'firing_line.n.02', 'immigrant_class.n.01', 'labor.n.01', 'lower_class.n.01', 'market.n.02', 'middle_class.n.01', 'ninja.n.02', 'old_school.n.01', 'peasantry.n.01', 'underworld.n.01', 'womanhood.n.02', 'world.n.02', 'yeomanry.n.01']","['https://upload.wikimedia.org/wikipedia/commons/thumb/b/bb/Hortense_Haudebourt-Lescot_-_le-cours-de-theologie-a-trois-dames.webp/719px-Hortense_Haudebourt-Lescot_-_le-cours-de-theologie-a-trois-dames.webp.png?20230331133734', 'https://upload.wikimedia.org/wikipedia/commons/thumb/2/21/The_landing_of_his_Majesty%2C_George_The_Fourth%2C_at_Holyhead%2C_August_7th_1821.jpeg/768px-The_landing_of_his_Majesty%2C_George_The_Fourth%2C_at_Holyhead%2C_August_7th_1821.jpeg?20150731164045', 'https://upload.wikimedia.org/wikipedia/commons/thumb/c/ce/LO_Class_710_to_Barking_arriving_at_Upper_Holloway_July_2020.jpg/800px-LO_Class_710_to_Barking_arriving_at_Upper_Holloway_July_2020.jpg?20200730100035', 'https://upload.wikimedia.org/wikipedia/commons/thumb/6/6c/LO_Class_710_to_Barking_arriving_at_Upper_Holloway_July_2020_2.jpg/800px-LO_Class_710_to_Barking_arriving_at_Upper_Holloway_July_2020_2.jpg?20200730100035', 'https://upload.wikimedia.org/wikipedia/commons/thumb/f/fe/A_Class_455_unit_arrives_at_Upper_Halliford_station_in_June_2024.jpg/800px-A_Class_455_unit_arrives_at_Upper_Halliford_station_in_June_2024.jpg?20240609192351']",Hortense Haudebourt-Lescot - le-cours-de-theologie-a-trois-dames.webp,the class occupying the highest position in the social hierarchy,stabilityai_stable-diffusion-3-medium-diffusers,black-forest-labs_FLUX.1-dev
926,predict_hypernym,46905115,plaything.n.01,plaything,['artifact.n.01'],"['americana.n.01', 'anachronism.n.02', 'antiquity.n.03', 'article.n.02', 'block.n.01', 'building_material.n.01', 'button.n.07', 'commodity.n.01', 'cone.n.01', 'covering.n.02', 'creation.n.02', 'decker.n.02', 'decoration.n.01', 'electroplate.n.01', 'excavation.n.03', 'extra.n.03', 'fabric.n.01', 'facility.n.01', 'facility.n.04', 'fixture.n.01', 'float.n.06', 'insert.n.02', 'instrumentality.n.03', 'layer.n.01', 'lemon.n.05', 'line.n.18', 'marker.n.01', 'mystification.n.02', 'opening.n.10', 'padding.n.01', 'paving.n.01', 'ready-made.n.01', 'restoration.n.05', 'sheet.n.06', 'sphere.n.02', 'square.n.07', 'squeaker.n.01', 'strip.n.02', 'structure.n.01', 'surface.n.01', 'thing.n.04', 'track.n.03', 'way.n.06', 'weight.n.04']","['https://upload.wikimedia.org/wikipedia/commons/thumb/0/05/Mexican_guitars_and_toys.jpg/753px-Mexican_guitars_and_toys.jpg?20170730063458', 'https://upload.wikimedia.org/wikipedia/commons/thumb/8/8e/Man%27s_Plaything_%281920%29_-_1.jpg/504px-Man%27s_Plaything_%281920%29_-_1.jpg?20160810135229', 'https://upload.wikimedia.org/wikipedia/commons/thumb/b/bc/Man%27s_Plaything_%281920%29_-_3.jpg/449px-Man%27s_Plaything_%281920%29_-_3.jpg?20161003223523', 'https://upload.wikimedia.org/wikipedia/commons/thumb/a/a4/Rich_Man%27s_Plaything_lobby_card.jpg/764px-Rich_Man%27s_Plaything_lobby_card.jpg?20170402202328', 'https://upload.wikimedia.org/wikipedia/commons/thumb/4/48/Man%27s_Plaything_%281920%29_-_2.jpg/445px-Man%27s_Plaything_%281920%29_-_2.jpg?20160929125941']",Mexican guitars and toys.jpg,an artifact designed to be played with,black-forest-labs_FLUX.1-dev,kandinsky-community_kandinsky-3
928,predict_hypernym,5250659,duct.n.01,duct,['passage.n.07'],"['birth_canal.n.01', 'carpal_tunnel.n.01', 'epicardia.n.01', 'esophagus.n.01', 'fauces.n.01', 'fistula.n.02', 'meatus.n.01', 'orifice.n.01', 'root_canal.n.01', 'shunt.n.01', 'sinusoid.n.01']","['https://upload.wikimedia.org/wikipedia/commons/thumb/a/a7/Ultrasound_of_diated_common_bile_duct_and_intrahepatic_ducts_due_to_gallstone_obstruction.png/800px-Ultrasound_of_diated_common_bile_duct_and_intrahepatic_ducts_due_to_gallstone_obstruction.png?20220112064258', 'https://upload.wikimedia.org/wikipedia/commons/thumb/a/ae/Location_of_common_bile_duct_as_seen_on_ultrasound_abdomen.png/800px-Location_of_common_bile_duct_as_seen_on_ultrasound_abdomen.png?20230102042716', 'https://upload.wikimedia.org/wikipedia/commons/3/37/Bile_duct_formation..jpg?20130405185408', 'https://upload.wikimedia.org/wikipedia/commons/thumb/7/7a/Histopathology_of_a_bile_duct_hamartoma%2C_high_magnification.jpg/800px-Histopathology_of_a_bile_duct_hamartoma%2C_high_magnification.jpg?20210514220356', 'https://upload.wikimedia.org/wikipedia/commons/thumb/9/94/Histopathology_of_a_bile_duct_hamartoma%2C_low_magnification.jpg/672px-Histopathology_of_a_bile_duct_hamartoma%2C_low_magnification.jpg?20210514220356']",Ultrasound of diated common bile duct and intrahepatic ducts due to gallstone obstruction.png,a bodily passage or tube lined with epithelial cells and conveying a secretion or other substance,retrieval,black-forest-labs_FLUX.1-dev
933,predict_hypernym,64288087,supporter.n.01,supporter,['advocate.n.01'],"['apologist.n.01', 'constitutionalist.n.01', 'darwinian.n.01', 'democrat.n.02', 'federalist.n.02', 'gnostic.n.01', 'humanist.n.02', 'ideologist.n.01', 'internationalist.n.01', 'irredentist.n.01', 'isolationist.n.01', 'jansenist.n.01', 'libertarian.n.01', 'maoist.n.01', 'marxist.n.01', 'nationalist.n.02', 'neoclassicist.n.01', 'neutralist.n.01', 'nullifier.n.01', 'partisan.n.01', 'partitionist.n.01', 'platonist.n.01', 'presenter.n.02', 'pro-lifer.n.01', 'protectionist.n.01', 'republican.n.02', 'ritualist.n.01', 'ruralist.n.01', 'secessionist.n.01', 'secularist.n.01', 'separatist.n.01', 'spokesperson.n.01', 'suffragist.n.01', 'supremacist.n.01', 'teleologist.n.01', 'thatcherite.n.01', 'unilateralist.n.01']","['https://upload.wikimedia.org/wikipedia/commons/thumb/7/75/San_marcos_bullfight_04.jpg/800px-San_marcos_bullfight_04.jpg?20100502162127', 'https://upload.wikimedia.org/wikipedia/commons/thumb/a/af/A_Trump_supporter_in_Kenosha_Wisconsin.jpg/458px-A_Trump_supporter_in_Kenosha_Wisconsin.jpg?20200901224955', 'https://upload.wikimedia.org/wikipedia/commons/thumb/5/5c/Heraldic_supporters_lions_rampant.svg/661px-Heraldic_supporters_lions_rampant.svg.png?20220801131316', 'https://upload.wikimedia.org/wikipedia/commons/thumb/1/1e/Proper_Crane_Supporter_%28Heraldry%29.svg/177px-Proper_Crane_Supporter_%28Heraldry%29.svg.png?20230104220527', 'https://upload.wikimedia.org/wikipedia/commons/thumb/6/66/A_Kyle_Rittenhouse_supporter_in_Kenosha_Wisconsin.jpg/739px-A_Kyle_Rittenhouse_supporter_in_Kenosha_Wisconsin.jpg?20200901225007']",San marcos bullfight 04.jpg,a person who backs a politician or a team etc.,prompthero_openjourney,black-forest-labs_FLUX.1-dev
936,predict_hypernym,24933378,poor_person.n.01,poor_person,['unfortunate.n.01'],"['abandoned_person.n.01', 'amputee.n.01', 'choker.n.02', 'desperate.n.01', 'failure.n.04', 'homeless.n.01', 'job.n.10', 'jonah.n.02', 'languisher.n.01', 'maroon.n.01', 'mourner.n.01', 'nympholept.n.01', 'outcast.n.01', 'prisoner.n.01', 'schlimazel.n.01', 'sick_person.n.01', 'survivor.n.01', 'victim.n.01', 'weeper.n.01']","['https://upload.wikimedia.org/wikipedia/commons/thumb/b/b8/Poor_Clares_Convent_of_Turni%C5%A1%C4%8De_06.jpg/400px-Poor_Clares_Convent_of_Turni%C5%A1%C4%8De_06.jpg?20240727203634', 'https://upload.wikimedia.org/wikipedia/commons/thumb/1/15/Poor_Clares_Convent_of_Turni%C5%A1%C4%8De_04.jpg/400px-Poor_Clares_Convent_of_Turni%C5%A1%C4%8De_04.jpg?20240727203634', 'https://upload.wikimedia.org/wikipedia/commons/thumb/6/62/Poor_Clares_Convent_of_Turni%C5%A1%C4%8De_05.jpg/800px-Poor_Clares_Convent_of_Turni%C5%A1%C4%8De_05.jpg?20240727203634', 'https://upload.wikimedia.org/wikipedia/commons/thumb/4/47/Poor_Clares_Convent_of_Turni%C5%A1%C4%8De_03.jpg/800px-Poor_Clares_Convent_of_Turni%C5%A1%C4%8De_03.jpg?20240727203629', 'https://upload.wikimedia.org/wikipedia/commons/thumb/6/65/Poor_Clares_Convent_of_Turni%C5%A1%C4%8De_01.jpg/800px-Poor_Clares_Convent_of_Turni%C5%A1%C4%8De_01.jpg?20240727203629']",Poor Clares Convent of Turnišče 06.jpg,a person with few or no possessions,black-forest-labs_FLUX.1-dev,retrieval
942,predict_hypernym,8339939,united_states_intelligence_agency.n.01,United_States_intelligence_agency,['intelligence.n.02'],"['intelligence_community.n.01', 'international_intelligence_agency.n.01', 'military_intelligence.n.01']","['https://upload.wikimedia.org/wikipedia/commons/thumb/1/1a/Seal_of_the_Central_Intelligence_Agency_with_wordmark.svg/800px-Seal_of_the_Central_Intelligence_Agency_with_wordmark.svg.png?20210107122532', 'https://upload.wikimedia.org/wikipedia/commons/thumb/3/37/Navy_Flag_Officer_and_Senior_Executive_Service_%28NFOSES%29_symposium_at_the_National_Geospatial-Intelligence_Agency_in_Springfield%2C_Virginia_on_March_12%2C_2024_-_11.jpg/800px-thumbnail.jpg?20240316151546', 'https://upload.wikimedia.org/wikipedia/commons/thumb/a/a7/Navy_Flag_Officer_and_Senior_Executive_Service_%28NFOSES%29_symposium_at_the_National_Geospatial-Intelligence_Agency_in_Springfield%2C_Virginia_on_March_12%2C_2024_-_5.jpg/800px-thumbnail.jpg?20240316151540', 'https://upload.wikimedia.org/wikipedia/commons/thumb/0/00/Navy_Flag_Officer_and_Senior_Executive_Service_%28NFOSES%29_symposium_at_the_National_Geospatial-Intelligence_Agency_in_Springfield%2C_Virginia_on_March_12%2C_2024_-_4.jpg/800px-thumbnail.jpg?20240316151540', 'https://upload.wikimedia.org/wikipedia/commons/thumb/d/d5/Navy_Flag_Officer_and_Senior_Executive_Service_%28NFOSES%29_symposium_at_the_National_Geospatial-Intelligence_Agency_in_Springfield%2C_Virginia_on_March_12%2C_2024_-_14.jpg/800px-thumbnail.jpg?20240316151549']",Seal of the Central Intelligence Agency with wordmark.svg,an intelligence service in the United States,black-forest-labs_FLUX.1-dev,runwayml_stable-diffusion-v1-5
948,predict_hypernym,220522,murder.n.01,murder,['homicide.n.01'],"['honor_killing.n.01', 'manslaughter.n.01', 'shooting.n.02']","['https://upload.wikimedia.org/wikipedia/commons/thumb/8/86/Jakub_Schikaneder_-_Murder_in_the_House.JPG/800px-Jakub_Schikaneder_-_Murder_in_the_House.JPG?20200825181828', 'https://upload.wikimedia.org/wikipedia/commons/thumb/5/51/Peter_Paul_Rubens_-_Cain_slaying_Abel_%28Courtauld_Institute%29.jpg/436px-Peter_Paul_Rubens_-_Cain_slaying_Abel_%28Courtauld_Institute%29.jpg?20131010043944', 'https://upload.wikimedia.org/wikipedia/commons/thumb/2/2d/Cain_kills_Abel.png/472px-Cain_kills_Abel.png?20050320181849', 'https://upload.wikimedia.org/wikipedia/commons/thumb/e/e5/Pictures_of_English_History_Plate_XX_-_Murder_of_Thomas_A_Becket.jpg/546px-Pictures_of_English_History_Plate_XX_-_Murder_of_Thomas_A_Becket.jpg?20110115173128', 'https://upload.wikimedia.org/wikipedia/commons/thumb/3/30/The_murder_of_Emily_Coombes.png/755px-The_murder_of_Emily_Coombes.png?20210505151225']",Jakub Schikaneder - Murder in the House.JPG,unlawful premeditated killing of a human being by a human being,stabilityai_stable-diffusion-3-medium-diffusers,black-forest-labs_FLUX.1-dev
950,leafs_and_no_leafs,1158543,remilitarization.n.01,remilitarization,['mobilization.n.01'],"['arming.n.01', 'conscription.n.01']","['https://upload.wikimedia.org/wikipedia/commons/thumb/c/c3/1936_Events_Collage_V_1.0.jpg/663px-1936_Events_Collage_V_1.0.jpg?20231129152340', 'https://upload.wikimedia.org/wikipedia/commons/thumb/6/62/Freistaat_Flaschenhals_Schild.jpg/418px-Freistaat_Flaschenhals_Schild.jpg?20220326144046', 'https://upload.wikimedia.org/wikipedia/commons/7/7d/%E4%B8%80%E5%BC%B5%E5%9C%96%E6%A6%82%E8%BF%B0%E8%90%8A%E8%8C%B5%E8%98%AD%E5%86%8D%E8%BB%8D%E4%BA%8B%E5%8C%96.png?20211130081551']",1936 Events Collage V 1.0.jpg,the act of militarizing again,retrieval,black-forest-labs_FLUX.1-dev
953,leafs_and_no_leafs,1157384,rearmament.n.01,rearmament,['arming.n.01'],['outfitting.n.01'],"['https://upload.wikimedia.org/wikipedia/commons/thumb/f/f5/Listen%2C_you_friend_of_rearmament....._if_you_saved_on_steel_you_could_also_save_some_money%21%2C_from_%27News_of_the_day%2C%27_published_in_Le_Charivari%2C_July_6%2C_1867_MET_DP877689.jpg/604px-thumbnail.jpg?20180122211035', 'https://upload.wikimedia.org/wikipedia/commons/thumb/4/4f/Bundesarchiv_Bild_183-2007-0703-500%2C_Berlin%2C_Kriegsakademie%2C_Lehrsaal.jpg/775px-Bundesarchiv_Bild_183-2007-0703-500%2C_Berlin%2C_Kriegsakademie%2C_Lehrsaal.jpg?20081204103139', 'https://upload.wikimedia.org/wikipedia/commons/thumb/c/c8/Bundesarchiv_Bild_183-2007-0928-501%2C_Einkleidung%2C_Stiefelkammer.jpg/449px-Bundesarchiv_Bild_183-2007-0928-501%2C_Einkleidung%2C_Stiefelkammer.jpg?20081204103148', 'https://upload.wikimedia.org/wikipedia/commons/d/db/Bundesarchiv_Bild_183-2007-0928-503%2C_Berlin%2C_Abfahrt_der_Rekruten_vom_Bahnhof.jpg?20081204103149']","Listen, you friend of rearmament..... if you saved on steel you could also save some money!, from 'News of the day,' published in Le Charivari, July 6, 1867 MET DP877689.jpg",the act of arming again,prompthero_openjourney,black-forest-labs_FLUX.1-dev
954,predict_hypernym,41458919,write.v.02,write,['communicate.v.02'],"['address.v.01', 'aphorize.v.01', 'ask.v.01', 'blog.v.01', 'carry.v.04', 'come_across.v.04', 'commune.v.01', 'fingerspell.v.01', 'gesticulate.v.01', 'get.v.14', 'give.v.05', 'give.v.07', 'give.v.21', 'greet.v.02', 'grimace.v.01', 'inflict.v.01', 'inform.v.01', 'issue.v.03', 'joke.v.01', 'network.v.01', 'nod.v.02', 'project.v.01', 'radio.v.01', 'reach.v.04', 'riddle.v.05', 'semaphore.v.02', 'share.v.05', 'sign.v.05', 'sign.v.07', 'speak.v.03', 'talk.v.01', 'talk.v.02', 'telecommunicate.v.01', 'telepathize.v.01', 'whistle.v.03', 'write.v.05', 'yak.v.01']","['https://upload.wikimedia.org/wikipedia/commons/thumb/7/7b/Fountain_pen_writing_%28literacy%29.jpg/800px-Fountain_pen_writing_%28literacy%29.jpg?20170130182905', 'https://upload.wikimedia.org/wikipedia/commons/d/d2/Balczynska-kamizelka_1akap.jpg?20110513094347', 'https://upload.wikimedia.org/wikipedia/commons/thumb/1/17/Codex_Manesse_Konrad_von_W%C3%BCrzburg.jpg/397px-Codex_Manesse_Konrad_von_W%C3%BCrzburg.jpg?20120324144735', 'https://upload.wikimedia.org/wikipedia/commons/thumb/2/23/Gudea_of_Lagash_Girsu.jpg/400px-Gudea_of_Lagash_Girsu.jpg?20100520193428', 'https://upload.wikimedia.org/wikipedia/commons/thumb/7/73/%E0%B4%A4%E0%B4%BE%E0%B4%B3%E0%B4%BF%E0%B4%AF%E0%B5%8B%E0%B4%B2%E0%B4%AF%E0%B4%BF%E0%B4%B2%E0%B5%86%E0%B4%B4%E0%B5%81%E0%B4%A4%E0%B5%81%E0%B4%A8%E0%B5%8D%E0%B4%A8%E0%B5%81_%281926-33%29.jpg/418px-%E0%B4%A4%E0%B4%BE%E0%B4%B3%E0%B4%BF%E0%B4%AF%E0%B5%8B%E0%B4%B2%E0%B4%AF%E0%B4%BF%E0%B4%B2%E0%B5%86%E0%B4%B4%E0%B5%81%E0%B4%A4%E0%B5%81%E0%B4%A8%E0%B5%8D%E0%B4%A8%E0%B5%81_%281926-33%29.jpg?20120620180649']",Fountain pen writing (literacy).jpg,communicate or express by writing,playgroundai_playground-v2.5-1024px-aesthetic,black-forest-labs_FLUX.1-dev
964,predict_hypernym,41766391,chemical_reaction.n.01,chemical_reaction,['chemical_process.n.01'],"['acylation.n.01', 'agglutination.n.03', 'amylolysis.n.01', 'association.n.07', 'bluing.n.02', 'calcification.n.01', 'catalysis.n.01', 'chelation.n.02', 'chlorination.n.01', 'cleavage.n.02', 'corrosion.n.02', 'cracking.n.03', 'de-iodination.n.01', 'deamination.n.01', 'decalcification.n.01', 'decarboxylation.n.01', 'demineralization.n.02', 'desalination.n.01', 'digestion.n.01', 'dissociation.n.03', 'gasification.n.01', 'gassing.n.01', 'hydrogenation.n.01', 'intumescence.n.02', 'inversion.n.03', 'iodination.n.01', 'mechanism.n.01', 'nitrification.n.01', 'peptization.n.01', 'photosynthesis.n.01', 'polymerization.n.01', 'precipitation.n.02', 'proteolysis.n.01', 'pyrochemical_process.n.01', 'sequestration.n.02', 'syneresis.n.02', 'synthesis.n.01', 'transamination.n.01', 'transamination.n.02', 'zymosis.n.01']","['https://upload.wikimedia.org/wikipedia/commons/thumb/5/5b/ThermiteReaction.jpg/541px-ThermiteReaction.jpg?20111119201032', 'https://upload.wikimedia.org/wikipedia/commons/thumb/0/06/Biochem_reaction_arrow_reversible_NYNY_horiz_med.svg/75px-Biochem_reaction_arrow_reversible_NYNY_horiz_med.svg.png?20170707155604', 'https://upload.wikimedia.org/wikipedia/commons/thumb/6/6f/ThermiteFe2O3.JPG/773px-ThermiteFe2O3.JPG?20090129074216', 'https://upload.wikimedia.org/wikipedia/commons/a/a0/Hydrochloric_acid_ammonia.jpg?20050402214151', 'https://upload.wikimedia.org/wikipedia/commons/thumb/d/da/SN1_general_reaction.svg/389px-SN1_general_reaction.svg.png?20240101063702']",ThermiteReaction.jpg,(chemistry) a process in which one or more substances are changed into others,black-forest-labs_FLUX.1-dev,stabilityai_sdxl-turbo
969,predict_hypernym,49334008,military_vehicle.n.01,military_vehicle,['vehicle.n.01'],"['bumper_car.n.01', 'craft.n.02', 'rocket.n.01', 'skibob.n.01', 'sled.n.01', 'steamroller.n.02', 'wheeled_vehicle.n.01']","['https://upload.wikimedia.org/wikipedia/commons/thumb/d/d0/V-2victimAntwerp1944.jpg/772px-V-2victimAntwerp1944.jpg?20070528072648', 'https://upload.wikimedia.org/wikipedia/commons/thumb/d/de/DAF_YP_408_UNIFIL.jpg/800px-DAF_YP_408_UNIFIL.jpg?20060513202928', 'https://upload.wikimedia.org/wikipedia/commons/thumb/5/5b/Royal_Thai_Army%2C_Mitsubishi_L200-Triton_utility_vehicle..jpg/800px-Royal_Thai_Army%2C_Mitsubishi_L200-Triton_utility_vehicle..jpg?20230626061857', 'https://upload.wikimedia.org/wikipedia/commons/thumb/a/a7/Borderlandmuseum_Eichsfeld%2C_military_vehicles_GDR.jpg/800px-Borderlandmuseum_Eichsfeld%2C_military_vehicles_GDR.jpg?20220425155815', 'https://upload.wikimedia.org/wikipedia/commons/thumb/8/81/Moscow_2012_Victory_Day_Parade_Rehearsal%2C_Military_Vehicles%2C_Night%2C_Russia.jpg/800px-Moscow_2012_Victory_Day_Parade_Rehearsal%2C_Military_Vehicles%2C_Night%2C_Russia.jpg?20210505170142']",V-2victimAntwerp1944.jpg,vehicle used by the armed forces,black-forest-labs_FLUX.1-dev,retrieval
970,predict_hypernym,96443030,dressing.n.01,dressing,['sauce.n.01'],"['aioli.n.01', 'allemande.n.01', 'anchovy_sauce.n.01', 'apricot_sauce.n.01', 'barbecue_sauce.n.01', 'bearnaise.n.01', 'bercy.n.01', 'bordelaise.n.01', 'bourguignon.n.01', 'bread_sauce.n.01', 'brown_sauce.n.02', 'caper_sauce.n.01', 'chinese_brown_sauce.n.01', 'chocolate_sauce.n.01', 'cocktail_sauce.n.01', 'colbert.n.01', 'curry_sauce.n.01', 'demiglace.n.01', 'espagnole.n.01', 'gravy.n.01', 'hard_sauce.n.01', 'hollandaise.n.01', 'horseradish_sauce.n.01', 'hot_sauce.n.01', 'hungarian_sauce.n.01', ""hunter's_sauce.n.01"", 'lyonnaise_sauce.n.01', 'marchand_de_vin.n.01', 'mole.n.03', 'mushroom_sauce.n.01', 'mustard_sauce.n.01', 'nantua.n.01', 'newburg_sauce.n.01', 'peach_sauce.n.01', 'pepper_sauce.n.01', 'pesto.n.01', 'plum_sauce.n.01', 'poulette.n.01', 'ravigote.n.01', 'remoulade_sauce.n.01', 'smitane.n.01', 'snail_butter.n.01', 'soubise.n.01', 'spaghetti_sauce.n.01', 'tartare_sauce.n.01', 'veloute.n.01', 'white_sauce.n.01', 'wine_sauce.n.01', 'worcester_sauce.n.01']","['https://upload.wikimedia.org/wikipedia/commons/thumb/4/40/Adhesive_dressing-20100202.jpg/800px-Adhesive_dressing-20100202.jpg?20100416034017', 'https://upload.wikimedia.org/wikipedia/commons/thumb/6/66/Salad_with_cranberry_dressing.jpg/800px-Salad_with_cranberry_dressing.jpg?20140622154948', 'https://upload.wikimedia.org/wikipedia/commons/thumb/0/09/Ken%27s_Steakhouse_dressing.jpg/231px-Ken%27s_Steakhouse_dressing.jpg?20230731014250', 'https://upload.wikimedia.org/wikipedia/commons/thumb/2/26/PXL_20230523_164106755_Marshall_University_Drinko_Library_coffee_shop_food_yogurts%2C_chef_salad%2C_and_fruit_cups_and_salad_dressing.jpg/800px-PXL_20230523_164106755_Marshall_University_Drinko_Library_coffee_shop_food_yogurts%2C_chef_salad%2C_and_fruit_cups_and_salad_dressing.jpg?20230614130902', 'https://upload.wikimedia.org/wikipedia/commons/thumb/7/70/Salad_Dressing_%2823340150265%29.jpg/800px-Salad_Dressing_%2823340150265%29.jpg?20151224121424']",Adhesive dressing-20100202.jpg,savory dressings for salads; basically of two kinds: either the thin French or vinaigrette type or the creamy mayonnaise type,runwayml_stable-diffusion-v1-5,black-forest-labs_FLUX.1-dev
976,predict_hypernym,32315013,damage.v.01,damage,['change.v.01'],"['accelerate.v.02', 'acerbate.v.02', 'acetylate.v.02', 'achromatize.v.01', 'activate.v.02', 'activate.v.03', 'activate.v.04', 'activate.v.05', 'adjust.v.01', 'affect.v.01', 'affect.v.02', 'age.v.03', 'alchemize.v.01', 'alcoholize.v.03', 'alkalinize.v.02', 'allegorize.v.02', 'alter.v.03', 'americanize.v.01', 'angulate.v.01', 'animize.v.01', 'antiquate.v.01', 'antique.v.02', 'archaize.v.01', 'arterialize.v.01', 'ash.v.01', 'assimilate.v.03', 'automatize.v.01', 'automatize.v.02', 'awaken.v.01', 'barb.v.01', 'barbarize.v.02', 'bestialize.v.01', 'better.v.02', 'blind.v.02', 'blister.v.03', 'blunt.v.04', 'blur.v.02', 'blur.v.05', 'boil.v.03', 'break.v.39', 'break_down.v.01', 'brighten.v.01', 'bring.v.02', 'bring.v.05', 'brutalize.v.02', 'bubble.v.04', 'calcify.v.04', 'camp.v.03', 'capture.v.04', 'cause_to_sleep.v.01', 'centralize.v.01', 'change_intensity.v.01', 'change_taste.v.01', 'charge.v.08', 'charge.v.23', 'chasten.v.02', 'check.v.07', 'circularize.v.05', 'civilize.v.02', 'clarify.v.02', 'classicize.v.01', 'clean.v.01', 'clear.v.20', 'clot.v.02', 'cloud.v.06', 'coarsen.v.01', 'coarsen.v.02', 'cohere.v.02', 'color.v.01', 'commercialize.v.02', 'communize.v.01', 'commute.v.04', 'complicate.v.01', 'complicate.v.02', 'condense.v.07', 'confuse.v.05', 'constitutionalize.v.03', 'contaminate.v.02', 'conventionalize.v.01', 'convert.v.01', 'convert.v.02', 'convert.v.05', 'cook.v.05', 'cool.v.01', 'corrupt.v.01', 'counterchange.v.01', 'crack.v.11', 'cry.v.07', 'customize.v.02', 'darken.v.03', 'de-emphasize.v.01', 'deaden.v.03', 'deaden.v.06', 'deaminate.v.01', 'decarboxylate.v.02', 'decelerate.v.02', 'decentralize.v.01', 'decimalize.v.01', 'decorate.v.01', 'decrease.v.02', 'decrepitate.v.02', 'deflate.v.04', 'deform.v.01', 'dehydrogenate.v.01', 'demagnetize.v.02', 'demist.v.01', 'democratize.v.02', 'demonize.v.01', 'demulsify.v.01', 'demythologize.v.01', 'denationalize.v.01', 'denaturalize.v.01', 'denaturalize.v.02', 'denature.v.01', 'denature.v.02', 'denature.v.03', 'deodorize.v.01', 'depersonalize.v.01', 'depolarize.v.01', 'desensitize.v.01', 'desensitize.v.02', 'destabilize.v.02', 'detransitivize.v.01', 'devalue.v.02', 'develop.v.12', 'develop.v.15', 'devilize.v.01', 'digitize.v.01', 'dinge.v.02', 'dirty.v.01', 'disable.v.01', 'discolor.v.02', 'disharmonize.v.01', 'disintegrate.v.02', 'disorder.v.02', 'disqualify.v.01', 'dissimilate.v.02', 'dissolve.v.07', 'dissolve.v.11', 'diversify.v.01', 'dizzy.v.01', 'domesticate.v.02', 'dope.v.02', 'draw.v.16', 'dry.v.01', 'dull.v.01', 'dull.v.05', 'dynamize.v.01', 'dynamize.v.02', 'ease_up.v.03', 'edit.v.01', 'edit.v.03', 'embrittle.v.01', 'empty.v.01', 'emulsify.v.01', 'enable.v.01', 'end.v.02', 'equal.v.03', 'eroticize.v.01', 'estrange.v.02', 'etherealize.v.01', 'etiolate.v.02', 'etiolate.v.03', 'europeanize.v.01', 'europeanize.v.02', 'evaporate.v.02', 'even.v.02', 'excite.v.07', 'excite.v.08', 'extend.v.09', 'exteriorize.v.02', 'fatten.v.01', 'feminize.v.02', 'fertilize.v.02', 'fill.v.01', 'fix.v.12', 'flatten.v.03', 'flocculate.v.02', 'freeze.v.04', 'frenchify.v.01', 'full.v.02', 'gelatinize.v.03', 'glamorize.v.02', 'glorify.v.02', 'habituate.v.02', 'harmonize.v.06', 'harshen.v.01', 'heat.v.01', 'hue.v.01', 'humanize.v.01', 'humble.v.01', 'hydrogenate.v.01', 'immaterialize.v.01', 'immortalize.v.02', 'inactivate.v.02', 'incandesce.v.01', 'increase.v.02', 'indispose.v.03', 'industrialize.v.01', 'inflate.v.03', 'inform.v.02', 'inseminate.v.02', 'insulate.v.01', 'intensify.v.04', 'internationalize.v.02', 'introvert.v.02', 'invalidate.v.04', 'invert.v.01', 'iodinate.v.01', 'ionate.v.01', 'islamize.v.01', 'isomerize.v.01', 'laicize.v.01', 'legitimate.v.03', 'lend.v.01', 'liberalize.v.01', 'lifehack.v.01', 'lift.v.10', 'liquefy.v.02', 'loosen.v.01', 'loosen.v.06', 'louden.v.02', 'lower.v.04', 'lubricate.v.03', 'magnetize.v.01', 'make.v.02', 'make.v.18', 'make.v.45', 'mark.v.05', 'masculinize.v.01', 'masculinize.v.02', 'mechanize.v.02', 'mechanize.v.03', 'militarize.v.01', 'militarize.v.02', 'mince.v.01', 'mix.v.05', 'morph.v.01', 'muddy.v.03', 'mythologize.v.02', 'nationalize.v.01', 'nationalize.v.02', 'naturalize.v.01', 'naturalize.v.04', 'nazify.v.01', 'neutralize.v.01', 'neutralize.v.06', 'nick.v.03', 'normalize.v.02', 'obfuscate.v.01', 'obscure.v.03', 'obscure.v.05', 'occidentalize.v.01', 'officialize.v.01', 'opacify.v.01', 'opalize.v.01', 'opsonize.v.01', 'orientalize.v.01', 'ossify.v.03', 'outmode.v.01', 'oxidize.v.02', 'oxygenize.v.01', 'paganize.v.01', 'pall.v.05', 'parallel.v.02', 'patent.v.03', 'personalize.v.01', 'piggyback.v.05', 'plasticize.v.02', 'poison.v.03', 'polarize.v.01', 'politicize.v.01', 'port.v.08', 'professionalize.v.02', 'proof.v.04', 'prostrate.v.02', 'purify.v.02', 'put.v.02', 'radicalize.v.01', 'rarefy.v.01', 'rarefy.v.02', 'rationalize.v.05', 'recombine.v.02', 'recommend.v.03', 'reconstruct.v.03', 'refine.v.06', 'reflate.v.02', 'reform.v.02', 'refresh.v.04', 'relax.v.06', 'remodel.v.01', 'restore.v.05', 'revolutionize.v.01', 'right.v.01', 'right.v.02', 'ripen.v.01', 'romanticize.v.02', 'round_off.v.03', 'rusticate.v.05', 'sanitize.v.02', 'saponify.v.02', 'saturate.v.01', 'sauce.v.03', 'schematize.v.02', 'scramble.v.05', 'sensitize.v.01', 'sensitize.v.03', 'sensitize.v.04', 'sentimentalize.v.02', 'set.v.05', 'sexualize.v.01', 'shade.v.04', 'shake.v.08', 'shallow.v.01', 'shape.v.03', 'sharpen.v.01', 'sharpen.v.06', 'shift.v.05', 'shorten.v.03', 'simplify.v.01', 'slenderize.v.01', 'smut.v.01', 'sober.v.01', 'socialize.v.04', 'soften.v.06', 'solemnize.v.03', 'solvate.v.01', 'spice.v.01', 'spike.v.05', 'sputter.v.02', 'stabilize.v.01', 'stain.v.02', 'steepen.v.02', 'stiffen.v.02', 'still.v.04', 'straighten.v.02', 'strengthen.v.01', 'string.v.07', 'substitute.v.01', 'suburbanize.v.02', 'supercharge.v.02', 'supple.v.01', 'suspend.v.02', 'suspend.v.05', 'sweeten.v.02', 'switch.v.04', 'symmetrize.v.01', 'synchronize.v.03', 'tame.v.01', 'tender.v.04', 'tense.v.02', 'territorialize.v.02', 'thicken.v.01', 'think.v.13', 'tighten.v.01', 'tone_down.v.02', 'touch.v.11', 'transaminate.v.01', 'transfigure.v.01', 'transform.v.01', 'transform.v.02', 'transform.v.05', 'transform.v.06', 'transform.v.07', 'transitivize.v.01', 'translate.v.02', 'transmute.v.03', 'transpose.v.07', 'turn.v.16', 'turn_back.v.05', 'uglify.v.01', 'unclutter.v.01', 'uniformize.v.01', 'unite.v.05', 'unite.v.06', 'unsanctify.v.01', 'unscramble.v.01', 'unsex.v.02', 'untie.v.02', 'untune.v.02', 'urbanize.v.01', 'urbanize.v.02', 'validate.v.04', 'variegate.v.01', 'vascularize.v.02', 'ventilate.v.05', 'verbify.v.01', 'vesiculate.v.02', 'visualize.v.04', 'vitalize.v.01', 'vitrify.v.01', 'vivify.v.02', 'volatilize.v.01', 'vulgarise.v.02', 'warm.v.02', 'weaken.v.01', 'weaponize.v.01', 'wet.v.01', 'widen.v.03', 'worsen.v.02']","['https://upload.wikimedia.org/wikipedia/commons/thumb/4/41/Freezing_rain_%28glaze%29_damage_at_Postojna_train_station.jpg/800px-Freezing_rain_%28glaze%29_damage_at_Postojna_train_station.jpg?20140203204449', 'https://upload.wikimedia.org/wikipedia/commons/thumb/9/98/Low-end_EF3_damage_to_a_home_in_Virginia_Beach%2C_Virginia.jpg/800px-Low-end_EF3_damage_to_a_home_in_Virginia_Beach%2C_Virginia.jpg?20230501193054', 'https://upload.wikimedia.org/wikipedia/commons/thumb/6/62/2020aug-derecho-damage-Cedar-Rapids-Iowa.jpg/450px-2020aug-derecho-damage-Cedar-Rapids-Iowa.jpg?20200815063817', 'https://upload.wikimedia.org/wikipedia/commons/thumb/0/0c/2020aug-derecho-damage-Tama-County-Iowa.jpg/800px-2020aug-derecho-damage-Tama-County-Iowa.jpg?20200815063819', 'https://upload.wikimedia.org/wikipedia/commons/thumb/f/f0/2020aug-derecho-damage-Greene-County-IA.jpg/450px-2020aug-derecho-damage-Greene-County-IA.jpg?20200815063814']",Freezing rain (glaze) damage at Postojna train station.jpg,inflict damage upon,black-forest-labs_FLUX.1-dev,kandinsky-community_kandinsky-3
978,predict_hypernym,1922303,worm.n.01,worm,['invertebrate.n.01'],"['arthropod.n.01', 'brachiopod.n.01', 'bryozoan.n.01', 'coelenterate.n.01', 'ctenophore.n.01', 'echinoderm.n.01', 'ectoproct.n.01', 'entoproct.n.01', 'mollusk.n.01', 'peanut_worm.n.01', 'phoronid.n.01', 'rotifer.n.01', 'sponge.n.04', 'symbion_pandora.n.01', 'woodborer.n.01', 'zoophyte.n.01']","['https://upload.wikimedia.org/wikipedia/commons/thumb/4/43/Varbuss.jpg/800px-Varbuss.jpg?20110921230956', 'https://upload.wikimedia.org/wikipedia/commons/thumb/5/5b/Tomato_Fruit_Worm_2.jpg/800px-Tomato_Fruit_Worm_2.jpg?20230213180346', 'https://upload.wikimedia.org/wikipedia/commons/thumb/e/ee/Worm_heraldic.svg/160px-Worm_heraldic.svg.png?20230502234703', 'https://upload.wikimedia.org/wikipedia/commons/thumb/9/9f/Tomato_Fruit_Worm.jpg/800px-Tomato_Fruit_Worm.jpg?20230213180213', 'https://upload.wikimedia.org/wikipedia/commons/thumb/1/1f/Dead_worm.jpg/799px-Dead_worm.jpg?20210802190829']",Varbuss.jpg,any of numerous relatively small elongated soft-bodied animals especially of the phyla Annelida and Chaetognatha and Nematoda and Nemertea and Platyhelminthes; also many insect larvae,black-forest-labs_FLUX.1-dev,stabilityai_sdxl-turbo
982,predict_hypernym,41619575,plaything.n.01,plaything,['artifact.n.01'],"['americana.n.01', 'anachronism.n.02', 'antiquity.n.03', 'article.n.02', 'block.n.01', 'building_material.n.01', 'button.n.07', 'commodity.n.01', 'cone.n.01', 'covering.n.02', 'creation.n.02', 'decker.n.02', 'decoration.n.01', 'electroplate.n.01', 'excavation.n.03', 'extra.n.03', 'fabric.n.01', 'facility.n.01', 'facility.n.04', 'fixture.n.01', 'float.n.06', 'insert.n.02', 'instrumentality.n.03', 'layer.n.01', 'lemon.n.05', 'line.n.18', 'marker.n.01', 'mystification.n.02', 'opening.n.10', 'padding.n.01', 'paving.n.01', 'ready-made.n.01', 'restoration.n.05', 'sheet.n.06', 'sphere.n.02', 'square.n.07', 'squeaker.n.01', 'strip.n.02', 'structure.n.01', 'surface.n.01', 'thing.n.04', 'track.n.03', 'way.n.06', 'weight.n.04']","['https://upload.wikimedia.org/wikipedia/commons/thumb/0/05/Mexican_guitars_and_toys.jpg/753px-Mexican_guitars_and_toys.jpg?20170730063458', 'https://upload.wikimedia.org/wikipedia/commons/thumb/8/8e/Man%27s_Plaything_%281920%29_-_1.jpg/504px-Man%27s_Plaything_%281920%29_-_1.jpg?20160810135229', 'https://upload.wikimedia.org/wikipedia/commons/thumb/b/bc/Man%27s_Plaything_%281920%29_-_3.jpg/449px-Man%27s_Plaything_%281920%29_-_3.jpg?20161003223523', 'https://upload.wikimedia.org/wikipedia/commons/thumb/a/a4/Rich_Man%27s_Plaything_lobby_card.jpg/764px-Rich_Man%27s_Plaything_lobby_card.jpg?20170402202328', 'https://upload.wikimedia.org/wikipedia/commons/thumb/4/48/Man%27s_Plaything_%281920%29_-_2.jpg/445px-Man%27s_Plaything_%281920%29_-_2.jpg?20160929125941']",Mexican guitars and toys.jpg,an artifact designed to be played with,black-forest-labs_FLUX.1-dev,stabilityai_sdxl-turbo
991,predict_hypernym,97927504,digital_computer.n.01,digital_computer,['computer.n.01'],"['analog_computer.n.01', 'home_computer.n.01', 'node.n.08', 'number_cruncher.n.02', 'pari-mutuel_machine.n.01', 'predictor.n.03', 'server.n.03', 'turing_machine.n.01', 'web_site.n.01']","['https://upload.wikimedia.org/wikipedia/commons/thumb/1/13/Personal_computer%2C_exploded_4.svg/558px-Personal_computer%2C_exploded_4.svg.png?20060315021132', 'https://upload.wikimedia.org/wikipedia/commons/thumb/d/d3/Personal_computer%2C_exploded.svg/558px-Personal_computer%2C_exploded.svg.png?20060310201826', 'https://upload.wikimedia.org/wikipedia/commons/thumb/e/e5/ENIAC-changing_a_tube.jpg/725px-ENIAC-changing_a_tube.jpg?20091223133533', 'https://upload.wikimedia.org/wikipedia/commons/thumb/b/b1/Apple_II_Plus%2C_Museum_of_the_Moving_Image.jpg/800px-Apple_II_Plus%2C_Museum_of_the_Moving_Image.jpg?20080105193938', 'https://upload.wikimedia.org/wikipedia/commons/thumb/2/24/ATX_Computer_cases%2C_back_view.jpg/400px-ATX_Computer_cases%2C_back_view.jpg?20191230202055']","Personal computer, exploded 4.svg",a computer that represents information by numerical (binary) digits,PixArt-alpha_PixArt-Sigma-XL-2-512-MS,black-forest-labs_FLUX.1-dev
997,predict_hypernym,23534999,statement.n.01,statement,['message.n.02'],"['acknowledgment.n.03', 'approval.n.04', 'body.n.08', 'commitment.n.04', 'corker.n.01', 'digression.n.01', 'direction.n.06', 'disapproval.n.02', 'disrespect.n.01', 'drivel.n.01', 'guidance.n.01', 'information.n.01', 'interpolation.n.01', 'latent_content.n.01', 'meaning.n.01', 'memorial.n.02', 'narrative.n.01', 'nonsense.n.01', 'offer.n.02', 'opinion.n.02', 'promotion.n.01', 'proposal.n.01', 'refusal.n.02', 'reminder.n.01', 'request.n.01', 'respects.n.01', 'sensationalism.n.01', 'shocker.n.02', 'statement.n.04', 'subject.n.01', 'submission.n.01', 'wit.n.01']","['https://upload.wikimedia.org/wikipedia/commons/thumb/9/9f/Wikidata_statement_en.svg/751px-Wikidata_statement_en.svg.png?20160131201405', 'https://upload.wikimedia.org/wikipedia/commons/thumb/1/16/VHHH_baggage_claim_area.jpg/799px-VHHH_baggage_claim_area.jpg?20080308013438', 'https://upload.wikimedia.org/wikipedia/commons/3/3f/Mission_statement%2C_US_Immigration_and_Customs_Enforcement.gif?20070503185748', 'https://upload.wikimedia.org/wikipedia/commons/thumb/5/5c/Gasshukoku_suishi_teitoku_k%C5%8Dj%C5%8Dgaki_%28Oral_statement_by_the_American_Navy_admiral%29.png/800px-Gasshukoku_suishi_teitoku_k%C5%8Dj%C5%8Dgaki_%28Oral_statement_by_the_American_Navy_admiral%29.png?20090322103000', 'https://upload.wikimedia.org/wikipedia/commons/thumb/2/20/Karbala-tv.jpg/800px-Karbala-tv.jpg?20210624115154']",Wikidata statement en.svg,a message that is stated or declared; a communication (oral or written) setting forth particulars or facts etc,kandinsky-community_kandinsky-3,black-forest-labs_FLUX.1-dev
1002,predict_hypernym,14195315,anemia.n.01,anemia,['blood_disease.n.01'],"['acanthocytosis.n.01', 'acidemia.n.01', 'afibrinogenemia.n.01', 'agranulocytosis.n.01', 'alkalemia.n.01', 'analbuminemia.n.01', ""banti's_disease.n.01"", 'blood_poisoning.n.01', 'cytopenia.n.01', 'erythroblastosis.n.01', 'hemoglobinopathy.n.01', 'hemophilia.n.01', 'histiocytosis.n.01', 'hydremia.n.01', 'hypervolemia.n.01', 'hypothrombinemia.n.01', 'hypovolemia.n.01', 'leukocytosis.n.01', 'leukopenia.n.01', 'lymphocytopenia.n.01', 'lymphocytosis.n.01', 'microcytosis.n.01', 'parasitemia.n.01', 'polycythemia.n.01', 'purpura.n.01', 'thrombocytopenia.n.01', 'uratemia.n.01', 'uricaciduria.n.01']","['https://upload.wikimedia.org/wikipedia/commons/thumb/f/f2/Iron_deficiency_anemia_blood_film.jpg/800px-Iron_deficiency_anemia_blood_film.jpg?20120804074954', 'https://upload.wikimedia.org/wikipedia/commons/thumb/8/84/AnemiaFrote.jpg/800px-AnemiaFrote.jpg?20070517142152', 'https://upload.wikimedia.org/wikipedia/commons/thumb/6/64/Blood_Anemia.jpg/800px-Blood_Anemia.jpg?20211024114430', 'https://upload.wikimedia.org/wikipedia/commons/thumb/7/70/Prevalence-of-anemia-in-children_%281%29.png/800px-Prevalence-of-anemia-in-children_%281%29.png?20240111181032', 'https://upload.wikimedia.org/wikipedia/commons/thumb/5/55/Anemia_Symptoms_%28HY%29.svg/512px-Anemia_Symptoms_%28HY%29.svg.png?20221216123020']",Iron deficiency anemia blood film.jpg,a deficiency of red blood cells,kandinsky-community_kandinsky-3,black-forest-labs_FLUX.1-dev
1007,leafs_and_no_leafs,13259199,cash_flow.n.01,cash_flow,['income.n.01'],"['disposable_income.n.01', 'double_dipping.n.01', 'easy_money.n.01', 'ebitda.n.01', 'government_income.n.01', 'gross_sales.n.01', 'net_income.n.01', 'net_sales.n.01', 'per_capita_income.n.01', 'personal_income.n.01', 'rental_income.n.01', 'return.n.06', 'unearned_income.n.01', 'unearned_income.n.02']","['https://upload.wikimedia.org/wikipedia/commons/thumb/b/bd/Cash_Inflows_and_out_flows.gif/800px-Cash_Inflows_and_out_flows.gif?20201203082014', 'https://upload.wikimedia.org/wikipedia/commons/thumb/2/23/Cash_Flow_Projection.png/800px-Cash_Flow_Projection.png?20220527174858', 'https://upload.wikimedia.org/wikipedia/commons/thumb/e/e2/PHWC_Cash_Flows%2C_2021.jpg/399px-PHWC_Cash_Flows%2C_2021.jpg?20220425132953', 'https://upload.wikimedia.org/wikipedia/commons/9/91/Cash_Flow_Projection_Small.png?20220527175814', 'https://upload.wikimedia.org/wikipedia/commons/d/d9/Gnucash-cash-flow.png?20080225134528']",Cash Inflows and out flows.gif,the excess of cash revenues over cash outlays in a give period of time (not including non-cash expenses),black-forest-labs_FLUX.1-dev,stabilityai_sdxl-turbo
1024,predict_hypernym,47819321,supporter.n.01,supporter,['advocate.n.01'],"['apologist.n.01', 'constitutionalist.n.01', 'darwinian.n.01', 'democrat.n.02', 'federalist.n.02', 'gnostic.n.01', 'humanist.n.02', 'ideologist.n.01', 'internationalist.n.01', 'irredentist.n.01', 'isolationist.n.01', 'jansenist.n.01', 'libertarian.n.01', 'maoist.n.01', 'marxist.n.01', 'nationalist.n.02', 'neoclassicist.n.01', 'neutralist.n.01', 'nullifier.n.01', 'partisan.n.01', 'partitionist.n.01', 'platonist.n.01', 'presenter.n.02', 'pro-lifer.n.01', 'protectionist.n.01', 'republican.n.02', 'ritualist.n.01', 'ruralist.n.01', 'secessionist.n.01', 'secularist.n.01', 'separatist.n.01', 'spokesperson.n.01', 'suffragist.n.01', 'supremacist.n.01', 'teleologist.n.01', 'thatcherite.n.01', 'unilateralist.n.01']","['https://upload.wikimedia.org/wikipedia/commons/thumb/7/75/San_marcos_bullfight_04.jpg/800px-San_marcos_bullfight_04.jpg?20100502162127', 'https://upload.wikimedia.org/wikipedia/commons/thumb/a/af/A_Trump_supporter_in_Kenosha_Wisconsin.jpg/458px-A_Trump_supporter_in_Kenosha_Wisconsin.jpg?20200901224955', 'https://upload.wikimedia.org/wikipedia/commons/thumb/5/5c/Heraldic_supporters_lions_rampant.svg/661px-Heraldic_supporters_lions_rampant.svg.png?20220801131316', 'https://upload.wikimedia.org/wikipedia/commons/thumb/1/1e/Proper_Crane_Supporter_%28Heraldry%29.svg/177px-Proper_Crane_Supporter_%28Heraldry%29.svg.png?20230104220527', 'https://upload.wikimedia.org/wikipedia/commons/thumb/6/66/A_Kyle_Rittenhouse_supporter_in_Kenosha_Wisconsin.jpg/739px-A_Kyle_Rittenhouse_supporter_in_Kenosha_Wisconsin.jpg?20200901225007']",San marcos bullfight 04.jpg,a person who backs a politician or a team etc.,retrieval,black-forest-labs_FLUX.1-dev
1025,simple_triplet_2parent,14885369,triglyceride.n.01,triglyceride,"['glyceride.n.01', 'lipid.n.01']","['fat.n.01', 'oil.n.01', 'phospholipid.n.01', 'triglyceride.n.01', 'wax.n.01']","['https://upload.wikimedia.org/wikipedia/commons/thumb/3/3d/Triglyceride_halogen_addition.svg/422px-Triglyceride_halogen_addition.svg.png?20200914125546', 'https://upload.wikimedia.org/wikipedia/commons/thumb/4/47/Triglycerides_hydrolysis_reaction.svg/800px-Triglycerides_hydrolysis_reaction.svg.png?20200925112706', 'https://upload.wikimedia.org/wikipedia/commons/thumb/4/4a/Unsaturated_Triglyceride_Structural_Formula_V1.svg/739px-Unsaturated_Triglyceride_Structural_Formula_V1.svg.png?20190901101007', 'https://upload.wikimedia.org/wikipedia/commons/thumb/a/ac/Medium-chain_Triglyceride_Structural_Formulae_V.1.svg/533px-Medium-chain_Triglyceride_Structural_Formulae_V.1.svg.png?20190428095922', 'https://upload.wikimedia.org/wikipedia/commons/thumb/7/70/Unsaturated_Triglyceride_Structural_Formula_V1.png/800px-Unsaturated_Triglyceride_Structural_Formula_V1.png?20230908023708']",Triglyceride halogen addition.svg,glyceride occurring naturally in animal and vegetable tissues; it consists of three individual fatty acids bound together in a single large molecule; an important energy source forming much of the fat stored by the body,Tencent-Hunyuan_HunyuanDiT-v1.2-Diffusers,black-forest-labs_FLUX.1-dev
1026,predict_hypernym,65016379,magnetism.n.01,magnetism,['attraction.n.01'],"['affinity.n.01', 'chemical_bond.n.01', 'gravity.n.01', ""van_der_waal's_forces.n.01""]","['https://upload.wikimedia.org/wikipedia/commons/thumb/0/0c/VFPt_cylindrical_magnet_thumb.svg/220px-VFPt_cylindrical_magnet_thumb.svg.png?20230924082557', 'https://upload.wikimedia.org/wikipedia/commons/2/28/EB1911_-_Magnetism_-_Fig._24.jpg?20201225054055', 'https://upload.wikimedia.org/wikipedia/commons/8/85/EB1911_-_Magnetism_-_Fig._6.jpg?20201221030827', 'https://upload.wikimedia.org/wikipedia/commons/2/2f/EB1911_-_Magnetism_-_Fig._25.jpg?20201225054051', 'https://upload.wikimedia.org/wikipedia/commons/2/2f/EB1911_-_Magnetism_-_Fig._29.jpg?20201225054047']",VFPt cylindrical magnet thumb.svg,attraction for iron; associated with electric currents as well as magnets; characterized by fields of force,DeepFloyd_IF-I-XL-v1.0,black-forest-labs_FLUX.1-dev
1028,leafs_and_no_leafs,1317294,draft_animal.n.01,draft_animal,['work_animal.n.01'],['beast_of_burden.n.01'],"['https://upload.wikimedia.org/wikipedia/commons/thumb/a/a3/Telega_in_Sosonka_2017_G1.jpg/800px-Telega_in_Sosonka_2017_G1.jpg?20170612202754', 'https://upload.wikimedia.org/wikipedia/commons/thumb/7/78/Working_yaks_in_Everest_region.jpg/800px-Working_yaks_in_Everest_region.jpg?20160715062644', 'https://upload.wikimedia.org/wikipedia/commons/thumb/2/2f/Struggle_of_bullock_cart%2C_Sonargaon.jpg/800px-Struggle_of_bullock_cart%2C_Sonargaon.jpg?20161005140337', 'https://upload.wikimedia.org/wikipedia/commons/thumb/9/98/Working_yaks.jpg/800px-Working_yaks.jpg?20160715062645', 'https://upload.wikimedia.org/wikipedia/commons/thumb/5/5a/Teenage_Mahout.jpg/800px-Teenage_Mahout.jpg?20190921011553']",Telega in Sosonka 2017 G1.jpg,an animal used for pulling heavy loads,black-forest-labs_FLUX.1-dev,PixArt-alpha_PixArt-Sigma-XL-2-512-MS
1030,predict_hypernym,33478721,molding.n.02,molding,['decoration.n.01'],"['adornment.n.01', 'arabesque.n.02', 'architectural_ornament.n.01', 'beading.n.01', 'bow.n.08', 'brass.n.05', 'centerpiece.n.02', 'christmas_tree.n.05', 'cockade.n.01', 'design.n.04', 'embellishment.n.02', 'finial.n.01', 'flower_arrangement.n.01', 'folderal.n.01', 'gargoyle.n.02', 'garnish.n.01', 'garnish.n.02', 'graffito.n.01', 'hanging.n.01', 'hood_ornament.n.01', 'incrustation.n.03', 'inlay.n.02', 'interior_decoration.n.01', 'knob.n.04', 'lunula.n.02', 'nailhead.n.01', 'necklet.n.01', 'overlay.n.02', 'rosemaling.n.01', 'set_decoration.n.01', 'sgraffito.n.01', 'spiral.n.04', 'sprig.n.02', 'stud.n.02', 'tail_fin.n.02', 'tinsel.n.01', 'tracery.n.01', 'wind_chime.n.01']","['https://upload.wikimedia.org/wikipedia/commons/thumb/5/58/Bronze_Age_spear_tip_mould_IMG_5123.jpg/800px-Bronze_Age_spear_tip_mould_IMG_5123.jpg?20100915084830', 'https://upload.wikimedia.org/wikipedia/commons/thumb/6/6f/Molding_next_to_a_door_in_the_Palace_of_Versailles.jpg/800px-Molding_next_to_a_door_in_the_Palace_of_Versailles.jpg?20221002103317', 'https://upload.wikimedia.org/wikipedia/commons/thumb/b/b8/20220916120442_IMG_9564.jpg/800px-20220916120442_IMG_9564.jpg?20220921121335', 'https://upload.wikimedia.org/wikipedia/commons/b/b3/Crown_molding_%285098483884%29.jpg?20180717164541', 'https://upload.wikimedia.org/wikipedia/commons/b/b8/Molding-cavetto.png?20110211090701']",Bronze Age spear tip mould IMG 5123.jpg,a decorative strip used for ornamentation or finishing,black-forest-labs_FLUX.1-dev,DeepFloyd_IF-I-XL-v1.0
1032,predict_hypernym,86714939,plan_of_action.n.01,plan_of_action,['plan.n.01'],"['agenda.n.01', 'audit_program.n.01', 'blueprint.n.01', 'budget.n.02', 'employee_savings_plan.n.01', 'master_plan.n.01', 'outline.n.03', 'pension_plan.n.01', 'project.n.02', 'regimen.n.01', 'road_map.n.01', 'stock_purchase_plan.n.01']","['https://upload.wikimedia.org/wikipedia/commons/thumb/6/62/House_of_Commons_Voting_on_the_Family_Protection_Action_Plan.jpg/800px-House_of_Commons_Voting_on_the_Family_Protection_Action_Plan.jpg?20190404150809', 'https://upload.wikimedia.org/wikipedia/commons/thumb/b/b4/Seattle_Preschool_Program_Action_Plan_%2814007982309%29.jpg/800px-Seattle_Preschool_Program_Action_Plan_%2814007982309%29.jpg?20170518182534', 'https://upload.wikimedia.org/wikipedia/commons/thumb/3/37/Seattle_Preschool_Program_Action_Plan_%2814007990088%29.jpg/800px-Seattle_Preschool_Program_Action_Plan_%2814007990088%29.jpg?20170518182525', 'https://upload.wikimedia.org/wikipedia/commons/thumb/1/18/Seattle_Preschool_Program_Action_Plan_%2814192110952%29.jpg/800px-Seattle_Preschool_Program_Action_Plan_%2814192110952%29.jpg?20170518182454', 'https://upload.wikimedia.org/wikipedia/commons/thumb/5/55/Seattle_Preschool_Program_Action_Plan_%2814191358531%29.jpg/800px-Seattle_Preschool_Program_Action_Plan_%2814191358531%29.jpg?20170518182440']",House of Commons Voting on the Family Protection Action Plan.jpg,a plan for actively doing something,PixArt-alpha_PixArt-Sigma-XL-2-512-MS,black-forest-labs_FLUX.1-dev
1051,predict_hypernym,93026246,heresy.n.02,heresy,['content.n.05'],"['acculturation.n.02', 'belief.n.01', 'education.n.02', 'experience.n.02', 'food.n.03', 'goal.n.01', 'idea.n.01', 'ignorance.n.01', 'issue.n.01', 'kernel.n.03', 'knowledge_domain.n.01', 'lore.n.01', 'metaknowledge.n.01', 'noumenon.n.01', 'object.n.04', 'representation.n.01', 'topic.n.02', 'tradition.n.01', 'unbelief.n.01', 'universe.n.03', 'wisdom.n.01']","['https://upload.wikimedia.org/wikipedia/commons/thumb/1/10/GustafVasakyrkan_RightAltargroup1.jpg/793px-GustafVasakyrkan_RightAltargroup1.jpg?20050124002305', 'https://upload.wikimedia.org/wikipedia/commons/b/bd/Galileo_before_the_Holy_Office.jpg?20060313044541', 'https://upload.wikimedia.org/wikipedia/commons/thumb/6/6b/Galileo_before_the_Holy_Office_-_Joseph-Nicolas_Robert-Fleury%2C_1847.png/800px-Galileo_before_the_Holy_Office_-_Joseph-Nicolas_Robert-Fleury%2C_1847.png?20200313061819', 'https://upload.wikimedia.org/wikipedia/commons/thumb/a/ad/Religion_Overthrowing_Heresy_and_Hatred_Legros.jpg/509px-Religion_Overthrowing_Heresy_and_Hatred_Legros.jpg?20070220182449', 'https://upload.wikimedia.org/wikipedia/commons/thumb/4/4a/St._Ignatius_heresy_facade_Gesu_Rome.jpg/300px-St._Ignatius_heresy_facade_Gesu_Rome.jpg?20090925174845']",GustafVasakyrkan RightAltargroup1.jpg,a belief that rejects the orthodox tenets of a religion,Tencent-Hunyuan_HunyuanDiT-v1.2-Diffusers,black-forest-labs_FLUX.1-dev
1053,predict_hypernym,69053775,statement.n.01,statement,['message.n.02'],"['acknowledgment.n.03', 'approval.n.04', 'body.n.08', 'commitment.n.04', 'corker.n.01', 'digression.n.01', 'direction.n.06', 'disapproval.n.02', 'disrespect.n.01', 'drivel.n.01', 'guidance.n.01', 'information.n.01', 'interpolation.n.01', 'latent_content.n.01', 'meaning.n.01', 'memorial.n.02', 'narrative.n.01', 'nonsense.n.01', 'offer.n.02', 'opinion.n.02', 'promotion.n.01', 'proposal.n.01', 'refusal.n.02', 'reminder.n.01', 'request.n.01', 'respects.n.01', 'sensationalism.n.01', 'shocker.n.02', 'statement.n.04', 'subject.n.01', 'submission.n.01', 'wit.n.01']","['https://upload.wikimedia.org/wikipedia/commons/thumb/9/9f/Wikidata_statement_en.svg/751px-Wikidata_statement_en.svg.png?20160131201405', 'https://upload.wikimedia.org/wikipedia/commons/thumb/1/16/VHHH_baggage_claim_area.jpg/799px-VHHH_baggage_claim_area.jpg?20080308013438', 'https://upload.wikimedia.org/wikipedia/commons/3/3f/Mission_statement%2C_US_Immigration_and_Customs_Enforcement.gif?20070503185748', 'https://upload.wikimedia.org/wikipedia/commons/thumb/5/5c/Gasshukoku_suishi_teitoku_k%C5%8Dj%C5%8Dgaki_%28Oral_statement_by_the_American_Navy_admiral%29.png/800px-Gasshukoku_suishi_teitoku_k%C5%8Dj%C5%8Dgaki_%28Oral_statement_by_the_American_Navy_admiral%29.png?20090322103000', 'https://upload.wikimedia.org/wikipedia/commons/thumb/2/20/Karbala-tv.jpg/800px-Karbala-tv.jpg?20210624115154']",Wikidata statement en.svg,a message that is stated or declared; a communication (oral or written) setting forth particulars or facts etc,PixArt-alpha_PixArt-Sigma-XL-2-512-MS,black-forest-labs_FLUX.1-dev
1058,predict_hypernym,29779486,enthusiast.n.01,enthusiast,['supporter.n.01'],"['anglophile.n.01', 'believer.n.01', 'boswell.n.02', 'cheerleader.n.01', 'confederate.n.01', 'corporatist.n.01', 'francophile.n.01', 'free_trader.n.01', 'functionalist.n.01', 'jacobite.n.01', 'loyalist.n.01', 'new_dealer.n.01', 'philhellene.n.01', 'pillar.n.03', 'roundhead.n.02', 'seconder.n.01', 'shavian.n.01', 'subscriber.n.01', 'sympathizer.n.02', 'toaster.n.01', 'upholder.n.01', 'voucher.n.01', 'whig.n.02']","['https://upload.wikimedia.org/wikipedia/commons/thumb/7/75/San_marcos_bullfight_04.jpg/800px-San_marcos_bullfight_04.jpg?20100502162127', 'https://upload.wikimedia.org/wikipedia/commons/thumb/b/bd/Albert_Rocas_Selecci%C3%B3n_2013.jpg/400px-Albert_Rocas_Selecci%C3%B3n_2013.jpg?20130701184743', 'https://upload.wikimedia.org/wikipedia/commons/thumb/2/22/20180602_FIFA_Friendly_Match_Austria_vs._Germany_Team_Germany_850_0740.jpg/800px-20180602_FIFA_Friendly_Match_Austria_vs._Germany_Team_Germany_850_0740.jpg?20180608193046', 'https://upload.wikimedia.org/wikipedia/commons/thumb/a/ac/Devotee_at_Kedarnath_Temple_%28India%29.jpg/800px-Devotee_at_Kedarnath_Temple_%28India%29.jpg?20240319221651', 'https://upload.wikimedia.org/wikipedia/commons/thumb/4/4d/Asian_fan_dance2.jpg/800px-Asian_fan_dance2.jpg?20070706194724']",San marcos bullfight 04.jpg,an ardent and enthusiastic supporter of some person or activity,stabilityai_stable-diffusion-xl-base-1.0,black-forest-labs_FLUX.1-dev
1069,leafs_and_no_leafs,9793248,ancient.n.01,ancient,['oldster.n.01'],"['centenarian.n.01', 'curmudgeon.n.01', 'dodderer.n.01', 'dodo.n.01', 'dotard.n.01', 'has-been.n.01', 'nonagenarian.n.01', 'octogenarian.n.01', 'old_boy.n.02', 'old_man.n.01', 'old_woman.n.01', 'septuagenarian.n.01', 'sexagenarian.n.01']","['https://upload.wikimedia.org/wikipedia/commons/c/c5/Egypt.Giza.Sphinx.01.jpg?20111230124541', 'https://upload.wikimedia.org/wikipedia/commons/thumb/3/36/Anfiteatro%2C_El_Jem%2C_T%C3%BAnez%2C_2016-09-04%2C_DD_55-66_HDR_PAN.jpg/800px-Anfiteatro%2C_El_Jem%2C_T%C3%BAnez%2C_2016-09-04%2C_DD_55-66_HDR_PAN.jpg?20161005110352', 'https://upload.wikimedia.org/wikipedia/commons/thumb/b/b7/SevenWondersOfTheWorld.png/431px-SevenWondersOfTheWorld.png?20071125151941', 'https://upload.wikimedia.org/wikipedia/commons/thumb/3/38/Denis_Bourez_-_British_Museum%2C_London_%288747049029%29_%282%29.jpg/800px-Denis_Bourez_-_British_Museum%2C_London_%288747049029%29_%282%29.jpg?20131224171153', 'https://upload.wikimedia.org/wikipedia/commons/thumb/f/f0/Villa_Romana_del_Casale_Mosaic_009_5104.jpg/800px-Villa_Romana_del_Casale_Mosaic_009_5104.jpg?20200328132037']",Egypt.Giza.Sphinx.01.jpg,a very old person,stabilityai_stable-diffusion-xl-base-1.0,black-forest-labs_FLUX.1-dev
1072,predict_hypernym,68234145,enthusiast.n.01,enthusiast,['supporter.n.01'],"['anglophile.n.01', 'believer.n.01', 'boswell.n.02', 'cheerleader.n.01', 'confederate.n.01', 'corporatist.n.01', 'francophile.n.01', 'free_trader.n.01', 'functionalist.n.01', 'jacobite.n.01', 'loyalist.n.01', 'new_dealer.n.01', 'philhellene.n.01', 'pillar.n.03', 'roundhead.n.02', 'seconder.n.01', 'shavian.n.01', 'subscriber.n.01', 'sympathizer.n.02', 'toaster.n.01', 'upholder.n.01', 'voucher.n.01', 'whig.n.02']","['https://upload.wikimedia.org/wikipedia/commons/thumb/7/75/San_marcos_bullfight_04.jpg/800px-San_marcos_bullfight_04.jpg?20100502162127', 'https://upload.wikimedia.org/wikipedia/commons/thumb/b/bd/Albert_Rocas_Selecci%C3%B3n_2013.jpg/400px-Albert_Rocas_Selecci%C3%B3n_2013.jpg?20130701184743', 'https://upload.wikimedia.org/wikipedia/commons/thumb/2/22/20180602_FIFA_Friendly_Match_Austria_vs._Germany_Team_Germany_850_0740.jpg/800px-20180602_FIFA_Friendly_Match_Austria_vs._Germany_Team_Germany_850_0740.jpg?20180608193046', 'https://upload.wikimedia.org/wikipedia/commons/thumb/a/ac/Devotee_at_Kedarnath_Temple_%28India%29.jpg/800px-Devotee_at_Kedarnath_Temple_%28India%29.jpg?20240319221651', 'https://upload.wikimedia.org/wikipedia/commons/thumb/4/4d/Asian_fan_dance2.jpg/800px-Asian_fan_dance2.jpg?20070706194724']",San marcos bullfight 04.jpg,an ardent and enthusiastic supporter of some person or activity,black-forest-labs_FLUX.1-dev,PixArt-alpha_PixArt-Sigma-XL-2-512-MS
1073,predict_hypernym,54495173,time_off.n.01,time_off,['time_period.n.01'],"['air_alert.n.01', 'bimester.n.01', 'bimillennium.n.02', 'bout.n.02', 'bronze_age.n.02', 'calendar_day.n.01', 'calendar_month.n.01', 'century.n.01', 'clotting_time.n.01', 'dawn.n.03', 'day.n.04', 'day.n.07', 'decade.n.01', 'dog_days.n.01', 'downtime.n.01', 'drought.n.02', 'duration.n.01', 'elapsed_time.n.01', 'enlistment.n.01', 'era.n.01', 'eve.n.03', 'evening.n.02', 'evening.n.03', 'festival.n.01', 'field_day.n.03', 'flower.n.03', 'fortnight.n.01', 'generation.n.03', 'golden_age.n.03', 'great_year.n.01', 'half-century.n.01', 'half_life.n.01', 'honeymoon.n.02', 'hospitalization.n.01', 'hour.n.03', 'hours.n.02', 'incubation_period.n.01', 'indian_summer.n.01', 'indiction.n.01', 'iron_age.n.02', 'lactation.n.01', 'lease.n.03', 'life.n.05', 'life.n.06', 'life.n.07', 'long_run.n.01', 'long_time.n.01', 'lustrum.n.01', 'mid-april.n.01', 'mid-august.n.01', 'mid-december.n.01', 'mid-february.n.01', 'mid-january.n.01', 'mid-july.n.01', 'mid-june.n.01', 'mid-march.n.01', 'mid-may.n.01', 'mid-november.n.01', 'mid-october.n.01', 'mid-september.n.01', 'midweek.n.02', 'midwinter.n.01', 'millennium.n.01', 'morning.n.01', 'multistage.n.01', 'night.n.01', 'night.n.02', 'night.n.03', 'night.n.07', 'novitiate.n.01', 'occupation.n.05', 'olympiad.n.01', 'overtime.n.02', 'past.n.02', 'peacetime.n.01', 'phase.n.01', 'phase_of_the_moon.n.01', 'prehistory.n.01', 'prohibition.n.03', 'puerperium.n.01', 'quadrennium.n.01', 'quarter-century.n.01', 'quarter.n.06', 'question_time.n.01', 'quinquennium.n.01', 'rainy_day.n.01', 'real_time.n.01', 'real_time.n.02', 'regulation_time.n.01', 'reign.n.01', 'run.n.08', 'running_time.n.01', 'school.n.05', 'season.n.01', 'season.n.02', 'season.n.03', 'semester.n.02', 'shelf_life.n.01', 'silly_season.n.01', 'silver_age.n.01', 'sleep.n.03', 'study_hall.n.01', 'term.n.02', 'tide.n.03', 'time.n.02', 'time.n.03', 'time_frame.n.01', 'time_limit.n.01', 'time_of_life.n.01', 'times.n.01', 'travel_time.n.01', 'trial_period.n.01', 'trimester.n.01', 'uptime.n.01', 'usance.n.01', 'wartime.n.01', 'watch.n.04', 'week.n.01', 'week.n.03', 'weekend.n.01', 'window.n.05', 'work_time.n.01', 'year.n.01', 'year.n.02', 'year.n.03', 'youth.n.05']","['https://upload.wikimedia.org/wikipedia/commons/thumb/1/1b/Thai_Airways_International_Boeing_747-4D7_HS-TGP_MUC_2015_03.jpg/800px-Thai_Airways_International_Boeing_747-4D7_HS-TGP_MUC_2015_03.jpg?20150402211417', 'https://upload.wikimedia.org/wikipedia/commons/thumb/5/57/Emirates_Airbus_A380-861_A6-EER_MUC_2015_01.jpg/800px-Emirates_Airbus_A380-861_A6-EER_MUC_2015_01.jpg?20150801085830', 'https://upload.wikimedia.org/wikipedia/commons/thumb/2/24/Lufthansa_Airbus_A320-211_D-AIQT_01.jpg/800px-Lufthansa_Airbus_A320-211_D-AIQT_01.jpg?20130720084834', 'https://upload.wikimedia.org/wikipedia/commons/thumb/1/15/Hawker_Sea_Fury_FB_10_F-AZXJ_OTT_2013_10.jpg/800px-Hawker_Sea_Fury_FB_10_F-AZXJ_OTT_2013_10.jpg?20131018161442', 'https://upload.wikimedia.org/wikipedia/commons/thumb/9/97/Edgar_Allan_Poe%2C_circa_1849%2C_restored%2C_squared_off.jpg/426px-Edgar_Allan_Poe%2C_circa_1849%2C_restored%2C_squared_off.jpg?20230119190010']",Thai Airways International Boeing 747-4D7 HS-TGP MUC 2015 03.jpg,a time period when you are not required to work,retrieval,black-forest-labs_FLUX.1-dev
1075,leafs_and_no_leafs,12402348,banyan.n.01,banyan,['fig_tree.n.01'],"['fig.n.02', 'golden_fig.n.01', 'india-rubber_tree.n.01', 'mistletoe_fig.n.01', 'pipal.n.01', 'port_jackson_fig.n.01', 'sycamore.n.04']","['https://upload.wikimedia.org/wikipedia/commons/thumb/2/21/Ringling_Museum_Banyan_tree_Sarasota_Florida.jpg/800px-Ringling_Museum_Banyan_tree_Sarasota_Florida.jpg?20170416223709', 'https://upload.wikimedia.org/wikipedia/commons/thumb/8/8c/Little_Banyan_tree_Photography.jpg/450px-Little_Banyan_tree_Photography.jpg?20211212152738', 'https://upload.wikimedia.org/wikipedia/commons/thumb/0/0d/Big_Banyan_Tree_at_Bangalore.jpg/800px-Big_Banyan_Tree_at_Bangalore.jpg?20140620135405', 'https://upload.wikimedia.org/wikipedia/commons/thumb/4/4c/Banyan_tree_2024.jpg/800px-Banyan_tree_2024.jpg?20240206074639', 'https://upload.wikimedia.org/wikipedia/commons/thumb/8/8e/Banyan_tree_near_Mendut_Temple%2C_20220817_0909_8574.jpg/526px-Banyan_tree_near_Mendut_Temple%2C_20220817_0909_8574.jpg?20230401071905']",Ringling Museum Banyan tree Sarasota Florida.jpg,East Indian tree that puts out aerial shoots that grow down into the soil forming additional trunks,stabilityai_sdxl-turbo,black-forest-labs_FLUX.1-dev
1084,predict_hypernym,17594832,egotist.n.01,egotist,['unpleasant_person.n.01'],"['aggravator.n.01', 'alienator.n.01', 'anathema.n.01', 'asshole.n.01', 'bore.n.01', 'cold_fish.n.01', 'creep.n.01', 'critic.n.03', 'cunt.n.01', 'cynic.n.01', 'grabber.n.01', 'grouch.n.01', 'incubus.n.03', 'joker.n.02', 'monster.n.04', 'oppressor.n.01', 'pain.n.04', 'pawer.n.01', 'peasant.n.03', 'pharisee.n.01', 'pill.n.03', 'prima_donna.n.01', 'prude.n.01', 'rotter.n.01', 'scoffer.n.02', 'scold.n.01', 'selfish_person.n.01', 'sneak.n.01', 'sneerer.n.01', 'snob.n.01', 'snorter.n.01', 'unpleasant_woman.n.01', 'upstart.n.01', 'upstart.n.02', 'vulgarian.n.01', 'whiner.n.01', 'worm.n.02']","['https://upload.wikimedia.org/wikipedia/commons/c/cd/The_egotist-_or%2C_Colley_upon_Cibber_Fleuron_T073427-6.png?20170705184233', 'https://upload.wikimedia.org/wikipedia/commons/thumb/6/66/The_egotist-_or%2C_Colley_upon_Cibber_Fleuron_T073427-4.png/799px-The_egotist-_or%2C_Colley_upon_Cibber_Fleuron_T073427-4.png?20170705184151', 'https://upload.wikimedia.org/wikipedia/commons/thumb/e/ed/The_egotist-_or%2C_Colley_upon_Cibber_Fleuron_T073427-2.png/800px-The_egotist-_or%2C_Colley_upon_Cibber_Fleuron_T073427-2.png?20170705184131', 'https://upload.wikimedia.org/wikipedia/commons/thumb/0/0b/The_egotist-_or%2C_Colley_upon_Cibber_Fleuron_T073427-5.png/800px-The_egotist-_or%2C_Colley_upon_Cibber_Fleuron_T073427-5.png?20170705184211', 'https://upload.wikimedia.org/wikipedia/commons/5/50/Egotist.gif?20190317144154']","The egotist- or, Colley upon Cibber Fleuron T073427-6.png",a conceited and self-centered person,runwayml_stable-diffusion-v1-5,black-forest-labs_FLUX.1-dev
1086,predict_hypernym,7025268,truck.n.01,truck,['motor_vehicle.n.01'],"['amphibian.n.01', 'bloodmobile.n.01', 'car.n.01', 'doodlebug.n.01', 'four-wheel_drive.n.01', 'go-kart.n.01', 'golfcart.n.01', 'hearse.n.01', 'motorcycle.n.01', 'snowplow.n.01']","['https://upload.wikimedia.org/wikipedia/commons/thumb/0/04/PK_Truck_on_N-5_near_Thatta_asv2020-02_img2.jpg/800px-PK_Truck_on_N-5_near_Thatta_asv2020-02_img2.jpg?20201006033942', 'https://upload.wikimedia.org/wikipedia/commons/thumb/f/f3/20141025_Shockwave_Truck_Alliance_Air_Show_2014-3.jpg/800px-20141025_Shockwave_Truck_Alliance_Air_Show_2014-3.jpg?20190406151436', 'https://upload.wikimedia.org/wikipedia/commons/thumb/b/b0/Recology_Lodal_Garbage_Truck_14425_in_San_Francisco.jpg/800px-Recology_Lodal_Garbage_Truck_14425_in_San_Francisco.jpg?20180116022349', 'https://upload.wikimedia.org/wikipedia/commons/thumb/1/11/Freightliner_M2_106_6x4_2014_%2814240376744%29.jpg/800px-Freightliner_M2_106_6x4_2014_%2814240376744%29.jpg?20140807080312', 'https://upload.wikimedia.org/wikipedia/commons/thumb/3/34/Renault_T-Truck_-_E_5958KC.jpg/780px-Renault_T-Truck_-_E_5958KC.jpg?20161019002100']",PK Truck on N-5 near Thatta asv2020-02 img2.jpg,an automotive vehicle suitable for hauling,black-forest-labs_FLUX.1-dev,kandinsky-community_kandinsky-3
1087,simple_triplet_2parent,80601213,abetalipoproteinemia.n.01,abetalipoproteinemia,"['hypobetalipoproteinemia.n.01', 'lipidosis.n.01']","['achondroplasia.n.01', 'autosomal_dominant_disease.n.01', 'autosomal_recessive_disease.n.01', 'congenital_afibrinogenemia.n.01', 'dwarfism.n.01', ""fanconi's_anemia.n.01"", 'hepatolenticular_degeneration.n.01', ""hirschsprung's_disease.n.01"", 'hyperbetalipoproteinemia.n.01', 'ichthyosis.n.01', 'inborn_error_of_metabolism.n.01', 'lactose_intolerance.n.01', 'maple_syrup_urine_disease.n.01', ""mcardle's_disease.n.01"", 'monogenic_disorder.n.01', 'mucopolysaccharidosis.n.01', 'muscular_dystrophy.n.01', 'nevoid_elephantiasis.n.01', 'oligodactyly.n.01', 'oligodontia.n.01', 'osteopetrosis.n.01', 'otosclerosis.n.01', 'polygenic_disorder.n.01', 'porphyria.n.01', 'spielmeyer-vogt_disease.n.01', 'abetalipoproteinemia.n.01', 'abetalipoproteinemia.n.01', ""gaucher's_disease.n.01"", 'niemann-pick_disease.n.01', 'tay-sachs_disease.n.01']","['https://upload.wikimedia.org/wikipedia/commons/thumb/e/e5/Acanthocytosis.jpg/800px-Acanthocytosis.jpg?20081221202432', 'https://upload.wikimedia.org/wikipedia/commons/thumb/2/25/Abetalipoproteinemia_-_very_high_mag.jpg/400px-Abetalipoproteinemia_-_very_high_mag.jpg?20110406204509', 'https://upload.wikimedia.org/wikipedia/commons/thumb/e/e4/Abetalipoproteinemia_-_high_mag.jpg/400px-Abetalipoproteinemia_-_high_mag.jpg?20110406204301', 'https://upload.wikimedia.org/wikipedia/commons/thumb/3/35/Abetalipoproteinemia_-_intermed_mag.jpg/800px-Abetalipoproteinemia_-_intermed_mag.jpg?20110406203904', 'https://upload.wikimedia.org/wikipedia/commons/thumb/9/9c/HS-ABL_Airbus_A320_Air_Asia_%287880495208%29.jpg/800px-HS-ABL_Airbus_A320_Air_Asia_%287880495208%29.jpg?20140504043705']",Acanthocytosis.jpg,a rare inherited disorder of fat metabolism; characterized by severe deficiency of beta-lipoproteins and abnormal red blood cells (acanthocytes) and abnormally low cholesterol levels,stabilityai_stable-diffusion-3-medium-diffusers,black-forest-labs_FLUX.1-dev
1090,predict_hypernym,21948213,experience.n.03,experience,['happening.n.01'],"['accident.n.02', 'accompaniment.n.01', 'appearance.n.02', 'avalanche.n.02', 'beginning.n.01', 'boom.n.03', 'case.n.01', 'change.n.01', 'collapse.n.02', 'contact.n.04', 'convergence.n.01', 'crash.n.03', 'destiny.n.01', 'disappearance.n.02', 'disappearance.n.04', 'discharge.n.01', 'ending.n.04', 'episode.n.01', 'error.n.06', 'eventuality.n.01', 'failure.n.02', 'finish.n.05', 'fire.n.01', 'flash.n.01', 'incident.n.01', 'interruption.n.02', 'juncture.n.01', 'miracle.n.01', 'movement.n.03', 'news_event.n.01', 'one-off.n.01', 'outbreak.n.01', 'outburst.n.02', 'periodic_event.n.01', 'reverse.n.03', 'sound.n.04', 'success.n.01', 'supervention.n.01', 'thing.n.05', 'treat.n.02', 'trouble.n.03', 'union.n.09', 'wonder.n.02']","['https://upload.wikimedia.org/wikipedia/commons/thumb/4/49/The_Prodigy_-_Experience_logo.png/800px-The_Prodigy_-_Experience_logo.png?20230624211443', 'https://upload.wikimedia.org/wikipedia/commons/thumb/f/f3/Ortho_experience.jpg/424px-Ortho_experience.jpg?20240729145430', 'https://upload.wikimedia.org/wikipedia/commons/thumb/9/9a/Experience_%281921%29_-_7.jpg/203px-Experience_%281921%29_-_7.jpg?20170810122109', 'https://upload.wikimedia.org/wikipedia/commons/5/53/Diplopia.jpg?20110816030125', 'https://upload.wikimedia.org/wikipedia/commons/thumb/5/5f/Consciousness_phenomenal-functional_%28pap%29.png/668px-Consciousness_phenomenal-functional_%28pap%29.png?20240322171301']",The Prodigy - Experience logo.png,an event as apprehended,prompthero_openjourney,black-forest-labs_FLUX.1-dev
1092,predict_hypernym,9112347,sermon.n.01,sermon,['address.n.03'],"['allocution.n.01', 'colloquium.n.02', 'dithyramb.n.01', 'impromptu.n.01', 'inaugural_address.n.01', 'lecture.n.01', 'litany.n.01', 'oratory.n.01', 'public_speaking.n.01']","['https://upload.wikimedia.org/wikipedia/commons/thumb/3/39/Knox_Window.jpg/796px-Knox_Window.jpg?20190922202406', 'https://upload.wikimedia.org/wikipedia/commons/thumb/e/ee/Urtasun-Lakidain_anaien_predikua._Diez_de_Ulzurrun_Sagal%C3%A0_familiaren_funts_pribatua%2C_DUSAT-004.jpg/800px-Urtasun-Lakidain_anaien_predikua._Diez_de_Ulzurrun_Sagal%C3%A0_familiaren_funts_pribatua%2C_DUSAT-004.jpg?20230801081643', 'https://upload.wikimedia.org/wikipedia/commons/thumb/c/cc/2022-12-24_Auf_der_Kanzel_der_Marktkirche_von_Hannover%2C_Landesbischof_Ralf_Meister.jpg/337px-2022-12-24_Auf_der_Kanzel_der_Marktkirche_von_Hannover%2C_Landesbischof_Ralf_Meister.jpg?20221224180500', 'https://upload.wikimedia.org/wikipedia/commons/thumb/3/3e/L%C3%B6scher_-_Predigt_zur_Einweihung_der_Dresdner_Frauenkirche.jpg/448px-L%C3%B6scher_-_Predigt_zur_Einweihung_der_Dresdner_Frauenkirche.jpg?20200525171248', 'https://upload.wikimedia.org/wikipedia/commons/thumb/4/42/Jain_Nun_Sermon.jpg/800px-Jain_Nun_Sermon.jpg?20200213113159']",Knox Window.jpg,an address of a religious nature (usually delivered during a church service),kandinsky-community_kandinsky-3,black-forest-labs_FLUX.1-dev
1101,predict_hypernym,40825299,armor_plate.n.01,armor_plate,['plate.n.14'],"['horseshoe.n.02', 'shell_plating.n.01']","['https://upload.wikimedia.org/wikipedia/commons/thumb/b/b9/Abrams-transparent.png/799px-Abrams-transparent.png?20090714031558', 'https://upload.wikimedia.org/wikipedia/commons/thumb/b/b2/Reconstitution_d%27armures_de_chevaliers_et_de_destriers%2C_XVIe_si%C3%A8cle%2C_Metropolitan_Museum_of_Art%2C_New_York.jpg/800px-Reconstitution_d%27armures_de_chevaliers_et_de_destriers%2C_XVIe_si%C3%A8cle%2C_Metropolitan_Museum_of_Art%2C_New_York.jpg?20051012001501', 'https://upload.wikimedia.org/wikipedia/commons/thumb/3/35/Savoyard_armour_edit.jpg/359px-Savoyard_armour_edit.jpg?20101110203015', 'https://upload.wikimedia.org/wikipedia/commons/thumb/9/90/LakeviewArmorWindowNov05.jpg/800px-LakeviewArmorWindowNov05.jpg?20080704144411', 'https://upload.wikimedia.org/wikipedia/commons/thumb/1/16/History_of_the_manufacture_of_armor_plate_for_the_United_States_navy_%281899%29_%2814779920074%29.jpg/800px-History_of_the_manufacture_of_armor_plate_for_the_United_States_navy_%281899%29_%2814779920074%29.jpg?20160919120311']",Abrams-transparent.png,specially hardened steel plate used to protect fortifications or vehicles from enemy fire,stabilityai_sdxl-turbo,black-forest-labs_FLUX.1-dev
1105,leafs_and_no_leafs,2632039,spearfish.n.01,spearfish,['billfish.n.02'],['marlin.n.01'],"['https://upload.wikimedia.org/wikipedia/commons/thumb/e/e4/Spearfish_historic_commercial_district%2C_Lawrence_County%2C_SD.jpg/800px-Spearfish_historic_commercial_district%2C_Lawrence_County%2C_SD.jpg?20130716012411', 'https://upload.wikimedia.org/wikipedia/commons/thumb/e/ef/Spearfish%2C_South_Dakota_1902.jpg/800px-Spearfish%2C_South_Dakota_1902.jpg?20100115020536', 'https://upload.wikimedia.org/wikipedia/commons/2/2f/Tractor_by_abandoned_outpost_in_Spearfish%2C_SD.JPG?20130729134847', 'https://upload.wikimedia.org/wikipedia/commons/thumb/e/ed/Panoramic_view_of_Spearfish%2C_S.D._LCCN2007662778.tif/lossy-page1-800px-Panoramic_view_of_Spearfish%2C_S.D._LCCN2007662778.tif.jpg?20140620233806']","Spearfish historic commercial district, Lawrence County, SD.jpg",any of several large vigorous pelagic fishes resembling sailfishes but with first dorsal fin much reduced; worldwide but rare,black-forest-labs_FLUX.1-dev,Tencent-Hunyuan_HunyuanDiT-v1.2-Diffusers
1108,predict_hypernym,94558280,instruction.n.04,instruction,['code.n.03'],"['address.n.01', 'american_standard_code_for_information_interchange.n.01', 'binary_code.n.01', 'error_correction_code.n.01', 'firmware.n.01', 'machine_code.n.01', 'object_code.n.01', 'operation_code.n.01', 'software.n.01']","['https://upload.wikimedia.org/wikipedia/commons/thumb/6/60/091215-M-6770H-024_%284244334995%29.jpg/800px-091215-M-6770H-024_%284244334995%29.jpg?20161214184758', 'https://upload.wikimedia.org/wikipedia/commons/thumb/a/a3/Students_of_Nan_Hua_High_School%2C_Singapore%2C_in_the_school_hall_-_20060127.jpg/800px-Students_of_Nan_Hua_High_School%2C_Singapore%2C_in_the_school_hall_-_20060127.jpg?20060127071909', 'https://upload.wikimedia.org/wikipedia/commons/9/9a/Teaching_icon.png?20200414205119', 'https://upload.wikimedia.org/wikipedia/commons/thumb/4/4b/Young_boy_teaching_his_younger_sister_how_to_drive_a_motorized_pirogue_on_the_Mekong_in_Don_Det_Laos.jpg/800px-Young_boy_teaching_his_younger_sister_how_to_drive_a_motorized_pirogue_on_the_Mekong_in_Don_Det_Laos.jpg?20200908122201', 'https://upload.wikimedia.org/wikipedia/commons/thumb/d/d4/Woman_teaching_geometry.jpg/543px-Woman_teaching_geometry.jpg?20220522060713']",091215-M-6770H-024 (4244334995).jpg,(computer science) a line of code written as part of a computer program,Tencent-Hunyuan_HunyuanDiT-v1.2-Diffusers,black-forest-labs_FLUX.1-dev
1112,predict_hypernym,27768637,drill.n.01,drill,['tool.n.01'],"['abrader.n.01', 'bender.n.01', 'clincher.n.03', 'comb.n.03', 'cutting_implement.n.01', 'eolith.n.01', 'fork.n.04', 'gang.n.04', 'garden_tool.n.01', 'grapnel.n.01', 'hack.n.04', 'hand_tool.n.01', 'hoe.n.01', 'jack.n.10', 'jaws_of_life.n.01', 'neolith.n.01', 'paleolith.n.01', 'pestle.n.02', 'plow.n.01', 'power_tool.n.01', 'punch.n.03', 'rake.n.03', 'ram.n.04', 'rounder.n.02', 'saw_set.n.01', 'shaping_tool.n.01', 'strickle.n.03', 'stylus.n.02', 'tamp.n.01', 'tap.n.05', 'upset.n.04']","['https://upload.wikimedia.org/wikipedia/commons/thumb/a/ae/PalmercarpenterA.jpg/460px-PalmercarpenterA.jpg?20080109022058', 'https://upload.wikimedia.org/wikipedia/commons/thumb/d/d9/Drill_bits_2017_G1.jpg/800px-Drill_bits_2017_G1.jpg?20170311214553', 'https://upload.wikimedia.org/wikipedia/commons/thumb/0/06/Drill_scheme.svg/424px-Drill_scheme.svg.png?20220913120753', 'https://upload.wikimedia.org/wikipedia/commons/thumb/d/d0/Dril_%28Mandrillus_leucophaeus%29%2C_Tierpark_Hellabrunn%2C_M%C3%BAnich%2C_Alemania%2C_2012-06-17%2C_DD_05.JPG/415px-Dril_%28Mandrillus_leucophaeus%29%2C_Tierpark_Hellabrunn%2C_M%C3%BAnich%2C_Alemania%2C_2012-06-17%2C_DD_05.JPG?20121105192744', 'https://upload.wikimedia.org/wikipedia/commons/thumb/e/e0/Drill_%28Mandrillus_leucophaeus%29.jpg/526px-Drill_%28Mandrillus_leucophaeus%29.jpg?20150825161515']",PalmercarpenterA.jpg,a tool with a sharp point and cutting edges for making holes in hard materials (usually rotating rapidly or by repeated blows),kandinsky-community_kandinsky-3,black-forest-labs_FLUX.1-dev
1119,simple_triplet_2parent,825773,judo.n.01,judo,"['sport.n.01', 'martial_art.n.01']","['aikido.n.01', 'jujutsu.n.01', 'karate.n.01', 'kung_fu.n.01', 'ninjutsu.n.01', ""t'ai_chi.n.01"", 'tae_kwon_do.n.01', 'archery.n.01', 'athletic_game.n.01', 'blood_sport.n.01', 'contact_sport.n.01', 'cycling.n.01', 'funambulism.n.01', 'gymnastics.n.01', 'judo.n.01', 'outdoor_sport.n.01', 'racing.n.01', 'riding.n.01', 'rock_climbing.n.01', 'rowing.n.01', 'skating.n.01', 'skiing.n.01', 'sledding.n.01', 'spectator_sport.n.01', 'team_sport.n.01', 'track_and_field.n.01', 'water_sport.n.01']","['https://upload.wikimedia.org/wikipedia/commons/thumb/d/d6/KOCIS_Korea_Judo_Kim_Jaebum_London_36_%287696361164%29.jpg/740px-KOCIS_Korea_Judo_Kim_Jaebum_London_36_%287696361164%29.jpg?20140320223348', 'https://upload.wikimedia.org/wikipedia/commons/thumb/4/45/Judo.svg/100px-Judo.svg.png?20061231191554', 'https://upload.wikimedia.org/wikipedia/commons/thumb/6/64/2010_World_Judo_Championships_-_Thierry_Fabre_Vs_Takamasa_Anai_2.JPG/800px-2010_World_Judo_Championships_-_Thierry_Fabre_Vs_Takamasa_Anai_2.JPG?20100912052139', 'https://upload.wikimedia.org/wikipedia/commons/thumb/c/c6/050907-M-7747B-002-Judo.jpg/453px-050907-M-7747B-002-Judo.jpg?20060304095049', 'https://upload.wikimedia.org/wikipedia/commons/thumb/2/2c/Judo01cropped.jpg/457px-Judo01cropped.jpg?20060304103020']",KOCIS Korea Judo Kim Jaebum London 36 (7696361164).jpg,a sport adapted from jujitsu (using principles of not resisting) and similar to wrestling; developed in Japan,stabilityai_stable-diffusion-3-medium-diffusers,black-forest-labs_FLUX.1-dev
1120,leafs_and_no_leafs,7150023,collective_bargaining.n.01,collective_bargaining,['negotiation.n.01'],"['bargaining.n.01', 'diplomacy.n.01', 'horse_trading.n.02', 'mediation.n.01', 'parley.n.01']","['https://upload.wikimedia.org/wikipedia/commons/thumb/0/03/Collective_Bargaining_Vote_%285522465393%29.jpg/800px-Collective_Bargaining_Vote_%285522465393%29.jpg?20240304032412', 'https://upload.wikimedia.org/wikipedia/commons/thumb/5/55/Collective_Bargaining_Vote_%285523051844%29.jpg/800px-Collective_Bargaining_Vote_%285523051844%29.jpg?20240304032518', 'https://upload.wikimedia.org/wikipedia/commons/thumb/1/11/Collective_Bargaining_Vote_%285523052994%29.jpg/800px-Collective_Bargaining_Vote_%285523052994%29.jpg?20240304032502', 'https://upload.wikimedia.org/wikipedia/commons/thumb/7/77/Collective_Bargaining_Vote_%285522460199%29.jpg/800px-Collective_Bargaining_Vote_%285522460199%29.jpg?20240304032542', 'https://upload.wikimedia.org/wikipedia/commons/thumb/9/90/Collective_Bargaining_Vote_%285523055198%29.jpg/800px-Collective_Bargaining_Vote_%285523055198%29.jpg?20240304032431']",Collective Bargaining Vote (5522465393).jpg,negotiation between an employer and trade union,DeepFloyd_IF-I-XL-v1.0,black-forest-labs_FLUX.1-dev
1123,predict_hypernym,71828875,object.n.01,object,['physical_entity.n.01'],"['causal_agent.n.01', 'matter.n.03', 'process.n.06', 'substance.n.04', 'thing.n.12']","['https://upload.wikimedia.org/wikipedia/commons/thumb/2/21/Merak_tarung.jpg/800px-Merak_tarung.jpg?20170614152211', 'https://upload.wikimedia.org/wikipedia/commons/thumb/f/f1/Collage%2C_Objects%2C_Rostov-on-Don%2C_Russia.jpg/800px-Collage%2C_Objects%2C_Rostov-on-Don%2C_Russia.jpg?20230403152626', 'https://upload.wikimedia.org/wikipedia/commons/thumb/c/ca/S%C3%A8vres_-_Magot_-_Pajou%2C_buste_de_Madame_du_Barry_08.jpg/800px-S%C3%A8vres_-_Magot_-_Pajou%2C_buste_de_Madame_du_Barry_08.jpg?20140326131412', 'https://upload.wikimedia.org/wikipedia/commons/thumb/f/fa/Natuurgebied_Petgatten_De_Feanhoop._19-10-2020._%28actm.%29_51.jpg/382px-Natuurgebied_Petgatten_De_Feanhoop._19-10-2020._%28actm.%29_51.jpg?20201205065026', 'https://upload.wikimedia.org/wikipedia/commons/thumb/6/63/Harlingen._Bediening_voor_Kleine_Sluis._12-07-2021._%28d.j.b%29.jpg/800px-Harlingen._Bediening_voor_Kleine_Sluis._12-07-2021._%28d.j.b%29.jpg?20210720173158']",Merak tarung.jpg,a tangible and visible entity; an entity that can cast a shadow,black-forest-labs_FLUX.1-dev,PixArt-alpha_PixArt-Sigma-XL-2-512-MS
1127,simple_triplet_2parent,14872875,foam_rubber.n.01,foam_rubber,"['foam.n.02', 'rubber.n.01']","['styrofoam.n.01', 'cold_rubber.n.01', 'crepe_rubber.n.01', 'foam_rubber.n.01', 'hard_rubber.n.01', 'para_rubber.n.01']","['https://upload.wikimedia.org/wikipedia/commons/thumb/2/27/Porolon.jpg/800px-Porolon.jpg?20100309161503', 'https://upload.wikimedia.org/wikipedia/commons/thumb/8/80/20200901_Moosgummi_Platten_2.jpg/600px-20200901_Moosgummi_Platten_2.jpg?20200901172058', 'https://upload.wikimedia.org/wikipedia/commons/thumb/6/69/20200901_Moosgummi_Farbf%C3%A4cher.jpg/561px-20200901_Moosgummi_Farbf%C3%A4cher.jpg?20200901172051', 'https://upload.wikimedia.org/wikipedia/commons/thumb/a/a2/20200901_Moosgummi_Platten_3.jpg/600px-20200901_Moosgummi_Platten_3.jpg?20200901172052', 'https://upload.wikimedia.org/wikipedia/commons/thumb/a/a6/20200901_Moosgummi_Platten_1.jpg/800px-20200901_Moosgummi_Platten_1.jpg?20200901172054']",Porolon.jpg,spongy rubber; made by introducing air bubbles before vulcanization and used for cushioning or upholstery,DeepFloyd_IF-I-XL-v1.0,black-forest-labs_FLUX.1-dev
1133,predict_hypernym,87905267,work.v.05,work,['transform.v.02'],"['destalinize.v.01', 'sorcerize.v.01', 'stalinize.v.01', 'transubstantiate.v.01']","['https://upload.wikimedia.org/wikipedia/commons/2/25/Baseball_pitching_motion_2004.jpg?20050916052906', 'https://upload.wikimedia.org/wikipedia/commons/thumb/4/40/Mechanical_work_projectile_accelerating_de.svg/800px-Mechanical_work_projectile_accelerating_de.svg.png?20091021221014', 'https://upload.wikimedia.org/wikipedia/commons/thumb/f/fa/Chiesa_di_Sant%E2%80%98Eusebio_facciata_ovest_cimitero_di_Cologne_provincia_di_Brescia.jpg/513px-Chiesa_di_Sant%E2%80%98Eusebio_facciata_ovest_cimitero_di_Cologne_provincia_di_Brescia.jpg?20190930161328', 'https://upload.wikimedia.org/wikipedia/commons/thumb/8/8e/Motifs_textiles.jpg/450px-Motifs_textiles.jpg?20240330232209', 'https://upload.wikimedia.org/wikipedia/commons/thumb/4/47/Work_%27Composition_monumentale%27_by_L%C3%A9on_WUIDAR_%281976-1977%29.jpg/800px-Work_%27Composition_monumentale%27_by_L%C3%A9on_WUIDAR_%281976-1977%29.jpg?20200721165512']",Baseball pitching motion 2004.jpg,"shape, form, or improve a material",Tencent-Hunyuan_HunyuanDiT-v1.2-Diffusers,black-forest-labs_FLUX.1-dev
1146,leafs_and_no_leafs,14867690,buntal.n.01,buntal,['plant_fiber.n.01'],"['cotton.n.01', 'flax.n.01', 'hemp.n.01', 'jute.n.01', 'kapok.n.01', 'raffia.n.01', 'red_silk_cotton.n.01', 'sisal.n.01', 'straw.n.01']","['https://upload.wikimedia.org/wikipedia/commons/thumb/1/19/10462019_Buntal_Hat_Festival_27.jpg/800px-10462019_Buntal_Hat_Festival_27.jpg?20190526105507', 'https://upload.wikimedia.org/wikipedia/commons/thumb/d/de/10462019_Buntal_Hat_Festival_48.jpg/800px-10462019_Buntal_Hat_Festival_48.jpg?20190526105717', 'https://upload.wikimedia.org/wikipedia/commons/thumb/1/1d/10462019_Buntal_Hat_Festival_41.jpg/800px-10462019_Buntal_Hat_Festival_41.jpg?20190526105625', 'https://upload.wikimedia.org/wikipedia/commons/thumb/6/68/10462019_Buntal_Hat_Festival_01.jpg/800px-10462019_Buntal_Hat_Festival_01.jpg?20190526105235', 'https://upload.wikimedia.org/wikipedia/commons/thumb/b/ba/10462019_Buntal_Hat_Festival_34.jpg/800px-10462019_Buntal_Hat_Festival_34.jpg?20190526105545']",10462019 Buntal Hat Festival 27.jpg,fine white Philippine fiber from stalks of unopened leaves of talipot palms; used in making hats,black-forest-labs_FLUX.1-dev,runwayml_stable-diffusion-v1-5
1148,simple_triplet_2parent,10333317,mother-in-law.n.01,mother-in-law,"['in-law.n.01', 'mother.n.01']","['brother-in-law.n.01', 'daughter-in-law.n.01', 'father-in-law.n.01', 'sister-in-law.n.01', 'son-in-law.n.01', 'ma.n.01', 'mater.n.01', 'mother-in-law.n.01', 'primipara.n.01', 'puerpera.n.01', 'quadripara.n.01', 'quintipara.n.01', 'supermom.n.01', 'surrogate_mother.n.01']","['https://upload.wikimedia.org/wikipedia/commons/thumb/a/a1/Healing_Mother-in-law_illustration.jpg/504px-Healing_Mother-in-law_illustration.jpg?20081112123756', 'https://upload.wikimedia.org/wikipedia/commons/thumb/1/1b/Whistlers_Mother_high_res.jpg/674px-Whistlers_Mother_high_res.jpg?20120107231817', 'https://upload.wikimedia.org/wikipedia/commons/thumb/d/d4/Kermit%27s_Mother-in-Law_Lounge%2C_New_Orleans_March_2019_01.jpg/317px-Kermit%27s_Mother-in-Law_Lounge%2C_New_Orleans_March_2019_01.jpg?20190831014335', 'https://upload.wikimedia.org/wikipedia/commons/thumb/5/5b/Kermit%27s_Mother-in-Law_Lounge%2C_New_Orleans_-_Ms_Andrews.jpg/433px-Kermit%27s_Mother-in-Law_Lounge%2C_New_Orleans_-_Ms_Andrews.jpg?20190831021443', 'https://upload.wikimedia.org/wikipedia/commons/thumb/2/23/Kermit%27s_Mother-in-Law_Lounge%2C_New_Orleans_March_2019_05.jpg/800px-Kermit%27s_Mother-in-Law_Lounge%2C_New_Orleans_March_2019_05.jpg?20190831014338']",Healing Mother-in-law illustration.jpg,the mother of your spouse,black-forest-labs_FLUX.1-dev,kandinsky-community_kandinsky-3
1154,predict_hypernym,22415712,area.n.03,area,['body_part.n.01'],"['abdomen.n.01', 'adnexa.n.01', 'ambulacrum.n.01', 'ampulla.n.01', 'apparatus.n.02', 'back.n.01', 'buttock.n.01', 'buttocks.n.01', 'cannon.n.05', 'dilator.n.01', 'dock.n.06', 'dorsum.n.02', 'energid.n.01', 'external_body_part.n.01', 'feature.n.02', 'flank.n.04', 'fornix.n.01', 'gaskin.n.01', 'groove.n.03', 'haunch.n.01', 'hindquarters.n.02', 'hip.n.01', 'horseback.n.01', 'joint.n.01', 'lobe.n.01', 'loin.n.02', 'loins.n.02', 'mentum.n.03', 'organ.n.01', 'partition.n.03', 'process.n.05', 'rectum.n.01', 'rudiment.n.02', 'saddle.n.06', 'shank.n.02', 'shin.n.01', 'shoulder.n.01', 'small.n.01', 'structure.n.04', 'stump.n.02', 'system.n.06', 'thorax.n.01', 'thorax.n.02', 'thorax.n.03', 'tissue.n.01', 'toe.n.03', 'torso.n.01', 'underpart.n.01', 'venter.n.04', 'withers.n.01']","['https://upload.wikimedia.org/wikipedia/commons/thumb/8/81/Area_conversion_-_square_mm_in_a_square_cm.png/713px-Area_conversion_-_square_mm_in_a_square_cm.png?20110420163009', 'https://upload.wikimedia.org/wikipedia/commons/thumb/b/b9/Area.svg/600px-Area.svg.png?20210215135557', 'https://upload.wikimedia.org/wikipedia/commons/thumb/e/eb/Triangle_area.svg/380px-Triangle_area.svg.png?20100108142719', 'https://upload.wikimedia.org/wikipedia/commons/thumb/a/a7/Squaring_the_circle.svg/281px-Squaring_the_circle.svg.png?20140412140518', 'https://upload.wikimedia.org/wikipedia/commons/thumb/6/68/Rectangle_4x5.svg/300px-Rectangle_4x5.svg.png?20060715073131']",Area conversion - square mm in a square cm.png,a part of an animal that has a special function or is supplied by a given artery or nerve,black-forest-labs_FLUX.1-dev,kandinsky-community_kandinsky-3
1158,predict_hypernym,20304383,pillar_of_islam.n.01,pillar_of_Islam,['pillar.n.01'],[],"['https://upload.wikimedia.org/wikipedia/commons/thumb/e/ef/Five_pillars_of_Islam.svg/665px-Five_pillars_of_Islam.svg.png?20230630170458', 'https://upload.wikimedia.org/wikipedia/commons/thumb/4/4c/Kalma_Islam_in_stone_at_Rohtas_Fort.jpg/800px-Kalma_Islam_in_stone_at_Rohtas_Fort.jpg?20090728171635', 'https://upload.wikimedia.org/wikipedia/commons/thumb/7/7a/Shahadah-1.svg/616px-Shahadah-1.svg.png?20240220181748', 'https://upload.wikimedia.org/wikipedia/commons/thumb/6/65/%D9%84%D8%A7_%D8%A7%D9%84%D9%87_%D8%A7%D9%84%D8%A7_%D8%A7%D9%84%D9%84%D9%87_%D9%85%D8%AD%D9%85%D8%AF_%D8%B1%D8%B3%D9%88%D9%84_%D8%A7%D9%84%D9%84%D9%87.jpg/800px-%D9%84%D8%A7_%D8%A7%D9%84%D9%87_%D8%A7%D9%84%D8%A7_%D8%A7%D9%84%D9%84%D9%87_%D9%85%D8%AD%D9%85%D8%AF_%D8%B1%D8%B3%D9%88%D9%84_%D8%A7%D9%84%D9%84%D9%87.jpg?20171008040852', 'https://upload.wikimedia.org/wikipedia/commons/thumb/d/d1/Emblem_of_Muhammadiyah.svg/600px-Emblem_of_Muhammadiyah.svg.png?20220913025557']",Five pillars of Islam.svg,(Islam) one of the five religious obligations accepted by all Muslims,black-forest-labs_FLUX.1-dev,DeepFloyd_IF-I-XL-v1.0
1160,leafs_and_no_leafs,13793330,bridge.n.03,bridge,['connection.n.01'],"['alliance.n.02', 'communication.n.03', 'concatenation.n.02', 'involvement.n.02', 'linkage.n.01', 'relatedness.n.01', 'relevance.n.01', 'series.n.05']","['https://upload.wikimedia.org/wikipedia/commons/thumb/5/5b/Temporary_wooden_footbridge_leading_to_the_city_of_Luang_Prabang.jpg/800px-Temporary_wooden_footbridge_leading_to_the_city_of_Luang_Prabang.jpg?20181121144248', 'https://upload.wikimedia.org/wikipedia/commons/thumb/0/0c/GoldenGateBridge-001.jpg/800px-GoldenGateBridge-001.jpg?20070103101436', 'https://upload.wikimedia.org/wikipedia/commons/thumb/d/d7/Mostar_Old_Town_Panorama_2007.jpg/800px-Mostar_Old_Town_Panorama_2007.jpg?20100202153925', 'https://upload.wikimedia.org/wikipedia/commons/thumb/c/c8/Kizil_Hauzen_Bridge_2013.jpg/800px-Kizil_Hauzen_Bridge_2013.jpg?20131217170313']",Temporary wooden footbridge leading to the city of Luang Prabang.jpg,something resembling a bridge in form or function,PixArt-alpha_PixArt-Sigma-XL-2-512-MS,black-forest-labs_FLUX.1-dev
1169,predict_hypernym,28010121,dressing.n.01,dressing,['sauce.n.01'],"['aioli.n.01', 'allemande.n.01', 'anchovy_sauce.n.01', 'apricot_sauce.n.01', 'barbecue_sauce.n.01', 'bearnaise.n.01', 'bercy.n.01', 'bordelaise.n.01', 'bourguignon.n.01', 'bread_sauce.n.01', 'brown_sauce.n.02', 'caper_sauce.n.01', 'chinese_brown_sauce.n.01', 'chocolate_sauce.n.01', 'cocktail_sauce.n.01', 'colbert.n.01', 'curry_sauce.n.01', 'demiglace.n.01', 'espagnole.n.01', 'gravy.n.01', 'hard_sauce.n.01', 'hollandaise.n.01', 'horseradish_sauce.n.01', 'hot_sauce.n.01', 'hungarian_sauce.n.01', ""hunter's_sauce.n.01"", 'lyonnaise_sauce.n.01', 'marchand_de_vin.n.01', 'mole.n.03', 'mushroom_sauce.n.01', 'mustard_sauce.n.01', 'nantua.n.01', 'newburg_sauce.n.01', 'peach_sauce.n.01', 'pepper_sauce.n.01', 'pesto.n.01', 'plum_sauce.n.01', 'poulette.n.01', 'ravigote.n.01', 'remoulade_sauce.n.01', 'smitane.n.01', 'snail_butter.n.01', 'soubise.n.01', 'spaghetti_sauce.n.01', 'tartare_sauce.n.01', 'veloute.n.01', 'white_sauce.n.01', 'wine_sauce.n.01', 'worcester_sauce.n.01']","['https://upload.wikimedia.org/wikipedia/commons/thumb/4/40/Adhesive_dressing-20100202.jpg/800px-Adhesive_dressing-20100202.jpg?20100416034017', 'https://upload.wikimedia.org/wikipedia/commons/thumb/6/66/Salad_with_cranberry_dressing.jpg/800px-Salad_with_cranberry_dressing.jpg?20140622154948', 'https://upload.wikimedia.org/wikipedia/commons/thumb/0/09/Ken%27s_Steakhouse_dressing.jpg/231px-Ken%27s_Steakhouse_dressing.jpg?20230731014250', 'https://upload.wikimedia.org/wikipedia/commons/thumb/2/26/PXL_20230523_164106755_Marshall_University_Drinko_Library_coffee_shop_food_yogurts%2C_chef_salad%2C_and_fruit_cups_and_salad_dressing.jpg/800px-PXL_20230523_164106755_Marshall_University_Drinko_Library_coffee_shop_food_yogurts%2C_chef_salad%2C_and_fruit_cups_and_salad_dressing.jpg?20230614130902', 'https://upload.wikimedia.org/wikipedia/commons/thumb/7/70/Salad_Dressing_%2823340150265%29.jpg/800px-Salad_Dressing_%2823340150265%29.jpg?20151224121424']",Adhesive dressing-20100202.jpg,savory dressings for salads; basically of two kinds: either the thin French or vinaigrette type or the creamy mayonnaise type,retrieval,black-forest-labs_FLUX.1-dev
1174,leafs_and_no_leafs,281913,bronze.v.01,bronze,['dye.v.01'],"['deep-dye.v.01', 'double_dye.v.01', 'fast_dye.v.01', 'hand-dye.v.01', 'impress.v.07', 'piece-dye.v.01', 'stain.v.01', 'stain.v.04']","['https://upload.wikimedia.org/wikipedia/commons/thumb/b/bb/Augustus_Bronze_X23322_NAMAthens.jpg/525px-Augustus_Bronze_X23322_NAMAthens.jpg?20160114164213', 'https://upload.wikimedia.org/wikipedia/commons/thumb/1/18/Ewer_with_Elephant-Headed_Spout.jpg/600px-Ewer_with_Elephant-Headed_Spout.jpg?20181208170814', 'https://upload.wikimedia.org/wikipedia/commons/thumb/9/9e/Monnaie_en_bronze%2C_Pont_Amisos%2C_85-65_BCE.jpg/800px-Monnaie_en_bronze%2C_Pont_Amisos%2C_85-65_BCE.jpg?20170819161439', 'https://upload.wikimedia.org/wikipedia/commons/thumb/0/0e/Assorted_bronze_castings.JPG/491px-Assorted_bronze_castings.JPG?20051031204446', 'https://upload.wikimedia.org/wikipedia/commons/thumb/f/fd/Bronze_Marcus_Aurelius_Louvre.jpg/400px-Bronze_Marcus_Aurelius_Louvre.jpg?20201102214800']",Augustus Bronze X23322 NAMAthens.jpg,give the color and appearance of bronze to something,black-forest-labs_FLUX.1-dev,stabilityai_stable-diffusion-xl-base-1.0
1180,simple_triplet_2parent,14169364,tay-sachs_disease.n.01,Tay-Sachs_disease,"['monogenic_disorder.n.01', 'lipidosis.n.01']","['limb-girdle_muscular_dystrophy.n.01', 'niemann-pick_disease.n.01', 'thrombasthenia.n.01', 'tyrosinemia.n.01', 'werdnig-hoffman_disease.n.01', 'abetalipoproteinemia.n.01', ""gaucher's_disease.n.01"", 'niemann-pick_disease.n.01', 'tay-sachs_disease.n.01', 'cystic_fibrosis.n.01', 'familial_hypercholesterolemia.n.01', ""gaucher's_disease.n.01"", ""huntington's_chorea.n.01"", ""hurler's_syndrome.n.01"", 'neurofibromatosis.n.01', 'severe_combined_immunodeficiency.n.01', 'sickle-cell_anemia.n.01', 'tay-sachs_disease.n.01', 'thalassemia.n.01']","['https://upload.wikimedia.org/wikipedia/commons/0/0f/Tay-sachsUMich.jpg?20120217012548', 'https://upload.wikimedia.org/wikipedia/commons/b/b4/HEXA_location.png?20150704071305', 'https://upload.wikimedia.org/wikipedia/commons/b/be/Human_chromosome_15_from_NCBI_Bookshelf.jpg?20150728124217', 'https://upload.wikimedia.org/wikipedia/commons/d/d5/Autorecessive_tay_sachs.png?20140821095522', 'https://upload.wikimedia.org/wikipedia/commons/thumb/3/35/TVS4667_%28OK-TSD%29_%2814314979363%29.jpg/800px-TVS4667_%28OK-TSD%29_%2814314979363%29.jpg?20141229065502']",Tay-sachsUMich.jpg,a hereditary disorder of lipid metabolism occurring most frequently in individuals of Jewish descent in eastern Europe; accumulation of lipids in nervous tissue results in death in early childhood,black-forest-labs_FLUX.1-dev,retrieval
1182,simple_triplet_2parent,8473173,industrial_workers_of_the_world.n.01,Industrial_Workers_of_the_World,"['union.n.01', 'labor_movement.n.01']","['unionism.n.01', 'company_union.n.01', 'craft_union.n.01', 'industrial_union.n.01', 'industrial_workers_of_the_world.n.01']","['https://upload.wikimedia.org/wikipedia/commons/thumb/7/71/Iwwlogo.svg/600px-Iwwlogo.svg.png?20200930080239', 'https://upload.wikimedia.org/wikipedia/commons/thumb/3/34/Industrial_Workers_of_the_World_%28IWW%29.jpg/600px-Industrial_Workers_of_the_World_%28IWW%29.jpg?20230711231900', 'https://upload.wikimedia.org/wikipedia/commons/thumb/5/54/IWW_Was_willst_du_denn_schon_wieder%2C_Chef%3F.png/424px-IWW_Was_willst_du_denn_schon_wieder%2C_Chef%3F.png?20210910102921', 'https://upload.wikimedia.org/wikipedia/commons/f/f1/IWOC_logo.jpg?20210315000201', 'https://upload.wikimedia.org/wikipedia/commons/thumb/9/90/18_Mar_2007_Seattle_Demo_IWW_07A.jpg/800px-18_Mar_2007_Seattle_Demo_IWW_07A.jpg?20070320070031']",Iwwlogo.svg,a former international labor union and radical labor movement in the United States; founded in Chicago in 1905 and dedicated to the overthrow of capitalism; its membership declined after World War I,playgroundai_playground-v2.5-1024px-aesthetic,black-forest-labs_FLUX.1-dev
1197,simple_triplet_2parent,14843295,diatomaceous_earth.n.01,diatomaceous_earth,"['filter.n.01', 'earth.n.02']","['moraine.n.01', 'saprolite.n.01', 'soil.n.02', 'air_filter.n.01', 'bacteria_bed.n.01', 'coffee_filter.n.01', 'diatomaceous_earth.n.01', 'drain_basket.n.01', 'filter_bed.n.01', 'fuel_filter.n.01', 'glass_wool.n.01', 'light_filter.n.01', 'oil_filter.n.01', 'strainer.n.01', 'water_filter.n.01']","['https://upload.wikimedia.org/wikipedia/commons/thumb/5/53/Diatomaceous_Earth.jpg/800px-Diatomaceous_Earth.jpg?20180916160620', 'https://upload.wikimedia.org/wikipedia/commons/0/0b/Mineraly.sk_-_diatomit.jpg?20050523233644', 'https://upload.wikimedia.org/wikipedia/commons/thumb/7/7f/Diatomaceous_earth_%28251_10%29_Diatomaceous_earth.jpg/800px-Diatomaceous_earth_%28251_10%29_Diatomaceous_earth.jpg?20140311132044', 'https://upload.wikimedia.org/wikipedia/commons/thumb/5/50/FocusStack_BrightFieldLightMicroscopy_DiatomaceousEarth.jpg/315px-FocusStack_BrightFieldLightMicroscopy_DiatomaceousEarth.jpg?20100713221545', 'https://upload.wikimedia.org/wikipedia/commons/4/48/Diatomite_in_tube.jpg?20070221093750']",Diatomaceous Earth.jpg,a light soil consisting of siliceous diatom remains and often used as a filtering material,stabilityai_stable-diffusion-xl-base-1.0,black-forest-labs_FLUX.1-dev
1205,predict_hypernym,41194080,dasyurid_marsupial.n.01,dasyurid_marsupial,['marsupial.n.01'],"['bandicoot.n.01', 'kangaroo.n.01', 'opossum.n.02', 'opossum_rat.n.01', 'phalanger.n.01', 'pouched_mole.n.01', 'wombat.n.01']","['https://upload.wikimedia.org/wikipedia/commons/thumb/f/f4/Antechinus%2C_a_dasyurid_marsupial_-_panoramio.jpg/400px-Antechinus%2C_a_dasyurid_marsupial_-_panoramio.jpg?20161201141201', 'https://upload.wikimedia.org/wikipedia/commons/thumb/6/6c/Genera_mammalium_%286260710822%29.jpg/365px-Genera_mammalium_%286260710822%29.jpg?20150829180950', 'https://upload.wikimedia.org/wikipedia/commons/thumb/b/b0/Genera_mammalium_%286260184295%29.jpg/365px-Genera_mammalium_%286260184295%29.jpg?20150829180915', 'https://upload.wikimedia.org/wikipedia/commons/thumb/2/25/Brehm%27s_Life_of_animals_-_a_complete_natural_history_for_popular_home_instruction_and_for_the_use_of_schools._Mammalia_%281896%29_%2820420127191%29.jpg/800px-Brehm%27s_Life_of_animals_-_a_complete_natural_history_for_popular_home_instruction_and_for_the_use_of_schools._Mammalia_%281896%29_%2820420127191%29.jpg?20150927232016']","Antechinus, a dasyurid marsupial - panoramio.jpg",small carnivorous nocturnal marsupials of Australia and Tasmania,Tencent-Hunyuan_HunyuanDiT-v1.2-Diffusers,black-forest-labs_FLUX.1-dev
1213,predict_hypernym,92894740,income.n.01,income,['financial_gain.n.01'],"['capital_gain.n.01', 'unearned_increment.n.01', 'winnings.n.01']","['https://upload.wikimedia.org/wikipedia/commons/thumb/f/f3/Income-tax-491626_1920_%281%29.jpg/800px-Income-tax-491626_1920_%281%29.jpg?20230427143225', 'https://upload.wikimedia.org/wikipedia/commons/thumb/b/b9/Income_tax_plus_employee_and_employer_social_security_contributions%2C_2022.svg/462px-Income_tax_plus_employee_and_employer_social_security_contributions%2C_2022.svg.png?20240116204012', 'https://upload.wikimedia.org/wikipedia/commons/thumb/a/a0/Corporate_Income_Tax_as_a_Share_of_GDP%2C_1946_-_2009.png/800px-Corporate_Income_Tax_as_a_Share_of_GDP%2C_1946_-_2009.png?20141203093808', 'https://upload.wikimedia.org/wikipedia/commons/thumb/7/7b/Historical_income_tax_rates.webp/800px-Historical_income_tax_rates.webp.png?20220605064859', 'https://upload.wikimedia.org/wikipedia/commons/thumb/a/a1/Income_Taxes_By_Country_2005.svg/800px-Income_Taxes_By_Country_2005.svg.png?20081107202742']",Income-tax-491626 1920 (1).jpg,the financial gain (earned or unearned) accruing over a given period of time,black-forest-labs_FLUX.1-dev,DeepFloyd_IF-I-XL-v1.0
1217,predict_hypernym,7507098,embarrassment.n.01,embarrassment,['shame.n.01'],"['conscience.n.03', 'self-disgust.n.01']","['https://upload.wikimedia.org/wikipedia/commons/thumb/b/bc/Embarrassed_woman.jpg/800px-Embarrassed_woman.jpg?20140105034636', 'https://upload.wikimedia.org/wikipedia/commons/3/3b/Awkward_moments_during_kissing.jpg?20240118142451', 'https://upload.wikimedia.org/wikipedia/commons/thumb/3/3d/Embarrassment.jpg/397px-Embarrassment.jpg?20080628155812', 'https://upload.wikimedia.org/wikipedia/commons/thumb/c/c2/The_Embarrassment_of_Riches.jpg/433px-The_Embarrassment_of_Riches.jpg?20130913161908', 'https://upload.wikimedia.org/wikipedia/commons/thumb/3/38/Gnome-face-embarrassed.svg/48px-Gnome-face-embarrassed.svg.png?20080112102537']",Embarrassed woman.jpg,the shame you feel when your inadequacy or guilt is made public,DeepFloyd_IF-I-XL-v1.0,black-forest-labs_FLUX.1-dev
1235,predict_hypernym,19005748,plaything.n.01,plaything,['artifact.n.01'],"['americana.n.01', 'anachronism.n.02', 'antiquity.n.03', 'article.n.02', 'block.n.01', 'building_material.n.01', 'button.n.07', 'commodity.n.01', 'cone.n.01', 'covering.n.02', 'creation.n.02', 'decker.n.02', 'decoration.n.01', 'electroplate.n.01', 'excavation.n.03', 'extra.n.03', 'fabric.n.01', 'facility.n.01', 'facility.n.04', 'fixture.n.01', 'float.n.06', 'insert.n.02', 'instrumentality.n.03', 'layer.n.01', 'lemon.n.05', 'line.n.18', 'marker.n.01', 'mystification.n.02', 'opening.n.10', 'padding.n.01', 'paving.n.01', 'ready-made.n.01', 'restoration.n.05', 'sheet.n.06', 'sphere.n.02', 'square.n.07', 'squeaker.n.01', 'strip.n.02', 'structure.n.01', 'surface.n.01', 'thing.n.04', 'track.n.03', 'way.n.06', 'weight.n.04']","['https://upload.wikimedia.org/wikipedia/commons/thumb/0/05/Mexican_guitars_and_toys.jpg/753px-Mexican_guitars_and_toys.jpg?20170730063458', 'https://upload.wikimedia.org/wikipedia/commons/thumb/8/8e/Man%27s_Plaything_%281920%29_-_1.jpg/504px-Man%27s_Plaything_%281920%29_-_1.jpg?20160810135229', 'https://upload.wikimedia.org/wikipedia/commons/thumb/b/bc/Man%27s_Plaything_%281920%29_-_3.jpg/449px-Man%27s_Plaything_%281920%29_-_3.jpg?20161003223523', 'https://upload.wikimedia.org/wikipedia/commons/thumb/a/a4/Rich_Man%27s_Plaything_lobby_card.jpg/764px-Rich_Man%27s_Plaything_lobby_card.jpg?20170402202328', 'https://upload.wikimedia.org/wikipedia/commons/thumb/4/48/Man%27s_Plaything_%281920%29_-_2.jpg/445px-Man%27s_Plaything_%281920%29_-_2.jpg?20160929125941']",Mexican guitars and toys.jpg,an artifact designed to be played with,stabilityai_sdxl-turbo,black-forest-labs_FLUX.1-dev
1249,predict_hypernym,13884740,parallelepiped.n.01,parallelepiped,['prism.n.01'],"['quadrangular_prism.n.01', 'triangular_prism.n.01']","['https://upload.wikimedia.org/wikipedia/commons/thumb/0/0e/Parallelepiped_2013-11-29.svg/512px-Parallelepiped_2013-11-29.svg.png?20220526141653', 'https://upload.wikimedia.org/wikipedia/commons/thumb/f/f6/Parallelepiped.svg/781px-Parallelepiped.svg.png?20220526133038', 'https://upload.wikimedia.org/wikipedia/commons/thumb/b/be/Parallelepiped-0.svg/328px-Parallelepiped-0.svg.png?20211114154134', 'https://upload.wikimedia.org/wikipedia/commons/thumb/9/99/Measuring_objects_%28a_cylinder_and_a_parallelepiped%29_with_a_ruler.png/800px-Measuring_objects_%28a_cylinder_and_a_parallelepiped%29_with_a_ruler.png?20210506181517', 'https://upload.wikimedia.org/wikipedia/commons/thumb/4/45/Parallelepiped-v.svg/224px-Parallelepiped-v.svg.png?20181206125921']",Parallelepiped 2013-11-29.svg,a prism whose bases are parallelograms,black-forest-labs_FLUX.1-dev,runwayml_stable-diffusion-v1-5
1255,predict_hypernym,10106452,flap.n.01,flap,['covering.n.02'],"['artificial_skin.n.01', 'bootleg.n.02', 'bubble.n.04', 'canopy.n.01', 'casing.n.02', 'chafing_gear.n.01', 'cloak.n.01', 'cloth_covering.n.01', 'clothing.n.01', 'coating.n.01', 'cover_plate.n.01', 'drape.n.03', 'earmuff.n.01', 'fig_leaf.n.02', 'finger.n.03', 'floor_cover.n.01', 'folder.n.02', 'footwear.n.02', 'hood.n.05', 'hood.n.06', 'imbrication.n.01', 'instep.n.02', 'mask.n.01', 'matting.n.01', 'mercy_seat.n.02', 'paddle_box.n.01', 'planking.n.02', 'protective_covering.n.01', 'screen.n.04', 'swathing.n.01', 'thumb.n.02', 'toe.n.02', 'top.n.09', 'upholstery.n.01', 'wrapping.n.01']","['https://upload.wikimedia.org/wikipedia/commons/thumb/a/ae/Flap-necked_chameleon_%28Chamaeleo_dilepis%29_female_2.jpg/399px-Flap-necked_chameleon_%28Chamaeleo_dilepis%29_female_2.jpg?20200317130655', 'https://upload.wikimedia.org/wikipedia/commons/thumb/6/66/FLAP-AIP_Logo.jpg/600px-FLAP-AIP_Logo.jpg?20240413170625', 'https://upload.wikimedia.org/wikipedia/commons/5/5d/Mongol_back-flap_hat.jpg?20240124062603', 'https://upload.wikimedia.org/wikipedia/commons/thumb/5/56/C-H_flap_for_nipple_reconstruction.png/600px-C-H_flap_for_nipple_reconstruction.png?20230413131735', 'https://upload.wikimedia.org/wikipedia/commons/thumb/8/85/Isadore_Sparber_-_Noveltoons_-_Flip_Flap_%281948%29_-_Title_Card.jpg/800px-Isadore_Sparber_-_Noveltoons_-_Flip_Flap_%281948%29_-_Title_Card.jpg?20220129101833']",Flap-necked chameleon (Chamaeleo dilepis) female 2.jpg,any broad thin and limber covering attached at one edge; hangs loose or projects freely,stabilityai_sdxl-turbo,black-forest-labs_FLUX.1-dev
1263,predict_hypernym,12501745,papilionoideae.n.01,Papilionoideae,['rosid_dicot_family.n.01'],"['araliaceae.n.01', 'balsaminaceae.n.01', 'burseraceae.n.01', 'caesalpiniaceae.n.01', 'caesalpinioideae.n.01', 'callitrichaceae.n.01', 'cephalotaceae.n.01', 'connaraceae.n.01', 'cornaceae.n.01', 'cunoniaceae.n.01', 'euphorbiaceae.n.01', 'geraniaceae.n.01', 'hydrangeaceae.n.01', 'leguminosae.n.01', 'lepidobotryaceae.n.01', 'malpighiaceae.n.01', 'melastomataceae.n.01', 'meliaceae.n.01', 'mimosaceae.n.01', 'mimosoideae.n.01', 'onagraceae.n.01', 'oxalidaceae.n.01', 'papilionaceae.n.01', 'philadelphaceae.n.01', 'platanaceae.n.01', 'polygalaceae.n.01', 'rosaceae.n.01', 'rutaceae.n.01', 'saxifragaceae.n.01', 'simaroubaceae.n.01', 'tropaeolaceae.n.01', 'umbelliferae.n.01', 'zygophyllaceae.n.01']","['https://upload.wikimedia.org/wikipedia/commons/thumb/c/c3/Crotalaria.jpg/601px-Crotalaria.jpg?20070813062132', 'https://upload.wikimedia.org/wikipedia/commons/thumb/2/26/Crotalaria_retusa_MS_1793.JPG/400px-Crotalaria_retusa_MS_1793.JPG?20070820130709', 'https://upload.wikimedia.org/wikipedia/commons/thumb/4/45/Papilionoideae_-_2_%288606310852%29.jpg/718px-Papilionoideae_-_2_%288606310852%29.jpg?20131212024034', 'https://upload.wikimedia.org/wikipedia/commons/thumb/2/29/Faboideae_distribution.svg/800px-Faboideae_distribution.svg.png?20131203224349', 'https://upload.wikimedia.org/wikipedia/commons/thumb/5/5a/Dioclea_sp.%2C_Papilionoideae%2C_Atlantic_forest%2C_northeastern_Bahia%2C_Brazil_%289604219877%29.jpg/800px-Dioclea_sp.%2C_Papilionoideae%2C_Atlantic_forest%2C_northeastern_Bahia%2C_Brazil_%289604219877%29.jpg?20140812113615']",Crotalaria.jpg,alternative name used in some classification systems for the family Papilionaceae,stabilityai_stable-diffusion-3-medium-diffusers,black-forest-labs_FLUX.1-dev
1272,leafs_and_no_leafs,1647543,fix.v.06,fix,['establish.v.02'],['appoint.v.01'],"['https://upload.wikimedia.org/wikipedia/commons/thumb/9/98/Low-end_EF3_damage_to_a_home_in_Virginia_Beach%2C_Virginia.jpg/800px-Low-end_EF3_damage_to_a_home_in_Virginia_Beach%2C_Virginia.jpg?20230501193054', 'https://upload.wikimedia.org/wikipedia/commons/thumb/7/72/Tram_repair_in_Dnipro.jpg/800px-Tram_repair_in_Dnipro.jpg?20240526163614', 'https://upload.wikimedia.org/wikipedia/commons/thumb/4/45/Taller_Madiautos.JPG/800px-Taller_Madiautos.JPG?20131022222836', 'https://upload.wikimedia.org/wikipedia/commons/thumb/2/25/Dismantled_bike_frame_and_chain_-_bike_repairs.jpg/800px-Dismantled_bike_frame_and_chain_-_bike_repairs.jpg?20210728143233', 'https://upload.wikimedia.org/wikipedia/commons/thumb/d/d4/Bikekitchen-by.jpg/800px-Bikekitchen-by.jpg?20200520131544']","Low-end EF3 damage to a home in Virginia Beach, Virginia.jpg",set or place definitely,black-forest-labs_FLUX.1-dev,DeepFloyd_IF-I-XL-v1.0
1275,simple_triplet_2parent,6189776,monophysitism.n.01,Monophysitism,"['heresy.n.02', 'theological_doctrine.n.01']","['albigensianism.n.01', 'arianism.n.01', 'docetism.n.01', 'gnosticism.n.01', 'marcionism.n.01', 'monothelitism.n.01', 'nestorianism.n.01', 'pelagianism.n.01', 'tritheism.n.01', 'zurvanism.n.02', 'antinomianism.n.01', 'arianism.n.01', 'athanasianism.n.01', 'boehmenism.n.01', 'christology.n.01', 'consubstantiation.n.01', 'docetism.n.01', 'episcopalianism.n.01', 'erastianism.n.01', 'gnosticism.n.01', 'hinayanism.n.01', 'jansenism.n.01', 'mahayanism.n.01', 'marcionism.n.01', 'millenarianism.n.01', 'monophysitism.n.01', 'monothelitism.n.01', 'neoplatonism.n.01', 'nestorianism.n.01', 'pelagianism.n.01', 'predestination.n.02', 'quakerism.n.01', 'rationalism.n.02', 'reincarnation.n.03', 'rosicrucianism.n.01', 'spiritualism.n.01', 'synergism.n.02', 'theanthropism.n.01', 'thomism.n.01', 'total_depravity.n.01', 'transubstantiation.n.01', 'universalism.n.01', 'virgin_birth.n.02', 'zurvanism.n.02']","['https://upload.wikimedia.org/wikipedia/commons/thumb/4/42/Nature_christologique3.svg/800px-Nature_christologique3.svg.png?20171111053749', 'https://upload.wikimedia.org/wikipedia/commons/e/ee/Aksenaia_in_Syriac.png?20201010130948', 'https://upload.wikimedia.org/wikipedia/commons/thumb/b/b3/Monophysite_Christology.png/800px-Monophysite_Christology.png?20200320174541', 'https://upload.wikimedia.org/wikipedia/commons/thumb/a/a2/Christ_Pantocrator_Deesis_mosaic_Hagia_Sophia.jpg/472px-Christ_Pantocrator_Deesis_mosaic_Hagia_Sophia.jpg?20130112231519', 'https://upload.wikimedia.org/wikipedia/commons/thumb/2/2c/Monophysitism.jpg/485px-Monophysitism.jpg?20240618215827']",Nature christologique3.svg,a Christian heresy of the 5th and 6th centuries that challenged the orthodox definition of the two natures (human and divine) in Jesus and instead believed there was a single divine nature,black-forest-labs_FLUX.1-dev,stabilityai_stable-diffusion-3-medium-diffusers
1278,predict_hypernym,87699711,play.v.01,play,['compete.v.01'],"['emulate.v.03', 'equal.v.02', 'race.v.02', 'rival.v.02', 'run_off.v.07', 'try_for.v.01']","['https://upload.wikimedia.org/wikipedia/commons/thumb/8/8d/Two_puppies_playing_together_one_standing_over_the_other_at_golden_hour_in_Don_Det_Laos.jpg/800px-Two_puppies_playing_together_one_standing_over_the_other_at_golden_hour_in_Don_Det_Laos.jpg?20231229035539', 'https://upload.wikimedia.org/wikipedia/commons/9/91/Moliere_works.jpg?20050217140315', 'https://upload.wikimedia.org/wikipedia/commons/thumb/5/55/Romeo_and_juliet_brown.jpg/411px-Romeo_and_juliet_brown.jpg?20160630122253', 'https://upload.wikimedia.org/wikipedia/commons/thumb/8/87/African_wild_dog_%28Lycaon_pictus_pictus%29_play_fighting.jpg/800px-African_wild_dog_%28Lycaon_pictus_pictus%29_play_fighting.jpg?20141130115503', 'https://upload.wikimedia.org/wikipedia/commons/thumb/1/13/Boys_playing_street_football_in_Egypt.jpg/800px-Boys_playing_street_football_in_Egypt.jpg?20190801091934']",Two puppies playing together one standing over the other at golden hour in Don Det Laos.jpg,participate in games or sport,black-forest-labs_FLUX.1-dev,PixArt-alpha_PixArt-Sigma-XL-2-512-MS
1282,predict_hypernym,2630739,billfish.n.02,billfish,['scombroid.n.01'],"['bonito.n.02', 'bonito.n.03', 'louvar.n.01', 'mackerel.n.02', 'sailfish.n.02', 'skipjack.n.01', 'squaretail.n.01', 'swordfish.n.02', 'tuna.n.03']","['https://upload.wikimedia.org/wikipedia/commons/thumb/e/e5/Global_capture_of_all_billfish_1950%E2%80%932009.png/800px-Global_capture_of_all_billfish_1950%E2%80%932009.png?20120422033041', 'https://upload.wikimedia.org/wikipedia/commons/thumb/a/a4/Peixe_espada%2C_Vigo.jpg/800px-Peixe_espada%2C_Vigo.jpg?20100512182049', 'https://upload.wikimedia.org/wikipedia/commons/thumb/b/b9/Atlantic_blue_marlin.jpg/800px-Atlantic_blue_marlin.jpg?20200805070257', 'https://upload.wikimedia.org/wikipedia/commons/thumb/e/e4/UvA-BC_300.291_-_Siboga_-_zwaard-_of_zeilvis_op_het_dek_van_de_Siboga.jpg/796px-UvA-BC_300.291_-_Siboga_-_zwaard-_of_zeilvis_op_het_dek_van_de_Siboga.jpg?20140627150735', 'https://upload.wikimedia.org/wikipedia/commons/thumb/5/50/Istiophorus_platypterus.jpg/800px-Istiophorus_platypterus.jpg?20110323143820']",Global capture of all billfish 1950–2009.png,giant warm-water game fish having a prolonged and rounded toothless upper jaw,black-forest-labs_FLUX.1-dev,playgroundai_playground-v2.5-1024px-aesthetic
1284,predict_hypernym,21656268,compose.v.02,compose,['make.v.03'],"['arouse.v.01', 'assemble.v.01', 'bear.v.05', 'beat.v.18', 'beget.v.01', 'blast.v.05', 'bring.v.03', 'build.v.03', 'cause.v.01', 'chop.v.03', 'choreograph.v.01', 'clear.v.02', 'cleave.v.02', 'construct.v.01', 'copy.v.04', 'create.v.05', 'create_by_mental_act.v.01', 'create_from_raw_material.v.01', 'create_verbally.v.01', 'cut.v.06', 'cut.v.22', 'derive.v.04', 'direct.v.03', 'distill.v.03', 'establish.v.05', 'film-make.v.01', 'film.v.02', 'form.v.01', 'froth.v.02', 'generate.v.01', 'give.v.09', 'grind.v.06', 'incorporate.v.03', 'institute.v.02', 'lay_down.v.01', 'manufacture.v.04', 'offset.v.04', 'originate.v.02', 'prepare.v.03', 'press.v.07', 'produce.v.01', 'produce.v.03', 'puncture.v.02', 'put_on.v.04', 'raise.v.07', 'raise.v.11', 're-create.v.01', 'realize.v.03', 'recreate.v.04', 'regenerate.v.07', 'reproduce.v.02', 'scrape.v.02', 'short-circuit.v.02', 'strike.v.13', 'style.v.02', 'track.v.05', 'twine.v.03']","['https://upload.wikimedia.org/wikipedia/commons/thumb/0/0b/Cetonia_aurata_take_off_composition_05172009.jpg/800px-Cetonia_aurata_take_off_composition_05172009.jpg?20090822080244', 'https://upload.wikimedia.org/wikipedia/commons/thumb/3/39/Composition_ruins_Pompeii.jpg/800px-Composition_ruins_Pompeii.jpg?20151018165113', 'https://upload.wikimedia.org/wikipedia/commons/thumb/4/47/Work_%27Composition_monumentale%27_by_L%C3%A9on_WUIDAR_%281976-1977%29.jpg/800px-Work_%27Composition_monumentale%27_by_L%C3%A9on_WUIDAR_%281976-1977%29.jpg?20200721165512', 'https://upload.wikimedia.org/wikipedia/commons/d/de/Compose_key_on_LK201_keyboard.jpg?20101103110254', 'https://upload.wikimedia.org/wikipedia/commons/thumb/4/4b/Composition_IX.jpg/800px-Composition_IX.jpg?20070520141002']",Cetonia aurata take off composition 05172009.jpg,write music,retrieval,black-forest-labs_FLUX.1-dev
1285,predict_hypernym,86701636,pot.n.01,pot,"['cooking_utensil.n.01', 'vessel.n.03']","['baster.n.03', 'chafing_dish.n.01', 'cooker.n.01', 'cookie_sheet.n.01', 'enamelware.n.01', 'grid.n.05', 'griddle.n.01', 'pan.n.01', 'poacher.n.02', 'skimmer.n.02', 'steamer.n.02', 'turner.n.08', 'autoclave.n.01', 'barrel.n.02', 'basin.n.01', 'bath.n.01', 'bathtub.n.01', 'bedpan.n.01', 'boiler.n.01', 'bone-ash_cup.n.01', 'bottle.n.01', 'bottle.n.03', 'bowl.n.01', 'bucket.n.01', 'censer.n.01', 'churn.n.01', 'crucible.n.01', 'drinking_vessel.n.01', 'drum.n.04', 'eyecup.n.01', 'flagon.n.01', 'jar.n.01', 'ladle.n.01', 'monstrance.n.02', 'mortar.n.03', 'muller.n.09', 'pitcher.n.02', 'poacher.n.02', 'pot.n.01', 'retort.n.02', 'steeper.n.01', 'tank.n.02', 'tin.n.02', 'tub.n.02', 'urceole.n.01', 'water_jacket.n.01', 'well.n.02']","['https://upload.wikimedia.org/wikipedia/commons/thumb/d/dd/Cannabis_sativa_plant_%284%29.JPG/800px-Cannabis_sativa_plant_%284%29.JPG?20100910114659', 'https://upload.wikimedia.org/wikipedia/commons/thumb/e/eb/Plastic_nursery_plant_pot_2022.jpg/337px-Plastic_nursery_plant_pot_2022.jpg?20220116002108', 'https://upload.wikimedia.org/wikipedia/commons/thumb/5/5a/Cannabis_sativa_%28wild%29.jpg/450px-Cannabis_sativa_%28wild%29.jpg?20240731044400', 'https://upload.wikimedia.org/wikipedia/commons/thumb/5/57/Flower_pot_2.jpg/600px-Flower_pot_2.jpg?20220608170118', 'https://upload.wikimedia.org/wikipedia/commons/thumb/a/a1/Cannabis_sativa_kz05.jpg/800px-Cannabis_sativa_kz05.jpg?20210129192805']",Cannabis sativa plant (4).JPG,metal or earthenware cooking vessel that is usually round and deep; often has a handle and lid,black-forest-labs_FLUX.1-dev,playgroundai_playground-v2.5-1024px-aesthetic
1293,predict_hypernym,48754831,income.n.01,income,['financial_gain.n.01'],"['capital_gain.n.01', 'unearned_increment.n.01', 'winnings.n.01']","['https://upload.wikimedia.org/wikipedia/commons/thumb/f/f3/Income-tax-491626_1920_%281%29.jpg/800px-Income-tax-491626_1920_%281%29.jpg?20230427143225', 'https://upload.wikimedia.org/wikipedia/commons/thumb/b/b9/Income_tax_plus_employee_and_employer_social_security_contributions%2C_2022.svg/462px-Income_tax_plus_employee_and_employer_social_security_contributions%2C_2022.svg.png?20240116204012', 'https://upload.wikimedia.org/wikipedia/commons/thumb/a/a0/Corporate_Income_Tax_as_a_Share_of_GDP%2C_1946_-_2009.png/800px-Corporate_Income_Tax_as_a_Share_of_GDP%2C_1946_-_2009.png?20141203093808', 'https://upload.wikimedia.org/wikipedia/commons/thumb/7/7b/Historical_income_tax_rates.webp/800px-Historical_income_tax_rates.webp.png?20220605064859', 'https://upload.wikimedia.org/wikipedia/commons/thumb/a/a1/Income_Taxes_By_Country_2005.svg/800px-Income_Taxes_By_Country_2005.svg.png?20081107202742']",Income-tax-491626 1920 (1).jpg,the financial gain (earned or unearned) accruing over a given period of time,black-forest-labs_FLUX.1-dev,PixArt-alpha_PixArt-Sigma-XL-2-512-MS
1299,predict_hypernym,95718306,worship.n.01,worship,['activity.n.01'],"['acting.n.01', 'aid.n.02', 'attempt.n.01', 'behavior.n.01', 'behavior.n.04', 'burst.n.03', 'buzz.n.02', 'calibration.n.01', 'ceremony.n.02', 'ceremony.n.03', 'concealment.n.03', 'continuance.n.01', 'control.n.05', 'creation.n.01', 'cup_of_tea.n.01', 'demand.n.04', 'dismantling.n.01', 'diversion.n.01', 'domesticity.n.02', 'education.n.01', 'energizing.n.01', 'enjoyment.n.02', 'follow-up.n.02', 'fun.n.03', 'game.n.01', 'grouping.n.02', 'lamentation.n.02', 'last.n.03', 'laughter.n.02', 'leadership.n.01', 'liveliness.n.01', 'market.n.01', 'measurement.n.01', 'music.n.03', 'mystification.n.03', 'negotiation.n.02', 'occupation.n.01', 'occupation.n.03', 'operation.n.03', 'operation.n.05', 'operation.n.11', 'organization.n.06', 'perturbation.n.03', 'placement.n.03', 'pleasure.n.04', 'politics.n.05', 'practice.n.01', 'precession.n.02', 'preparation.n.01', 'procedure.n.01', 'protection.n.01', 'provision.n.02', 'puncture.n.03', 'release.n.09', 'representation.n.10', 'role.n.04', 'search.n.01', 'sensory_activity.n.01', 'service.n.11', 'sin.n.06', 'solo.n.01', 'space_walk.n.01', 'support.n.01', 'support.n.08', 'timekeeping.n.01', 'training.n.01', 'turn.n.03', 'use.n.01', 'variation.n.02', 'verbalization.n.02', 'waste.n.02', 'work.n.01', 'works.n.03', 'writing.n.05', 'wrongdoing.n.02']","['https://upload.wikimedia.org/wikipedia/commons/thumb/d/d6/2016_Bahai_House_of_Worship_Langenhain_1_ks01.jpg/800px-2016_Bahai_House_of_Worship_Langenhain_1_ks01.jpg?20160909195310', 'https://upload.wikimedia.org/wikipedia/commons/thumb/6/68/Holy_Trinity_Sloane_Street_Church_Nave_2_-_Diliff.jpg/800px-Holy_Trinity_Sloane_Street_Church_Nave_2_-_Diliff.jpg?20140317132858', 'https://upload.wikimedia.org/wikipedia/commons/thumb/1/1b/Theyyam_of_Kerala_3.jpg/800px-Theyyam_of_Kerala_3.jpg?20200203102509', 'https://upload.wikimedia.org/wikipedia/commons/thumb/8/82/Worship_time_at_Trent_Vineyard.jpg/800px-Worship_time_at_Trent_Vineyard.jpg?20230820111846', 'https://upload.wikimedia.org/wikipedia/commons/thumb/9/97/London_September_2021_Eucharist_Procession_and_Worship.jpg/400px-London_September_2021_Eucharist_Procession_and_Worship.jpg?20211015145519']",2016 Bahai House of Worship Langenhain 1 ks01.jpg,the activity of worshipping,black-forest-labs_FLUX.1-dev,Tencent-Hunyuan_HunyuanDiT-v1.2-Diffusers
1307,predict_hypernym,4487724,troop_carrier.n.01,troop_carrier,['military_vehicle.n.01'],"['caisson.n.02', 'half_track.n.01', 'humvee.n.01', 'personnel_carrier.n.01', 'picket.n.04', 'reconnaissance_vehicle.n.01', 'tank.n.01', 'technical.n.01', 'warplane.n.01', 'warship.n.01', 'weapons_carrier.n.01']","['https://upload.wikimedia.org/wikipedia/commons/c/cc/320th_Troop_Carrier_Squadron_Emblem.jpg?20140421131412', 'https://upload.wikimedia.org/wikipedia/commons/thumb/7/74/Navy_Armored_Troop_Carriers_approaching_the_USS_Benewah.jpg/735px-Navy_Armored_Troop_Carriers_approaching_the_USS_Benewah.jpg?20240315114929', 'https://upload.wikimedia.org/wikipedia/commons/thumb/2/20/72_Troop_Carrier_Sq.no.png/580px-72_Troop_Carrier_Sq.no.png?20140727105539', 'https://upload.wikimedia.org/wikipedia/commons/8/8b/746_Troop_Carrier_Sq_emblem.png?20190510000927', 'https://upload.wikimedia.org/wikipedia/commons/thumb/a/aa/Task_Force_117_Armored_Troop_Carriers_alongside_USS_Colleton.jpg/751px-Task_Force_117_Armored_Troop_Carriers_alongside_USS_Colleton.jpg?20240315120012']",320th Troop Carrier Squadron Emblem.jpg,any land or sea or air vehicle designed to carry troops,black-forest-labs_FLUX.1-dev,stabilityai_sdxl-turbo
1308,leafs_and_no_leafs,3031422,cigar_lighter.n.01,cigar_lighter,['lighter.n.02'],"['fuse.n.02', 'match.n.01', 'match.n.03']","['https://upload.wikimedia.org/wikipedia/commons/thumb/d/d8/Buddha_Lighter_From_Japan.jpg/800px-Buddha_Lighter_From_Japan.jpg?20230328040325', 'https://upload.wikimedia.org/wikipedia/commons/thumb/e/ec/Match_Lighter.jpg/800px-Match_Lighter.jpg?20240304055029', 'https://upload.wikimedia.org/wikipedia/commons/thumb/8/85/5_grams_of_cannabis_buds_and_green_lighter.jpg/800px-5_grams_of_cannabis_buds_and_green_lighter.jpg?20190623134311']",Buddha Lighter From Japan.jpg,a lighter for cigars or cigarettes,kandinsky-community_kandinsky-3,black-forest-labs_FLUX.1-dev
1315,predict_hypernym,47287419,egotist.n.01,egotist,['unpleasant_person.n.01'],"['aggravator.n.01', 'alienator.n.01', 'anathema.n.01', 'asshole.n.01', 'bore.n.01', 'cold_fish.n.01', 'creep.n.01', 'critic.n.03', 'cunt.n.01', 'cynic.n.01', 'grabber.n.01', 'grouch.n.01', 'incubus.n.03', 'joker.n.02', 'monster.n.04', 'oppressor.n.01', 'pain.n.04', 'pawer.n.01', 'peasant.n.03', 'pharisee.n.01', 'pill.n.03', 'prima_donna.n.01', 'prude.n.01', 'rotter.n.01', 'scoffer.n.02', 'scold.n.01', 'selfish_person.n.01', 'sneak.n.01', 'sneerer.n.01', 'snob.n.01', 'snorter.n.01', 'unpleasant_woman.n.01', 'upstart.n.01', 'upstart.n.02', 'vulgarian.n.01', 'whiner.n.01', 'worm.n.02']","['https://upload.wikimedia.org/wikipedia/commons/c/cd/The_egotist-_or%2C_Colley_upon_Cibber_Fleuron_T073427-6.png?20170705184233', 'https://upload.wikimedia.org/wikipedia/commons/thumb/6/66/The_egotist-_or%2C_Colley_upon_Cibber_Fleuron_T073427-4.png/799px-The_egotist-_or%2C_Colley_upon_Cibber_Fleuron_T073427-4.png?20170705184151', 'https://upload.wikimedia.org/wikipedia/commons/thumb/e/ed/The_egotist-_or%2C_Colley_upon_Cibber_Fleuron_T073427-2.png/800px-The_egotist-_or%2C_Colley_upon_Cibber_Fleuron_T073427-2.png?20170705184131', 'https://upload.wikimedia.org/wikipedia/commons/thumb/0/0b/The_egotist-_or%2C_Colley_upon_Cibber_Fleuron_T073427-5.png/800px-The_egotist-_or%2C_Colley_upon_Cibber_Fleuron_T073427-5.png?20170705184211', 'https://upload.wikimedia.org/wikipedia/commons/5/50/Egotist.gif?20190317144154']","The egotist- or, Colley upon Cibber Fleuron T073427-6.png",a conceited and self-centered person,runwayml_stable-diffusion-v1-5,black-forest-labs_FLUX.1-dev
1316,predict_hypernym,24510445,pendulum.n.01,pendulum,['apparatus.n.01'],"['aerator.n.01', 'burner.n.01', 'cascade_liquefier.n.01', 'centrifuge.n.01', 'chemical_reactor.n.01', 'condenser.n.02', 'duplicator.n.01', 'electrograph.n.01', 'generator.n.01', 'heat_pump.n.01', 'heliograph.n.01', 'incubator.n.01', 'instillator.n.01', ""kipp's_apparatus.n.01"", 'lighting.n.02', 'nuclear_reactor.n.01', 'optical_bench.n.01', 'purifier.n.01', 'reformer.n.02', 'semaphore.n.01', 'sequencer.n.01', 'soda_fountain.n.02', 'still.n.03', 'submersible.n.01', 'telegraph.n.01', 'titrator.n.01', 'x-ray_machine.n.01']","['https://upload.wikimedia.org/wikipedia/commons/a/a1/Foucault_pendulum_animated.gif?20060812095613', 'https://upload.wikimedia.org/wikipedia/commons/thumb/c/cf/Pendulum_clock_by_Jacob_Kock%2C_antique_furniture_photography%2C_IMG_0931_edit.jpg/438px-Pendulum_clock_by_Jacob_Kock%2C_antique_furniture_photography%2C_IMG_0931_edit.jpg?20121211055501', 'https://upload.wikimedia.org/wikipedia/commons/thumb/2/24/Saint_Isaac%27s_Cathedral_-_Foucault_pendulum_in_1984.jpg/800px-Saint_Isaac%27s_Cathedral_-_Foucault_pendulum_in_1984.jpg?20180928135338', 'https://upload.wikimedia.org/wikipedia/commons/thumb/a/ab/Pendulum_Live_Electric_2007.jpg/800px-Pendulum_Live_Electric_2007.jpg?20081220002744', 'https://upload.wikimedia.org/wikipedia/commons/6/68/Pendulum-242740_640.jpg?20160906174252']",Foucault pendulum animated.gif,an apparatus consisting of an object mounted so that it swings freely under the influence of gravity,retrieval,black-forest-labs_FLUX.1-dev
1321,leafs_and_no_leafs,9864632,bombshell.n.01,bombshell,['entertainer.n.01'],"['busker.n.01', 'drawing_card.n.01', 'humorist.n.01', 'master_of_ceremonies.n.01', 'performer.n.01', 'pleaser.n.01']","['https://upload.wikimedia.org/wikipedia/commons/thumb/c/cc/Charlize_Theron_at_Golden_Globes_Red_Carpet_2020.png/437px-Charlize_Theron_at_Golden_Globes_Red_Carpet_2020.png?20200110181258', 'https://upload.wikimedia.org/wikipedia/commons/6/6b/BombshellLogo.jpg?20200118144830', 'https://upload.wikimedia.org/wikipedia/commons/thumb/1/1b/Caladium_%27Bombshell%27_Leaf.JPG/420px-Caladium_%27Bombshell%27_Leaf.JPG?20141109222108', 'https://upload.wikimedia.org/wikipedia/commons/thumb/d/d1/Wintercon_2015_-_Bombshell_Holiday_Harley_Quinn_Cosplay.jpg/411px-Wintercon_2015_-_Bombshell_Holiday_Harley_Quinn_Cosplay.jpg?20240124054305', 'https://upload.wikimedia.org/wikipedia/commons/thumb/5/5b/Bombshell_Supergirl_%2811593916465%29.jpg/800px-Bombshell_Supergirl_%2811593916465%29.jpg?20140807090146']",Charlize Theron at Golden Globes Red Carpet 2020.png,an entertainer who has a sensational effect,black-forest-labs_FLUX.1-dev,prompthero_openjourney
1322,predict_hypernym,14362179,fibrillation.n.01,fibrillation,['twitch.n.01'],"['blepharism.n.01', 'fasciculation.n.01', 'tic.n.01']","['https://upload.wikimedia.org/wikipedia/commons/f/f7/Atrial_Fibrillation_in_two_leads.jpg?20210509185202', 'https://upload.wikimedia.org/wikipedia/commons/thumb/5/5b/Paroxysmal_atrial_fibrillation_becoming_persistent.jpg/800px-Paroxysmal_atrial_fibrillation_becoming_persistent.jpg?20220816131155', 'https://upload.wikimedia.org/wikipedia/commons/thumb/8/87/ECG_Atrial_Fibrillation_98_bpm.jpg/800px-ECG_Atrial_Fibrillation_98_bpm.jpg?20201114202535', 'https://upload.wikimedia.org/wikipedia/commons/thumb/3/30/Atrial_fibrillation_vs._normal_sinus_rhythm.svg/800px-Atrial_fibrillation_vs._normal_sinus_rhythm.svg.png?20230320093747', 'https://upload.wikimedia.org/wikipedia/commons/thumb/4/43/ECG_Atrial_Fibrillation_90_bpm.jpg/800px-ECG_Atrial_Fibrillation_90_bpm.jpg?20201113165524']",Atrial Fibrillation in two leads.jpg,muscular twitching involving individual muscle fibers acting without coordination,black-forest-labs_FLUX.1-dev,Tencent-Hunyuan_HunyuanDiT-v1.2-Diffusers
1326,predict_hypernym,23185540,region.n.03,region,['location.n.01'],"['base.n.14', 'bilocation.n.01', 'earth.n.04', 'east.n.05', 'here.n.01', 'home.n.03', 'jungle.n.01', 'line.n.11', 'north.n.04', 'northeast.n.04', 'northwest.n.04', 'outer_space.n.01', 'pass.n.04', 'point.n.02', 'region.n.01', 'seat.n.06', 'sodom.n.01', 'somewhere.n.01', 'south.n.04', 'southeast.n.04', 'southwest.n.04', 'space.n.02', 'there.n.01', 'west.n.08', 'whereabouts.n.01']","['https://upload.wikimedia.org/wikipedia/commons/thumb/7/7d/Mediterranian_Sea_Carthago_location.JPG/800px-Mediterranian_Sea_Carthago_location.JPG?20080514160656', 'https://upload.wikimedia.org/wikipedia/commons/a/aa/AnatolieLimits.jpg?20181123232738', 'https://upload.wikimedia.org/wikipedia/commons/thumb/3/32/Regions_of_Vancouver_Island%2C_BC.png/800px-Regions_of_Vancouver_Island%2C_BC.png?20181019150132', 'https://upload.wikimedia.org/wikipedia/commons/6/61/Location-Asia-UNsubregions.png?20231210164208', 'https://upload.wikimedia.org/wikipedia/commons/thumb/f/fb/Blank_map_of_Batken_Region_%28with_districts%29.svg/800px-Blank_map_of_Batken_Region_%28with_districts%29.svg.png?20240618170401']",Mediterranian Sea Carthago location.JPG,a large indefinite location on the surface of the Earth,Tencent-Hunyuan_HunyuanDiT-v1.2-Diffusers,black-forest-labs_FLUX.1-dev
1347,predict_hypernym,2908217,brush.n.02,brush,['implement.n.01'],"['bar.n.03', 'beater.n.02', 'buff.n.05', 'candlesnuffer.n.01', 'cleaning_implement.n.01', 'eraser.n.01', 'fire_iron.n.01', 'flail.n.01', 'hook.n.05', 'iron.n.03', 'leather_strip.n.01', 'needle.n.03', 'oar.n.01', 'rod.n.01', 'sharpener.n.01', 'snuffer.n.01', 'spear.n.02', 'spike.n.09', 'sports_implement.n.01', 'stick.n.01', 'stick.n.07', 'stirrer.n.02', 'strickle.n.02', 'swab.n.01', 'swatter.n.01', 'tool.n.01', 'tuning_fork.n.01', 'utensil.n.01', 'writing_implement.n.01']","['https://upload.wikimedia.org/wikipedia/commons/thumb/a/a5/India_-_Painting_a_staircase_-_0063.jpg/800px-India_-_Painting_a_staircase_-_0063.jpg?20130317003621', 'https://upload.wikimedia.org/wikipedia/commons/thumb/7/74/Zaadpluizen_grote_lisdodde_%28Typha_latifolia%29._%28d.j.b.%29.jpg/337px-Zaadpluizen_grote_lisdodde_%28Typha_latifolia%29._%28d.j.b.%29.jpg?20190515051217', 'https://upload.wikimedia.org/wikipedia/commons/thumb/3/3d/Cleaning_brushes.jpg/450px-Cleaning_brushes.jpg?20060805061938', 'https://upload.wikimedia.org/wikipedia/commons/thumb/4/4d/Brush.tif/lossy-page1-428px-Brush.tif.jpg?20160212102915', 'https://upload.wikimedia.org/wikipedia/commons/thumb/6/6e/Pinceaux_beaux-arts.JPG/800px-Pinceaux_beaux-arts.JPG?20101014090534']",India - Painting a staircase - 0063.jpg,an implement that has hairs or bristles firmly set into a handle,black-forest-labs_FLUX.1-dev,retrieval
1348,predict_hypernym,10106752,foster-parent.n.01,foster-parent,['defender.n.01'],"['admonisher.n.01', 'bodyguard.n.01', 'champion.n.02', 'chaperon.n.01', 'custodian.n.01', 'fireman.n.04', 'guard.n.01', 'keeper.n.01', 'lawman.n.01', 'patron_saint.n.01', 'peacekeeper.n.02', 'tribune.n.01', 'watchdog.n.01']","['https://upload.wikimedia.org/wikipedia/commons/thumb/7/75/Annual_Red_Mountain_Family_Services_Treatment_Foster_Parent_Appreciation_Lunch%2C_Rio_Rancho%2C_New_Mexico_02.jpg/800px-Annual_Red_Mountain_Family_Services_Treatment_Foster_Parent_Appreciation_Lunch%2C_Rio_Rancho%2C_New_Mexico_02.jpg?20201230235127', 'https://upload.wikimedia.org/wikipedia/commons/thumb/d/d6/Annual_Red_Mountain_Family_Services_Treatment_Foster_Parent_Appreciation_Lunch%2C_Rio_Rancho%2C_New_Mexico_01.jpg/800px-Annual_Red_Mountain_Family_Services_Treatment_Foster_Parent_Appreciation_Lunch%2C_Rio_Rancho%2C_New_Mexico_01.jpg?20201230235127', 'https://upload.wikimedia.org/wikipedia/commons/thumb/a/af/Annual_Red_Mountain_Family_Services_Treatment_Foster_Parent_Appreciation_Lunch%2C_Rio_Rancho%2C_New_Mexico_03.jpg/800px-Annual_Red_Mountain_Family_Services_Treatment_Foster_Parent_Appreciation_Lunch%2C_Rio_Rancho%2C_New_Mexico_03.jpg?20201230235127', 'https://upload.wikimedia.org/wikipedia/commons/thumb/7/73/Annual_Red_Mountain_Family_Services_Treatment_Foster_Parent_Appreciation_Lunch%2C_Rio_Rancho%2C_New_Mexico_04.jpg/800px-Annual_Red_Mountain_Family_Services_Treatment_Foster_Parent_Appreciation_Lunch%2C_Rio_Rancho%2C_New_Mexico_04.jpg?20201230235134', 'https://upload.wikimedia.org/wikipedia/commons/thumb/2/21/Nikki_Haley_Foster_Parent_Association_Reception_%2827102431036%29.jpg/800px-Nikki_Haley_Foster_Parent_Association_Reception_%2827102431036%29.jpg?20170517173400']","Annual Red Mountain Family Services Treatment Foster Parent Appreciation Lunch, Rio Rancho, New Mexico 02.jpg",a person who acts as parent and guardian for a child in place of the child's natural parents but without legally adopting the child,black-forest-labs_FLUX.1-dev,prompthero_openjourney
1350,predict_hypernym,3125870,craft.n.02,craft,['vehicle.n.01'],"['bumper_car.n.01', 'military_vehicle.n.01', 'rocket.n.01', 'skibob.n.01', 'sled.n.01', 'steamroller.n.02', 'wheeled_vehicle.n.01']","['https://upload.wikimedia.org/wikipedia/commons/thumb/5/55/Craftmen_at_work%2C_bamboo_basket_weaving_and_textile_mobile_sculptures%2C_in_Heuan_Chan_heritage_house%2C_Luang_Prabang%2C_Laos.jpg/800px-Craftmen_at_work%2C_bamboo_basket_weaving_and_textile_mobile_sculptures%2C_in_Heuan_Chan_heritage_house%2C_Luang_Prabang%2C_Laos.jpg?20200730045309', 'https://upload.wikimedia.org/wikipedia/commons/thumb/2/2e/Art_and_Craft_Blue_Three.jpg/286px-Art_and_Craft_Blue_Three.jpg?20200930014553', 'https://upload.wikimedia.org/wikipedia/commons/thumb/6/6c/Craft_shop_in_Bhopal.jpg/800px-Craft_shop_in_Bhopal.jpg?20230731194314', 'https://upload.wikimedia.org/wikipedia/commons/thumb/c/c9/Velden_Christkindlmarkt_Schmied_Demo_16122007_21.jpg/800px-Velden_Christkindlmarkt_Schmied_Demo_16122007_21.jpg?20071218050613', 'https://upload.wikimedia.org/wikipedia/commons/thumb/1/1f/Innovative_Bamboo_Crafts_of_Assam_2.jpg/800px-Innovative_Bamboo_Crafts_of_Assam_2.jpg?20221222041803']","Craftmen at work, bamboo basket weaving and textile mobile sculptures, in Heuan Chan heritage house, Luang Prabang, Laos.jpg",a vehicle designed for navigation in or on water or air or through outer space,stabilityai_stable-diffusion-xl-base-1.0,black-forest-labs_FLUX.1-dev
1353,leafs_and_no_leafs,2245443,cotton_stainer.n.01,cotton_stainer,['heteropterous_insect.n.01'],"['assassin_bug.n.01', 'firebug.n.02', 'water_bug.n.01']","['https://upload.wikimedia.org/wikipedia/commons/thumb/f/fa/Pyrrhocoridae_5266.JPG/800px-Pyrrhocoridae_5266.JPG?20150314111604', 'https://upload.wikimedia.org/wikipedia/commons/thumb/a/af/Red_bug_babys_%28Pyrrhocoridae%29_01.jpg/800px-Red_bug_babys_%28Pyrrhocoridae%29_01.jpg?20191128131053', 'https://upload.wikimedia.org/wikipedia/commons/thumb/9/96/Pyrrhocoridae_%2828193622342%29.jpg/800px-Pyrrhocoridae_%2828193622342%29.jpg?20181107093249', 'https://upload.wikimedia.org/wikipedia/commons/thumb/a/ab/Pyrrhocoridae_nymph_-_Flickr_-_gailhampshire.jpg/661px-Pyrrhocoridae_nymph_-_Flickr_-_gailhampshire.jpg?20180616220911', 'https://upload.wikimedia.org/wikipedia/commons/thumb/3/3b/Pyrrhocoridae%2C_probably_a_Dysdercus_species_%2841124837430%29.jpg/725px-Pyrrhocoridae%2C_probably_a_Dysdercus_species_%2841124837430%29.jpg?20181007082920']",Pyrrhocoridae 5266.JPG,a true bug: bug that damages and stains the lint of developing cotton,black-forest-labs_FLUX.1-dev,stabilityai_sdxl-turbo
1361,predict_hypernym,7712382,snack_food.n.01,snack_food,['dish.n.02'],"['adobo.n.01', 'applesauce.n.01', 'bacon_and_eggs.n.02', 'barbecue.n.01', 'barbecued_spareribs.n.01', 'barbecued_wing.n.01', 'beef_bourguignonne.n.01', 'beef_stroganoff.n.01', 'beef_wellington.n.01', 'biryani.n.01', 'bitok.n.01', 'boiled_dinner.n.01', 'boiled_egg.n.01', 'boston_baked_beans.n.01', 'bubble_and_squeak.n.01', 'buffalo_wing.n.01', 'burrito.n.01', 'carbonnade_flamande.n.01', 'casserole.n.01', 'chicken_and_rice.n.01', 'chicken_cordon_bleu.n.01', 'chicken_kiev.n.01', 'chicken_marengo.n.01', 'chicken_paprika.n.01', 'chicken_provencale.n.01', 'chili.n.01', 'chop_suey.n.01', 'chow_mein.n.01', 'coq_au_vin.n.01', 'coquille.n.01', 'coquilles_saint-jacques.n.01', 'cottage_pie.n.01', 'couscous.n.01', 'croquette.n.01', 'curry.n.01', 'custard.n.01', 'deviled_egg.n.01', 'dolmas.n.01', 'egg_roll.n.01', 'eggs_benedict.n.01', 'enchilada.n.01', 'escalope_de_veau_orloff.n.01', 'falafel.n.01', 'fish_and_chips.n.01', 'fish_stick.n.01', 'fondue.n.01', 'fondue.n.02', 'french_toast.n.01', 'fried_egg.n.01', 'fried_rice.n.01', 'frittata.n.01', 'frog_legs.n.01', 'galantine.n.01', 'gefilte_fish.n.01', 'haggis.n.01', 'ham_and_eggs.n.01', 'hash.n.01', 'jambalaya.n.01', 'kabob.n.01', 'kedgeree.n.01', 'kishke.n.01', 'lobster_thermidor.n.01', 'lutefisk.n.01', 'macedoine.n.01', 'maryland_chicken.n.01', 'meat_loaf.n.01', 'meatball.n.01', 'mold.n.06', 'moo_goo_gai_pan.n.01', 'moussaka.n.01', 'mousse.n.02', 'omelet.n.01', 'osso_buco.n.01', 'paella.n.01', 'pasta.n.01', 'patty.n.01', 'pepper_steak.n.02', 'pheasant_under_glass.n.01', 'piece_de_resistance.n.02', 'pilaf.n.01', 'pizza.n.01', 'poached_egg.n.01', 'poi.n.01', 'pork_and_beans.n.01', 'porridge.n.01', 'potpie.n.01', 'pudding.n.01', 'ramekin.n.01', 'refried_beans.n.01', 'rijsttaffel.n.01', 'risotto.n.01', 'rissole.n.01', 'roulade.n.01', 'salad.n.01', 'salisbury_steak.n.01', 'sandwich_plate.n.01', 'sashimi.n.01', 'sauerbraten.n.01', 'sauerkraut.n.01', 'saute.n.01', 'scallopine.n.01', 'scampi.n.01', 'schnitzel.n.01', 'scotch_egg.n.01', 'scotch_woodcock.n.01', 'scrambled_eggs.n.01', 'scrapple.n.01', 'seafood_newburg.n.01', 'shirred_egg.n.01', 'side_dish.n.01', 'souffle.n.01', 'soup.n.01', 'spaghetti_and_meatballs.n.01', 'spanish_rice.n.01', 'special.n.02', 'steak_au_poivre.n.01', 'steak_tartare.n.01', 'stew.n.02', 'stuffed_cabbage.n.01', 'stuffed_peppers.n.01', 'stuffed_tomato.n.01', 'stuffed_tomato.n.02', 'succotash.n.01', 'sukiyaki.n.01', 'sushi.n.01', 'swiss_steak.n.01', 'taco.n.02', 'tamale.n.02', 'tamale_pie.n.01', 'tempura.n.01', 'teriyaki.n.01', 'terrine.n.01', 'tetrazzini.n.01', 'timbale.n.01', 'tostada.n.01', 'turnover.n.02', 'veal_cordon_bleu.n.01', 'veal_parmesan.n.01', 'viand.n.01', 'welsh_rarebit.n.01']","['https://upload.wikimedia.org/wikipedia/commons/thumb/5/5c/Snack_Dessert.jpg/450px-Snack_Dessert.jpg?20230806032003', 'https://upload.wikimedia.org/wikipedia/commons/thumb/b/b4/Japanese_snack.jpg/796px-Japanese_snack.jpg?20230808011500', 'https://upload.wikimedia.org/wikipedia/commons/c/ce/Panipuri_Snack.jpg?20220609053920', 'https://upload.wikimedia.org/wikipedia/commons/thumb/2/2a/SnackfoodRackDF.JPG/401px-SnackfoodRackDF.JPG?20090630175222', 'https://upload.wikimedia.org/wikipedia/commons/thumb/c/cd/Traditional_Mexican_sweet_and_savory_snacks.jpg/600px-Traditional_Mexican_sweet_and_savory_snacks.jpg?20200217040426']",Snack Dessert.jpg,food for light meals or for eating between meals,prompthero_openjourney,black-forest-labs_FLUX.1-dev
1371,predict_hypernym,9619452,finisher.n.04,finisher,['worker.n.01'],"['assistant.n.01', 'beater.n.01', 'bill_poster.n.01', 'bleacher.n.01', 'boatman.n.01', 'carter.n.03', 'caster.n.01', 'charcoal_burner.n.01', 'collector.n.02', 'comber.n.01', 'cornhusker.n.01', 'driver.n.02', 'employable.n.01', 'employee.n.01', 'freelancer.n.01', 'gutter.n.03', 'hanger.n.01', 'lamplighter.n.01', 'melter.n.01', 'moonlighter.n.01', 'mopper.n.01', 'muzzler.n.01', 'nailer.n.01', 'oiler.n.01', 'part-timer.n.01', 'peeler.n.02', 'planter.n.02', 'plier.n.01', 'processor.n.02', 'pruner.n.01', 'puller.n.02', 'quarryman.n.01', 'ragsorter.n.01', 'scab.n.01', 'scrubber.n.01', 'seasonal_worker.n.01', 'servant.n.01', 'sheller.n.01', 'shelver.n.01', 'shingler.n.01', 'shoveler.n.01', 'skidder.n.02', 'skilled_worker.n.01', 'slave.n.02', 'solderer.n.01', 'splicer.n.02', 'splitter.n.01', 'stainer.n.01', 'stemmer.n.02', 'stringer.n.02', 'stripper.n.02', 'tacker.n.01', 'tapper.n.03', 'teaser.n.01', 'temp.n.01', 'throwster.n.01', 'tier.n.03', 'tiler.n.01', 'toiler.n.01', 'topper.n.01', 'topper.n.02', 'trade_unionist.n.01', 'twiner.n.01', 'volunteer.n.02', 'wallah.n.01', 'washer.n.01', 'winder.n.01', 'wiper.n.01', 'working_girl.n.01', 'workmate.n.01']","['https://upload.wikimedia.org/wikipedia/commons/thumb/c/c6/Mahiya_Mahi_%2801%29.jpg/400px-Mahiya_Mahi_%2801%29.jpg?20160706121530', 'https://upload.wikimedia.org/wikipedia/commons/thumb/2/25/VT_Hunt_Finisher_Plaque.jpg/800px-VT_Hunt_Finisher_Plaque.jpg?20190910064934', 'https://upload.wikimedia.org/wikipedia/commons/thumb/9/94/UTTF_Finisher-liivi_2021.jpg/450px-UTTF_Finisher-liivi_2021.jpg?20211222160756', 'https://upload.wikimedia.org/wikipedia/commons/thumb/4/4b/Garrison%27s_Finish_%281923%29_-_7.jpg/455px-Garrison%27s_Finish_%281923%29_-_7.jpg?20191217200930', 'https://upload.wikimedia.org/wikipedia/commons/thumb/4/46/Frances_Loring-The_Shell_Finisher_%28CWM_19710261-0414%29.jpg/343px-Frances_Loring-The_Shell_Finisher_%28CWM_19710261-0414%29.jpg?20230110232310']",Mahiya Mahi (01).jpg,a worker who performs the last step in a manufacturing process,PixArt-alpha_PixArt-Sigma-XL-2-512-MS,black-forest-labs_FLUX.1-dev
1374,predict_hypernym,36507085,supporter.n.01,supporter,['advocate.n.01'],"['apologist.n.01', 'constitutionalist.n.01', 'darwinian.n.01', 'democrat.n.02', 'federalist.n.02', 'gnostic.n.01', 'humanist.n.02', 'ideologist.n.01', 'internationalist.n.01', 'irredentist.n.01', 'isolationist.n.01', 'jansenist.n.01', 'libertarian.n.01', 'maoist.n.01', 'marxist.n.01', 'nationalist.n.02', 'neoclassicist.n.01', 'neutralist.n.01', 'nullifier.n.01', 'partisan.n.01', 'partitionist.n.01', 'platonist.n.01', 'presenter.n.02', 'pro-lifer.n.01', 'protectionist.n.01', 'republican.n.02', 'ritualist.n.01', 'ruralist.n.01', 'secessionist.n.01', 'secularist.n.01', 'separatist.n.01', 'spokesperson.n.01', 'suffragist.n.01', 'supremacist.n.01', 'teleologist.n.01', 'thatcherite.n.01', 'unilateralist.n.01']","['https://upload.wikimedia.org/wikipedia/commons/thumb/7/75/San_marcos_bullfight_04.jpg/800px-San_marcos_bullfight_04.jpg?20100502162127', 'https://upload.wikimedia.org/wikipedia/commons/thumb/a/af/A_Trump_supporter_in_Kenosha_Wisconsin.jpg/458px-A_Trump_supporter_in_Kenosha_Wisconsin.jpg?20200901224955', 'https://upload.wikimedia.org/wikipedia/commons/thumb/5/5c/Heraldic_supporters_lions_rampant.svg/661px-Heraldic_supporters_lions_rampant.svg.png?20220801131316', 'https://upload.wikimedia.org/wikipedia/commons/thumb/1/1e/Proper_Crane_Supporter_%28Heraldry%29.svg/177px-Proper_Crane_Supporter_%28Heraldry%29.svg.png?20230104220527', 'https://upload.wikimedia.org/wikipedia/commons/thumb/6/66/A_Kyle_Rittenhouse_supporter_in_Kenosha_Wisconsin.jpg/739px-A_Kyle_Rittenhouse_supporter_in_Kenosha_Wisconsin.jpg?20200901225007']",San marcos bullfight 04.jpg,a person who backs a politician or a team etc.,black-forest-labs_FLUX.1-dev,stabilityai_stable-diffusion-xl-base-1.0
1380,predict_hypernym,66668538,potato.n.01,potato,"['root_vegetable.n.01', 'solanaceous_vegetable.n.01', 'starches.n.01']","['beet.n.02', 'carrot.n.03', 'celeriac.n.02', 'jerusalem_artichoke.n.03', 'parsnip.n.03', 'radish.n.01', 'salsify.n.03', 'sweet_potato.n.02', 'taro.n.03', 'turnip.n.02', 'yam.n.04', 'eggplant.n.01', 'pepper.n.04', 'potato.n.01', 'tomatillo.n.03', 'tomato.n.01', 'bread.n.01', 'potato.n.01', 'rice.n.01']","['https://upload.wikimedia.org/wikipedia/commons/thumb/5/5d/%D0%9C%D1%83%D1%81%D0%B0%D0%BA%D0%B0_%D0%BE%D0%B4_%D0%BA%D0%BE%D0%BC%D0%BF%D0%B8%D1%80%D0%B8.jpg/411px-%D0%9C%D1%83%D1%81%D0%B0%D0%BA%D0%B0_%D0%BE%D0%B4_%D0%BA%D0%BE%D0%BC%D0%BF%D0%B8%D1%80%D0%B8.jpg?20210923163029', 'https://upload.wikimedia.org/wikipedia/commons/thumb/9/99/Potato_flowers_2016_G1.jpg/800px-Potato_flowers_2016_G1.jpg?20160607192257', 'https://upload.wikimedia.org/wikipedia/commons/thumb/f/fd/Solanum_tuberosum_%28potato%29_flowers.jpg/749px-Solanum_tuberosum_%28potato%29_flowers.jpg?20220507065909', 'https://upload.wikimedia.org/wikipedia/commons/thumb/6/6a/Solanum_tuberosum_Red_Scarlett20170523_7825.jpg/600px-Solanum_tuberosum_Red_Scarlett20170523_7825.jpg?20170526132256', 'https://upload.wikimedia.org/wikipedia/commons/thumb/0/02/Asparagus_with_potatoes.jpg/800px-Asparagus_with_potatoes.jpg?20220527083834']",Мусака од компири.jpg,an edible tuber native to South America; a staple food of Ireland,black-forest-labs_FLUX.1-dev,stabilityai_stable-diffusion-xl-base-1.0
1384,predict_hypernym,57907690,trap.n.01,trap,['device.n.01'],"['acoustic_device.n.01', 'adapter.n.02', 'afterburner.n.01', 'agglomerator.n.01', 'airfoil.n.01', 'alarm.n.02', 'appliance.n.01', 'applicator.n.01', 'aspergill.n.01', 'autopilot.n.02', 'bait.n.02', 'billiard_marker.n.01', 'bird_feeder.n.01', 'blower.n.01', 'bootjack.n.01', 'breathalyzer.n.01', 'breathing_device.n.01', 'bubbler.n.02', 'buffer.n.06', 'catapult.n.02', 'charger.n.02', 'clip-on.n.01', 'comb.n.01', 'comforter.n.04', 'conductor.n.04', 'contraceptive.n.01', 'converter.n.01', 'corer.n.01', 'corrective.n.01', 'crusher.n.01', 'cryptograph.n.03', 'cutoff.n.03', 'dampener.n.01', 'damper.n.02', 'deflector.n.01', 'dental_appliance.n.01', 'depressor.n.03', 'detector.n.01', 'diestock.n.01', 'drive.n.10', 'drop_forge.n.01', 'elastic_device.n.01', 'electrical_device.n.01', 'electronic_device.n.01', 'energizer.n.02', 'exercise_device.n.01', 'explosive_device.n.01', 'fan.n.01', 'filter.n.01', 'fire_extinguisher.n.01', 'flare.n.09', 'fumigator.n.02', 'gas_fixture.n.01', 'groover.n.01', 'guard.n.03', 'heat_exchanger.n.01', 'heater.n.01', 'holding_device.n.01', 'horn.n.08', 'hydrofoil.n.01', 'imprint.n.05', 'indicator.n.03', 'instrument.n.01', 'interlock.n.01', 'interrupter.n.01', 'jig.n.03', 'key.n.01', 'keyboard.n.01', 'kinetoscope.n.01', 'knocker.n.05', 'lift.n.06', 'lifting_device.n.01', 'lighter.n.02', 'machine.n.01', 'magnet.n.01', 'mechanism.n.05', 'memory_device.n.01', 'musical_instrument.n.01', 'nest_egg.n.02', 'noisemaker.n.01', 'optical_device.n.01', 'override.n.01', 'paper_feed.n.01', 'peeler.n.03', 'pick.n.05', 'power_takeoff.n.01', 'prod.n.02', 'prompter.n.02', 'pull.n.04', 'reflector.n.01', 'release.n.08', 'remote_control.n.01', 'reset.n.01', 'restraint.n.06', 'router.n.02', 'runner.n.09', 'scratcher.n.03', 'shoehorn.n.01', 'shoetree.n.01', 'shooting_stick.n.01', 'shredder.n.01', 'signaling_device.n.01', 'snowshoe.n.01', 'sounder.n.01', 'source_of_illumination.n.01', 'stabilizer.n.03', 'stemmer.n.05', 'straightener.n.01', 'strengthener.n.01', 'stylus.n.01', 'suction_cup.n.01', 'support.n.10', 'sweatbox.n.02', 'synchroflash.n.01', 'take-up.n.01', 'teaser.n.07', 'throwing_stick.n.01', 'tilter.n.02', 'tongs.n.01', 'toy.n.03', 'trigger.n.02', 'valve.n.02', 'vaporizer.n.01', 'ventilator.n.01', 'washboard.n.01', 'water_cooler.n.01']","['https://upload.wikimedia.org/wikipedia/commons/thumb/9/9c/Bregenz-Mouse_in_Trap-04ASD.jpg/800px-Bregenz-Mouse_in_Trap-04ASD.jpg?20190808093438', 'https://upload.wikimedia.org/wikipedia/commons/thumb/2/27/Brass_P_trap.jpg/450px-Brass_P_trap.jpg?20220730005847', 'https://upload.wikimedia.org/wikipedia/commons/thumb/b/b8/YIIT_Trap_-_Rap_Musik_HipHop.jpg/399px-YIIT_Trap_-_Rap_Musik_HipHop.jpg?20200117014054', 'https://upload.wikimedia.org/wikipedia/commons/6/6a/Tlingit_fish_trap_1894.jpg?20240703011651', 'https://upload.wikimedia.org/wikipedia/commons/thumb/c/cb/Stacks_of_lobster_traps_in_Norra_Grundsund_7.jpg/800px-Stacks_of_lobster_traps_in_Norra_Grundsund_7.jpg?20200705114201']",Bregenz-Mouse in Trap-04ASD.jpg,a device in which something (usually an animal) can be caught and penned,retrieval,black-forest-labs_FLUX.1-dev
1386,predict_hypernym,79200528,elementary_particle.n.01,elementary_particle,['particle.n.02'],"['alpha_particle.n.01', 'beta_particle.n.01', 'boson.n.01', 'deuteron.n.01', 'fermion.n.01', 'ion.n.01', 'magnetic_monopole.n.01', 'micelle.n.01', 'prion.n.01', 'scintilla.n.02', 'superstring.n.01', 'thermion.n.01', 'virino.n.01', 'virion.n.01']","['https://upload.wikimedia.org/wikipedia/commons/thumb/0/00/Standard_Model_of_Elementary_Particles.svg/627px-Standard_Model_of_Elementary_Particles.svg.png?20240614193627', 'https://upload.wikimedia.org/wikipedia/commons/thumb/b/bd/Standard_Model_of_Elementary_Particles-ja.svg/627px-Standard_Model_of_Elementary_Particles-ja.svg.png?20230808064239', 'https://upload.wikimedia.org/wikipedia/commons/thumb/5/52/Standard_Model_of_Elementary_Particles-th.svg/627px-Standard_Model_of_Elementary_Particles-th.svg.png?20231001150211', 'https://upload.wikimedia.org/wikipedia/commons/9/98/ABC_Elementary_Particles.jpg?20140221115041', 'https://upload.wikimedia.org/wikipedia/commons/thumb/0/0f/Standard_Model_of_Elementary_Particles_Gravity_Hadron.svg/421px-Standard_Model_of_Elementary_Particles_Gravity_Hadron.svg.png?20190312225801']",Standard Model of Elementary Particles.svg,(physics) a particle that is less complex than an atom; regarded as constituents of all matter,black-forest-labs_FLUX.1-dev,Tencent-Hunyuan_HunyuanDiT-v1.2-Diffusers
1388,predict_hypernym,86856521,cancellation.n.01,cancellation,['nullification.n.02'],"['neutralization.n.01', 'neutralization.n.04', 'vitiation.n.01']","['https://upload.wikimedia.org/wikipedia/commons/thumb/5/51/Valladolid_-_San_Felipe_Neri_-_cancel_20131221.jpg/450px-Valladolid_-_San_Felipe_Neri_-_cancel_20131221.jpg?20200227215801', 'https://upload.wikimedia.org/wikipedia/commons/thumb/2/2d/Cancel_Culture.jpg/463px-Cancel_Culture.jpg?20200720014112']",Valladolid - San Felipe Neri - cancel 20131221.jpg,the act of cancelling; calling off some arrangement,black-forest-labs_FLUX.1-dev,runwayml_stable-diffusion-v1-5
1395,predict_hypernym,1156438,mobilization.n.01,mobilization,['social_control.n.01'],"['appeasement.n.01', 'auto_limitation.n.01', 'corrections.n.02', 'demobilization.n.01', 'denationalization.n.01', 'detribalization.n.01', 'discrimination.n.01', 'domination.n.01', 'duty.n.01', 'enforcement.n.01', 'government.n.02', 'management.n.01', 'nationalization.n.03', 'occupation.n.02', 'patronage.n.04', 'population_control.n.01', 'privation.n.02', 'punishment.n.01', 'sanction.n.02', 'socialization.n.03', 'standardization.n.02']","['https://upload.wikimedia.org/wikipedia/commons/thumb/1/17/020200827_124828_%282%29_Polish-Soviet_War_mobilization.jpg/422px-020200827_124828_%282%29_Polish-Soviet_War_mobilization.jpg?20200831145308', 'https://upload.wikimedia.org/wikipedia/commons/thumb/7/7d/RIAN_archive_%2B662733_Recruits_leave_for_front_during_mobilization.jpg/800px-RIAN_archive_%2B662733_Recruits_leave_for_front_during_mobilization.jpg?20231022085643', 'https://upload.wikimedia.org/wikipedia/commons/thumb/6/68/Kriegsmobilmachung.jpg/367px-Kriegsmobilmachung.jpg?20100313122153', 'https://upload.wikimedia.org/wikipedia/commons/thumb/6/6b/National_Guard_Mobilization_of_1940-41_%289620937255%29.jpg/800px-National_Guard_Mobilization_of_1940-41_%289620937255%29.jpg?20180307083721', 'https://upload.wikimedia.org/wikipedia/commons/thumb/8/8b/1916_National_Guard_mobilization_%2827696006956%29.jpg/800px-1916_National_Guard_mobilization_%2827696006956%29.jpg?20180307083503']",020200827 124828 (2) Polish-Soviet War mobilization.jpg,act of assembling and putting into readiness for war or other emergency:,stabilityai_sdxl-turbo,black-forest-labs_FLUX.1-dev
1407,simple_triplet_2parent,5654362,sight.n.03,sight,"['modality.n.03', 'exteroception.n.01']","['hearing.n.06', 'smell.n.04', 'taste.n.06', 'touch.n.02', 'hearing.n.06', 'sight.n.03', 'smell.n.04', 'somatosense.n.01', 'taste.n.06']","['https://upload.wikimedia.org/wikipedia/commons/thumb/6/65/Eye_iris.jpg/800px-Eye_iris.jpg?20051130182125', 'https://upload.wikimedia.org/wikipedia/commons/thumb/6/6e/First-vision-joseph-smith-mormon.jpg/456px-First-vision-joseph-smith-mormon.jpg?20211207030526', 'https://upload.wikimedia.org/wikipedia/commons/5/5c/Vision_ventral_and_dorsal_pathways_fr.jpg?20221219102833', 'https://upload.wikimedia.org/wikipedia/commons/thumb/2/21/Bruegel_d._%C3%84.%2C_Jan_-_The_Sense_of_Sight_-_1618.jpg/800px-Bruegel_d._%C3%84.%2C_Jan_-_The_Sense_of_Sight_-_1618.jpg?20090902054539', 'https://upload.wikimedia.org/wikipedia/commons/thumb/5/5f/Visual_Masking.svg/766px-Visual_Masking.svg.png?20190915181357']",Eye iris.jpg,the ability to see; the visual faculty,black-forest-labs_FLUX.1-dev,PixArt-alpha_PixArt-Sigma-XL-2-512-MS
1408,predict_hypernym,5316083,affect.v.01,affect,['change.v.01'],"['accelerate.v.02', 'acerbate.v.02', 'acetylate.v.02', 'achromatize.v.01', 'activate.v.02', 'activate.v.03', 'activate.v.04', 'activate.v.05', 'adjust.v.01', 'affect.v.02', 'age.v.03', 'alchemize.v.01', 'alcoholize.v.03', 'alkalinize.v.02', 'allegorize.v.02', 'alter.v.03', 'americanize.v.01', 'angulate.v.01', 'animize.v.01', 'antiquate.v.01', 'antique.v.02', 'archaize.v.01', 'arterialize.v.01', 'ash.v.01', 'assimilate.v.03', 'automatize.v.01', 'automatize.v.02', 'awaken.v.01', 'barb.v.01', 'barbarize.v.02', 'bestialize.v.01', 'better.v.02', 'blind.v.02', 'blister.v.03', 'blunt.v.04', 'blur.v.02', 'blur.v.05', 'boil.v.03', 'break.v.39', 'break_down.v.01', 'brighten.v.01', 'bring.v.02', 'bring.v.05', 'brutalize.v.02', 'bubble.v.04', 'calcify.v.04', 'camp.v.03', 'capture.v.04', 'cause_to_sleep.v.01', 'centralize.v.01', 'change_intensity.v.01', 'change_taste.v.01', 'charge.v.08', 'charge.v.23', 'chasten.v.02', 'check.v.07', 'circularize.v.05', 'civilize.v.02', 'clarify.v.02', 'classicize.v.01', 'clean.v.01', 'clear.v.20', 'clot.v.02', 'cloud.v.06', 'coarsen.v.01', 'coarsen.v.02', 'cohere.v.02', 'color.v.01', 'commercialize.v.02', 'communize.v.01', 'commute.v.04', 'complicate.v.01', 'complicate.v.02', 'condense.v.07', 'confuse.v.05', 'constitutionalize.v.03', 'contaminate.v.02', 'conventionalize.v.01', 'convert.v.01', 'convert.v.02', 'convert.v.05', 'cook.v.05', 'cool.v.01', 'corrupt.v.01', 'counterchange.v.01', 'crack.v.11', 'cry.v.07', 'customize.v.02', 'damage.v.01', 'darken.v.03', 'de-emphasize.v.01', 'deaden.v.03', 'deaden.v.06', 'deaminate.v.01', 'decarboxylate.v.02', 'decelerate.v.02', 'decentralize.v.01', 'decimalize.v.01', 'decorate.v.01', 'decrease.v.02', 'decrepitate.v.02', 'deflate.v.04', 'deform.v.01', 'dehydrogenate.v.01', 'demagnetize.v.02', 'demist.v.01', 'democratize.v.02', 'demonize.v.01', 'demulsify.v.01', 'demythologize.v.01', 'denationalize.v.01', 'denaturalize.v.01', 'denaturalize.v.02', 'denature.v.01', 'denature.v.02', 'denature.v.03', 'deodorize.v.01', 'depersonalize.v.01', 'depolarize.v.01', 'desensitize.v.01', 'desensitize.v.02', 'destabilize.v.02', 'detransitivize.v.01', 'devalue.v.02', 'develop.v.12', 'develop.v.15', 'devilize.v.01', 'digitize.v.01', 'dinge.v.02', 'dirty.v.01', 'disable.v.01', 'discolor.v.02', 'disharmonize.v.01', 'disintegrate.v.02', 'disorder.v.02', 'disqualify.v.01', 'dissimilate.v.02', 'dissolve.v.07', 'dissolve.v.11', 'diversify.v.01', 'dizzy.v.01', 'domesticate.v.02', 'dope.v.02', 'draw.v.16', 'dry.v.01', 'dull.v.01', 'dull.v.05', 'dynamize.v.01', 'dynamize.v.02', 'ease_up.v.03', 'edit.v.01', 'edit.v.03', 'embrittle.v.01', 'empty.v.01', 'emulsify.v.01', 'enable.v.01', 'end.v.02', 'equal.v.03', 'eroticize.v.01', 'estrange.v.02', 'etherealize.v.01', 'etiolate.v.02', 'etiolate.v.03', 'europeanize.v.01', 'europeanize.v.02', 'evaporate.v.02', 'even.v.02', 'excite.v.07', 'excite.v.08', 'extend.v.09', 'exteriorize.v.02', 'fatten.v.01', 'feminize.v.02', 'fertilize.v.02', 'fill.v.01', 'fix.v.12', 'flatten.v.03', 'flocculate.v.02', 'freeze.v.04', 'frenchify.v.01', 'full.v.02', 'gelatinize.v.03', 'glamorize.v.02', 'glorify.v.02', 'habituate.v.02', 'harmonize.v.06', 'harshen.v.01', 'heat.v.01', 'hue.v.01', 'humanize.v.01', 'humble.v.01', 'hydrogenate.v.01', 'immaterialize.v.01', 'immortalize.v.02', 'inactivate.v.02', 'incandesce.v.01', 'increase.v.02', 'indispose.v.03', 'industrialize.v.01', 'inflate.v.03', 'inform.v.02', 'inseminate.v.02', 'insulate.v.01', 'intensify.v.04', 'internationalize.v.02', 'introvert.v.02', 'invalidate.v.04', 'invert.v.01', 'iodinate.v.01', 'ionate.v.01', 'islamize.v.01', 'isomerize.v.01', 'laicize.v.01', 'legitimate.v.03', 'lend.v.01', 'liberalize.v.01', 'lifehack.v.01', 'lift.v.10', 'liquefy.v.02', 'loosen.v.01', 'loosen.v.06', 'louden.v.02', 'lower.v.04', 'lubricate.v.03', 'magnetize.v.01', 'make.v.02', 'make.v.18', 'make.v.45', 'mark.v.05', 'masculinize.v.01', 'masculinize.v.02', 'mechanize.v.02', 'mechanize.v.03', 'militarize.v.01', 'militarize.v.02', 'mince.v.01', 'mix.v.05', 'morph.v.01', 'muddy.v.03', 'mythologize.v.02', 'nationalize.v.01', 'nationalize.v.02', 'naturalize.v.01', 'naturalize.v.04', 'nazify.v.01', 'neutralize.v.01', 'neutralize.v.06', 'nick.v.03', 'normalize.v.02', 'obfuscate.v.01', 'obscure.v.03', 'obscure.v.05', 'occidentalize.v.01', 'officialize.v.01', 'opacify.v.01', 'opalize.v.01', 'opsonize.v.01', 'orientalize.v.01', 'ossify.v.03', 'outmode.v.01', 'oxidize.v.02', 'oxygenize.v.01', 'paganize.v.01', 'pall.v.05', 'parallel.v.02', 'patent.v.03', 'personalize.v.01', 'piggyback.v.05', 'plasticize.v.02', 'poison.v.03', 'polarize.v.01', 'politicize.v.01', 'port.v.08', 'professionalize.v.02', 'proof.v.04', 'prostrate.v.02', 'purify.v.02', 'put.v.02', 'radicalize.v.01', 'rarefy.v.01', 'rarefy.v.02', 'rationalize.v.05', 'recombine.v.02', 'recommend.v.03', 'reconstruct.v.03', 'refine.v.06', 'reflate.v.02', 'reform.v.02', 'refresh.v.04', 'relax.v.06', 'remodel.v.01', 'restore.v.05', 'revolutionize.v.01', 'right.v.01', 'right.v.02', 'ripen.v.01', 'romanticize.v.02', 'round_off.v.03', 'rusticate.v.05', 'sanitize.v.02', 'saponify.v.02', 'saturate.v.01', 'sauce.v.03', 'schematize.v.02', 'scramble.v.05', 'sensitize.v.01', 'sensitize.v.03', 'sensitize.v.04', 'sentimentalize.v.02', 'set.v.05', 'sexualize.v.01', 'shade.v.04', 'shake.v.08', 'shallow.v.01', 'shape.v.03', 'sharpen.v.01', 'sharpen.v.06', 'shift.v.05', 'shorten.v.03', 'simplify.v.01', 'slenderize.v.01', 'smut.v.01', 'sober.v.01', 'socialize.v.04', 'soften.v.06', 'solemnize.v.03', 'solvate.v.01', 'spice.v.01', 'spike.v.05', 'sputter.v.02', 'stabilize.v.01', 'stain.v.02', 'steepen.v.02', 'stiffen.v.02', 'still.v.04', 'straighten.v.02', 'strengthen.v.01', 'string.v.07', 'substitute.v.01', 'suburbanize.v.02', 'supercharge.v.02', 'supple.v.01', 'suspend.v.02', 'suspend.v.05', 'sweeten.v.02', 'switch.v.04', 'symmetrize.v.01', 'synchronize.v.03', 'tame.v.01', 'tender.v.04', 'tense.v.02', 'territorialize.v.02', 'thicken.v.01', 'think.v.13', 'tighten.v.01', 'tone_down.v.02', 'touch.v.11', 'transaminate.v.01', 'transfigure.v.01', 'transform.v.01', 'transform.v.02', 'transform.v.05', 'transform.v.06', 'transform.v.07', 'transitivize.v.01', 'translate.v.02', 'transmute.v.03', 'transpose.v.07', 'turn.v.16', 'turn_back.v.05', 'uglify.v.01', 'unclutter.v.01', 'uniformize.v.01', 'unite.v.05', 'unite.v.06', 'unsanctify.v.01', 'unscramble.v.01', 'unsex.v.02', 'untie.v.02', 'untune.v.02', 'urbanize.v.01', 'urbanize.v.02', 'validate.v.04', 'variegate.v.01', 'vascularize.v.02', 'ventilate.v.05', 'verbify.v.01', 'vesiculate.v.02', 'visualize.v.04', 'vitalize.v.01', 'vitrify.v.01', 'vivify.v.02', 'volatilize.v.01', 'vulgarise.v.02', 'warm.v.02', 'weaken.v.01', 'weaponize.v.01', 'wet.v.01', 'widen.v.03', 'worsen.v.02']","['https://upload.wikimedia.org/wikipedia/commons/thumb/e/ea/Wildfires_continue_to_affect_Canada.jpg/800px-Wildfires_continue_to_affect_Canada.jpg?20230724143028', 'https://upload.wikimedia.org/wikipedia/commons/thumb/3/3f/Armando_Olivo_Mart%C3%ADn_del_campo.jpg/800px-Armando_Olivo_Mart%C3%ADn_del_campo.jpg?20220907062529', 'https://upload.wikimedia.org/wikipedia/commons/thumb/2/2f/Greenhouse_Affect_sticker.png/427px-Greenhouse_Affect_sticker.png?20240105133453', 'https://upload.wikimedia.org/wikipedia/commons/f/f1/MaternalBond.jpg?20070528223001', 'https://upload.wikimedia.org/wikipedia/commons/thumb/3/3b/Open_Affect_%28Group%29_Logotype.png/600px-Open_Affect_%28Group%29_Logotype.png?20240217174655']",Wildfires continue to affect Canada.jpg,have an effect upon,black-forest-labs_FLUX.1-dev,stabilityai_stable-diffusion-3-medium-diffusers
1412,leafs_and_no_leafs,14880557,crown_glass.n.01,crown_glass,['glass.n.01'],"['ground_glass.n.01', 'ground_glass.n.02', 'lead_glass.n.01', 'natural_glass.n.01', 'opal_glass.n.01', 'optical_glass.n.01', 'pyrex.n.01', 'safety_glass.n.01', 'soft_glass.n.01', 'soluble_glass.n.01', 'stained_glass.n.01', 'wire_glass.n.01']","['https://upload.wikimedia.org/wikipedia/commons/7/7c/Cathedral_of_St._Mary_the_Crowned_stained_glass_window.jpg?20080922210206', 'https://upload.wikimedia.org/wikipedia/commons/thumb/d/d1/Our_Lady_of_Perpetual_Help_%28Campbellsville%2C_Kentucky%29_-_stained_glass%2C_Cross_and_Crown.jpg/800px-Our_Lady_of_Perpetual_Help_%28Campbellsville%2C_Kentucky%29_-_stained_glass%2C_Cross_and_Crown.jpg?20140515011235', 'https://upload.wikimedia.org/wikipedia/commons/thumb/9/9f/Church_of_the_Atonement_%28Crooksville%2C_Ohio%29_-_stained_glass%2C_Crown_of_Thorns.jpg/797px-Church_of_the_Atonement_%28Crooksville%2C_Ohio%29_-_stained_glass%2C_Crown_of_Thorns.jpg?20150411022739', 'https://upload.wikimedia.org/wikipedia/commons/thumb/a/a4/Gloucester_Cathedral_..._glass_crowns._-_Flickr_-_BazzaDaRambler.jpg/401px-Gloucester_Cathedral_..._glass_crowns._-_Flickr_-_BazzaDaRambler.jpg?20121114200217', 'https://upload.wikimedia.org/wikipedia/commons/thumb/6/6f/Christ%27s_Head_with_Crown_of_Thorns%2C_Leuven%2C_c._1525%2C_stained_glass_-_Museum_M_-_Leuven%2C_Belgium_-_DSC05023.JPG/781px-Christ%27s_Head_with_Crown_of_Thorns%2C_Leuven%2C_c._1525%2C_stained_glass_-_Museum_M_-_Leuven%2C_Belgium_-_DSC05023.JPG?20140811083923']",Cathedral of St. Mary the Crowned stained glass window.jpg,a glass blown into a globe which is later flattened and spun to form a disk,black-forest-labs_FLUX.1-dev,retrieval
1415,simple_triplet_2parent,76318112,sleeper.n.02,sleeper,"['saboteur.n.01', 'spy.n.01']","['counterspy.n.01', 'double_agent.n.01', 'espionage_agent.n.01', 'foreign_agent.n.01', 'infiltrator.n.01', 'sleeper.n.02', 'hacker.n.02', 'jacobin.n.01', 'sleeper.n.02', 'suicide_bomber.n.01']","['https://upload.wikimedia.org/wikipedia/commons/thumb/4/47/European_Sleeper_map.svg/652px-European_Sleeper_map.svg.png?20231214004820', 'https://upload.wikimedia.org/wikipedia/commons/thumb/4/48/Superliner_II_Sleeper_car_Roomette_dimensions.png/800px-Superliner_II_Sleeper_car_Roomette_dimensions.png?20210805210900', 'https://upload.wikimedia.org/wikipedia/commons/thumb/b/bb/New_Caledonian_Sleeper_train_on_test_-_geograph.org.uk_-_5738308.jpg/800px-New_Caledonian_Sleeper_train_on_test_-_geograph.org.uk_-_5738308.jpg?20231115152531', 'https://upload.wikimedia.org/wikipedia/commons/thumb/8/8e/Caledonian_Sleeper_%2838271773371%29.jpg/450px-Caledonian_Sleeper_%2838271773371%29.jpg?20171110131928', 'https://upload.wikimedia.org/wikipedia/commons/thumb/9/9c/Martha_Sleeper_-_Jul_1923_Shadowland.jpg/408px-Martha_Sleeper_-_Jul_1923_Shadowland.jpg?20191122185620']",European Sleeper map.svg,a spy or saboteur or terrorist planted in an enemy country who lives there as a law-abiding citizen until activated by a prearranged signal,black-forest-labs_FLUX.1-dev,prompthero_openjourney
1418,leafs_and_no_leafs,1043989,adoration.n.03,adoration,['worship.n.01'],"['ancestor_worship.n.01', 'arborolatry.n.01', 'astrolatry.n.01', 'cosmolatry.n.01', 'deification.n.03', 'diabolatry.n.01', 'hagiolatry.n.01', 'heliolatry.n.01', 'idiolatry.n.01', 'idolatry.n.01', 'idolatry.n.02', 'idolization.n.02', 'monolatry.n.01', 'moon-worship.n.01', 'praise.n.02', 'prayer.n.01', 'pyrolatry.n.01', 'salat.n.01', 'zoolatry.n.01']","['https://upload.wikimedia.org/wikipedia/commons/thumb/d/d5/Fra_Angelico%2C_Fra_Filippo_Lippi%2C_The_Adoration_of_the_Magi.jpg/600px-Fra_Angelico%2C_Fra_Filippo_Lippi%2C_The_Adoration_of_the_Magi.jpg?20150821175436', 'https://upload.wikimedia.org/wikipedia/commons/thumb/c/cc/Saint_Mary_of_the_Assumption_Parish_%28Springboro%2C_Ohio%29_-_stained-glass%2C_Adoration_by_the_Shepherds_detail_2.jpg/748px-Saint_Mary_of_the_Assumption_Parish_%28Springboro%2C_Ohio%29_-_stained-glass%2C_Adoration_by_the_Shepherds_detail_2.jpg?20231208015730', 'https://upload.wikimedia.org/wikipedia/commons/thumb/7/76/Pri%C3%A8re_de_Tarawih_dans_la_Grande_Mosqu%C3%A9e_de_Kairouan._Ramadan_2012.jpg/800px-Pri%C3%A8re_de_Tarawih_dans_la_Grande_Mosqu%C3%A9e_de_Kairouan._Ramadan_2012.jpg?20130928140658', 'https://upload.wikimedia.org/wikipedia/commons/thumb/2/2f/Edward_Burne-Jones_-_The_Adoration_of_the_Magi_-_Google_Art_Project.jpg/800px-Edward_Burne-Jones_-_The_Adoration_of_the_Magi_-_Google_Art_Project.jpg?20121002015734', 'https://upload.wikimedia.org/wikipedia/commons/thumb/6/61/Pfarrkirche_Sankt_Peter_und_Paul_Villn%C3%B6%C3%9F_Rosarien_Madonna.jpg/417px-Pfarrkirche_Sankt_Peter_und_Paul_Villn%C3%B6%C3%9F_Rosarien_Madonna.jpg?20131004100513']","Fra Angelico, Fra Filippo Lippi, The Adoration of the Magi.jpg",the worship given to God alone,prompthero_openjourney,black-forest-labs_FLUX.1-dev
1430,simple_triplet_2parent,60579124,noradrenaline.n.01,noradrenaline,"['monoamine_neurotransmitter.n.01', 'catecholamine.n.01']","['epinephrine.n.01', 'dopamine.n.01', 'noradrenaline.n.01', 'serotonin.n.01', 'adrenergic.n.01', 'angiotensin.n.01', 'coldness.n.03', 'epinephrine.n.01', 'lypressin.n.01', 'naphazoline.n.01', 'nicotine.n.01', 'noradrenaline.n.01', 'vasopressin.n.01', 'vasopressor.n.01']","['https://upload.wikimedia.org/wikipedia/commons/thumb/5/58/Norepinephrine.svg/512px-Norepinephrine.svg.png?20160205173345', 'https://upload.wikimedia.org/wikipedia/commons/thumb/8/89/Noradrenalin_-_Noradrenaline.svg/230px-Noradrenalin_-_Noradrenaline.svg.png?20070224123834', 'https://upload.wikimedia.org/wikipedia/commons/thumb/8/8c/Norepinephrine_structure_with_descriptor.svg/426px-Norepinephrine_structure_with_descriptor.svg.png?20091016110809', 'https://upload.wikimedia.org/wikipedia/commons/thumb/e/e1/Noradrenaline_in_green.svg/198px-Noradrenaline_in_green.svg.png?20210115220505', 'https://upload.wikimedia.org/wikipedia/commons/thumb/d/da/Ergoline-in-where_noradrenaline_is_marked_in_green.svg/149px-Ergoline-in-where_noradrenaline_is_marked_in_green.svg.png?20210115220501']",Norepinephrine.svg,a catecholamine precursor of epinephrine that is secreted by the adrenal medulla and also released at synapses,retrieval,black-forest-labs_FLUX.1-dev
1434,leafs_and_no_leafs,1693727,cartoon.v.01,cartoon,['draw.v.06'],"['chalk.v.01', 'charcoal.v.01', 'check.v.16', 'crayon.v.01', 'delineate.v.03', 'diagram.v.01', 'doodle.v.01', 'pencil.v.01', 'project.v.06', 'rule.v.06', 'shade.v.02', 'sketch.v.01']","['https://upload.wikimedia.org/wikipedia/commons/2/25/3Ring_release_animation.gif?20110507192418', 'https://upload.wikimedia.org/wikipedia/commons/thumb/8/89/Tortilleras_Nebel.jpg/800px-Tortilleras_Nebel.jpg?20080904092709', 'https://upload.wikimedia.org/wikipedia/commons/thumb/d/df/Cartoon_portrait_of_Wikipedia_editor_Lilsusanalex.jpg/466px-Cartoon_portrait_of_Wikipedia_editor_Lilsusanalex.jpg?20221110151506', 'https://upload.wikimedia.org/wikipedia/commons/1/17/Busterbrown15.jpg?20051228232817', 'https://upload.wikimedia.org/wikipedia/commons/thumb/e/ec/Percy_Leason_cartoon_4_May_1922.jpg/362px-Percy_Leason_cartoon_4_May_1922.jpg?20220828064507']",3Ring release animation.gif,draw cartoons of,black-forest-labs_FLUX.1-dev,playgroundai_playground-v2.5-1024px-aesthetic
1439,simple_triplet_2parent,10051337,embezzler.n.01,embezzler,"['deceiver.n.01', 'thief.n.01']","['bluffer.n.01', 'decoy.n.01', 'dodger.n.01', 'double-crosser.n.01', 'falsifier.n.01', 'finagler.n.01', 'forger.n.02', 'fortune_hunter.n.01', 'front_man.n.01', 'hypocrite.n.01', 'impersonator.n.01', 'imposter.n.01', 'liar.n.01', 'misleader.n.01', 'mountebank.n.01', 'obscurantist.n.01', 'sandbagger.n.01', 'swindler.n.01', 'two-timer.n.01', 'utterer.n.02', 'bandit.n.01', 'booster.n.03', 'burglar.n.01', 'dacoit.n.01', 'embezzler.n.01', 'graverobber.n.01', 'graverobber.n.02', 'holdup_man.n.01', 'larcenist.n.01', 'pickpocket.n.01', 'plagiarist.n.01', 'plunderer.n.01', 'robber.n.01', 'rustler.n.01', 'safebreaker.n.01', 'snatcher.n.01', 'sneak_thief.n.01']","['https://upload.wikimedia.org/wikipedia/commons/2/2c/Zausalin_MA_-_The_Embezzlers_musical.jpg?20160310132034', 'https://upload.wikimedia.org/wikipedia/commons/3/37/Star_of_The_Embezzlers.jpg?20160419220028', 'https://upload.wikimedia.org/wikipedia/commons/thumb/4/47/The_Embezzler_1914-newspaperadvert.jpg/740px-The_Embezzler_1914-newspaperadvert.jpg?20131017130713', 'https://upload.wikimedia.org/wikipedia/commons/f/f4/Peculator_verconis.jpg?20201126150401', 'https://upload.wikimedia.org/wikipedia/commons/thumb/9/90/Peculator-hedleyi-Murdoch.jpg/450px-Peculator-hedleyi-Murdoch.jpg?20201126145244']",Zausalin MA - The Embezzlers musical.jpg,someone who violates a trust by taking (money) for his own use,stabilityai_stable-diffusion-3-medium-diffusers,black-forest-labs_FLUX.1-dev
1450,predict_hypernym,59976859,agreement.n.01,agreement,['statement.n.01'],"['amendment.n.02', 'announcement.n.01', 'announcement.n.02', 'answer.n.01', 'assurance.n.03', 'bid.n.04', 'bill_of_rights.n.01', 'cautious_statement.n.01', 'comment.n.02', 'condition.n.07', 'declaration.n.01', 'declaration.n.03', 'description.n.01', 'estimate.n.04', 'explanans.n.01', 'explanation.n.01', 'explicandum.n.01', 'falsehood.n.01', 'formula.n.03', 'formula.n.04', 'mathematical_statement.n.01', 'misstatement.n.01', 'negation.n.01', 'pleading.n.01', 'prediction.n.02', 'proposition.n.01', 'quotation.n.03', 'recital.n.04', 'remark.n.01', 'representation.n.06', 'representation.n.08', 'reservation.n.02', 'restatement.n.01', 'rhetorical_question.n.01', 'solution.n.02', 'summary.n.01', 'thing.n.07', 'truth.n.03', 'understatement.n.01', 'value_statement.n.01', 'word.n.02']","['https://upload.wikimedia.org/wikipedia/commons/thumb/6/6a/Contract_for_the_participation_in_a_television_programme%2C_1975.jpg/377px-Contract_for_the_participation_in_a_television_programme%2C_1975.jpg?20150603175018', 'https://upload.wikimedia.org/wikipedia/commons/thumb/5/5e/Contract_Flat_Icon.svg/512px-Contract_Flat_Icon.svg.png?20220924140543', 'https://upload.wikimedia.org/wikipedia/commons/thumb/7/7e/File-Articles_of_agreement_between_Thomas_F._Mulledy%2C_of_Georgetown%2C_District_of_Columbia%2C_of_one_part%2C_and_Jesse_Beatty_and_Henry_Johnson%2C_of_the_State_of_Louisiana%2C_of_the_other_part._19th_June_1838_p7.jpg/368px-thumbnail.jpg?20190624030555', 'https://upload.wikimedia.org/wikipedia/commons/thumb/c/c0/File-Articles_of_agreement_between_Thomas_F._Mulledy%2C_of_Georgetown%2C_District_of_Columbia%2C_of_one_part%2C_and_Jesse_Beatty_and_Henry_Johnson%2C_of_the_State_of_Louisiana%2C_of_the_other_part._19th_June_1838_p1.jpg/369px-thumbnail.jpg?20190624030546', 'https://upload.wikimedia.org/wikipedia/commons/thumb/c/c7/Contract_for_motorbike_rental_in_Rhodes_island%2C_Greece.jpg/490px-Contract_for_motorbike_rental_in_Rhodes_island%2C_Greece.jpg?20221028134350']","Contract for the participation in a television programme, 1975.jpg",the statement (oral or written) of an exchange of promises,black-forest-labs_FLUX.1-dev,DeepFloyd_IF-I-XL-v1.0
1451,predict_hypernym,10794014,writer.n.01,writer,['communicator.n.01'],"['alarmist.n.01', 'allegorizer.n.01', 'announcer.n.01', 'articulator.n.01', 'asserter.n.01', 'avower.n.01', 'broadcaster.n.01', 'conferee.n.02', 'conferrer.n.02', 'confessor.n.02', 'correspondent.n.01', 'gossip.n.03', 'hisser.n.01', 'informant.n.01', 'laudator.n.01', 'negotiator.n.01', 'persuader.n.01', 'popularizer.n.01', 'presenter.n.01', 'promisee.n.01', 'promiser.n.01', 'propagandist.n.01', 'propagator.n.02', 'publicist.n.01', 'quoter.n.01', 'rambler.n.02', 'reporter.n.01', 'respondent.n.02', 'roarer.n.01', 'sender.n.01', 'signaler.n.01', 'signer.n.01', 'swearer.n.02', 'sympathizer.n.01', 'telepathist.n.01', 'twaddler.n.01', 'waffler.n.01', 'warner.n.02', 'waver.n.01', 'wirer.n.01']","['https://upload.wikimedia.org/wikipedia/commons/thumb/e/e9/Francisco_de_Goya_y_Lucientes_-_Gaspar_Melchor_de_Jovellanos.jpg/381px-Francisco_de_Goya_y_Lucientes_-_Gaspar_Melchor_de_Jovellanos.jpg?20120309050545', 'https://upload.wikimedia.org/wikipedia/commons/thumb/3/3f/Kulikov_Writer_E.N.Chirikov_1904.jpg/721px-Kulikov_Writer_E.N.Chirikov_1904.jpg?20161215070400', 'https://upload.wikimedia.org/wikipedia/commons/thumb/e/e8/Kusakabe_Kimbei_-_Writing_Letter_%28large%29.jpg/470px-Kusakabe_Kimbei_-_Writing_Letter_%28large%29.jpg?20100829014438', 'https://upload.wikimedia.org/wikipedia/commons/thumb/5/52/Ivan_Franko.jpg/378px-Ivan_Franko.jpg?20160421202249', 'https://upload.wikimedia.org/wikipedia/commons/thumb/e/e7/Video-x-generic.svg/48px-Video-x-generic.svg.png?20180429180906']",Francisco de Goya y Lucientes - Gaspar Melchor de Jovellanos.jpg,writes (books or stories or articles or the like) professionally (for pay),stabilityai_sdxl-turbo,black-forest-labs_FLUX.1-dev
1454,predict_hypernym,78677457,baseball_equipment.n.01,baseball_equipment,['sports_equipment.n.01'],"['badminton_equipment.n.01', 'basketball_equipment.n.01', 'boxing_equipment.n.01', 'cricket_equipment.n.01', 'croquet_equipment.n.01', 'discus.n.02', 'golf_equipment.n.01', 'gymnastic_apparatus.n.01', 'hammer.n.05', 'javelin.n.02', 'mat.n.03', 'mouthpiece.n.04', 'shot.n.12', 'skate.n.01', 'spike.n.02', 'sporting_goods.n.01', 'stick.n.06', 'target.n.04', 'weight.n.02']","['https://upload.wikimedia.org/wikipedia/commons/thumb/f/fe/Cutout_baseball_texture.png/665px-Cutout_baseball_texture.png?20230217170527', 'https://upload.wikimedia.org/wikipedia/commons/thumb/7/7a/Baseball_Equipment_ISPO_Munich_2014.jpg/799px-Baseball_Equipment_ISPO_Munich_2014.jpg?20140212162951', 'https://upload.wikimedia.org/wikipedia/commons/thumb/1/17/Cutout_Baseball_Texture_with_outline.png/600px-Cutout_Baseball_Texture_with_outline.png?20230217170527', 'https://upload.wikimedia.org/wikipedia/commons/thumb/1/19/Cutout_Baseball_Texture_with_thick_outline.png/600px-Cutout_Baseball_Texture_with_thick_outline.png?20230217170527', 'https://upload.wikimedia.org/wikipedia/commons/0/0e/Baseball_Uniform.jpg?20080723214957']",Cutout baseball texture.png,equipment used in playing baseball,black-forest-labs_FLUX.1-dev,playgroundai_playground-v2.5-1024px-aesthetic
1457,predict_hypernym,824767,call_on_the_carpet.v.01,call_on_the_carpet,['knock.v.06'],"['admonish.v.03', 'attack.v.02', 'belabor.v.02', 'blame.v.02', 'come_down.v.05', 'denounce.v.01', 'deplore.v.01', 'disparage.v.01', 'harsh_on.v.01', 'nitpick.v.01', 'reprehend.v.01', 'reprimand.v.01', 'savage.v.02']","['https://upload.wikimedia.org/wikipedia/commons/thumb/a/ad/Teke-gol-rosette-on-carpet.jpg/800px-Teke-gol-rosette-on-carpet.jpg?20200724203211', 'https://upload.wikimedia.org/wikipedia/commons/thumb/f/f2/Carpet_MET_RT274.jpg/400px-Carpet_MET_RT274.jpg?20170711230055']",Teke-gol-rosette-on-carpet.jpg,censure severely or angrily,prompthero_openjourney,black-forest-labs_FLUX.1-dev
1460,predict_hypernym,91784299,mercantile_establishment.n.01,mercantile_establishment,['place_of_business.n.01'],"['gambling_house.n.01', 'health_spa.n.01', 'hotel-casino.n.01', 'massage_parlor.n.02', 'office.n.01', 'spot.n.07']","['https://upload.wikimedia.org/wikipedia/commons/thumb/3/3e/Shoes_in_a_spanish_shoe_store.jpg/800px-Shoes_in_a_spanish_shoe_store.jpg?20181019034938', 'https://upload.wikimedia.org/wikipedia/commons/thumb/3/3f/HarbourGraceNL_WestEndMercantileEstablishment.jpg/800px-HarbourGraceNL_WestEndMercantileEstablishment.jpg?20130910125427', 'https://upload.wikimedia.org/wikipedia/commons/thumb/1/14/Russia%2C_Elektrostal._Michurinsky_proezd._Shop_%C2%ABPyaterochka%C2%BB.jpg/800px-Russia%2C_Elektrostal._Michurinsky_proezd._Shop_%C2%ABPyaterochka%C2%BB.jpg?20211003205013', 'https://upload.wikimedia.org/wikipedia/commons/thumb/0/0a/Legal_hashish_shop_in_Kathmandu%2C_Nepal_in_1973.jpg/405px-Legal_hashish_shop_in_Kathmandu%2C_Nepal_in_1973.jpg?20051002144540', 'https://upload.wikimedia.org/wikipedia/commons/thumb/8/88/Village_Liberty_Outlet_12.19_%2841%29.png/800px-Village_Liberty_Outlet_12.19_%2841%29.png?20211220005055']",Shoes in a spanish shoe store.jpg,a place of business for retailing goods,PixArt-alpha_PixArt-Sigma-XL-2-512-MS,black-forest-labs_FLUX.1-dev
1472,simple_triplet_2parent,6474289,personality_inventory.n.01,personality_inventory,"['personality_test.n.01', 'questionnaire.n.01']","['projective_test.n.01', 'personality_inventory.n.01']","['https://upload.wikimedia.org/wikipedia/commons/9/97/Bi-factor_model_of_the_Dark_Triad_Dirty_Dozen_scale.png?20190516022436', 'https://upload.wikimedia.org/wikipedia/commons/thumb/c/cb/Hamburg%2C_Speicherstadt%2C_Wasserschloss_--_2016_--_3265-71.jpg/800px-Hamburg%2C_Speicherstadt%2C_Wasserschloss_--_2016_--_3265-71.jpg?20161127084614', 'https://upload.wikimedia.org/wikipedia/commons/thumb/3/34/Hamburg%2C_Speicherstadt%2C_Block_P_--_2016_--_3330-6.jpg/800px-Hamburg%2C_Speicherstadt%2C_Block_P_--_2016_--_3330-6.jpg?20170108160811', 'https://upload.wikimedia.org/wikipedia/commons/thumb/4/49/San_Francisco_%28CA%2C_USA%29%2C_Golden_Gate_Bridge_--_2022_--_3023_%28bw%29.jpg/800px-San_Francisco_%28CA%2C_USA%29%2C_Golden_Gate_Bridge_--_2022_--_3023_%28bw%29.jpg?20221007103914', 'https://upload.wikimedia.org/wikipedia/commons/thumb/3/3c/D%C3%BClmen%2C_Haus_Osthoff_--_2012_--_8846.jpg/449px-D%C3%BClmen%2C_Haus_Osthoff_--_2012_--_8846.jpg?20161124075351']",Bi-factor model of the Dark Triad Dirty Dozen scale.png,a questionnaire that is supposed to yield a description of a person's personality traits,runwayml_stable-diffusion-v1-5,black-forest-labs_FLUX.1-dev
1479,leafs_and_no_leafs,2689748,air_horn.n.01,air_horn,['horn.n.09'],"['foghorn.n.02', 'klaxon.n.01', 'shofar.n.01']","['https://upload.wikimedia.org/wikipedia/commons/thumb/b/be/Fog_Signal_Building-02.jpg/800px-Fog_Signal_Building-02.jpg?20201112011258', 'https://upload.wikimedia.org/wikipedia/commons/thumb/6/63/Fog_Signal_Building-01.jpg/800px-Fog_Signal_Building-01.jpg?20201112011259', 'https://upload.wikimedia.org/wikipedia/commons/thumb/7/75/Fog_Signal_Building-with_Skiff_House.jpg/800px-Fog_Signal_Building-with_Skiff_House.jpg?20201112011257', 'https://upload.wikimedia.org/wikipedia/commons/thumb/e/e4/Fog_signal_on_Wadjemup_Hill.jpg/800px-Fog_signal_on_Wadjemup_Hill.jpg?20210908003212', 'https://upload.wikimedia.org/wikipedia/commons/e/e6/LeslieS5T.jpg?20060708193036']",Fog Signal Building-02.jpg,a pneumatic horn,Tencent-Hunyuan_HunyuanDiT-v1.2-Diffusers,black-forest-labs_FLUX.1-dev
1480,leafs_and_no_leafs,9542170,bad_fairy.n.01,bad_fairy,['evil_spirit.n.01'],"['bogey.n.01', 'cacodemon.n.01', 'devil.n.02', 'ghoul.n.02', 'goblin.n.01', 'kelpy.n.01', 'vampire.n.01']","['https://upload.wikimedia.org/wikipedia/commons/thumb/f/fc/L%C3%A9on_Bakst_-_The_Bad_Fairy_Visits_the_Christening_%28The_Sleeping_Beauty%29%2C_1913-22.jpg/228px-L%C3%A9on_Bakst_-_The_Bad_Fairy_Visits_the_Christening_%28The_Sleeping_Beauty%29%2C_1913-22.jpg?20220312105225', 'https://upload.wikimedia.org/wikipedia/commons/thumb/8/84/Laboulaye%27s_fairy_book_%281920%29_%2814750019681%29.jpg/482px-Laboulaye%27s_fairy_book_%281920%29_%2814750019681%29.jpg?20150922093821', 'https://upload.wikimedia.org/wikipedia/commons/thumb/0/03/Irish_fairy_tales_%281920%29_%2814801974193%29.jpg/471px-Irish_fairy_tales_%281920%29_%2814801974193%29.jpg?20150922092751', 'https://upload.wikimedia.org/wikipedia/commons/thumb/0/0e/The_olive_fairy_book_%281907%29_%2814566080650%29.jpg/800px-The_olive_fairy_book_%281907%29_%2814566080650%29.jpg?20150922105801', 'https://upload.wikimedia.org/wikipedia/commons/thumb/7/7b/The_fairy_tales_of_the_Brothers_Grimm_%281916%29_%2814596242367%29.jpg/433px-The_fairy_tales_of_the_Brothers_Grimm_%281916%29_%2814596242367%29.jpg?20150922101810']","Léon Bakst - The Bad Fairy Visits the Christening (The Sleeping Beauty), 1913-22.jpg",a fairy that tends to cause harm,black-forest-labs_FLUX.1-dev,stabilityai_stable-diffusion-3-medium-diffusers
1482,predict_hypernym,55600202,region.n.03,region,['location.n.01'],"['base.n.14', 'bilocation.n.01', 'earth.n.04', 'east.n.05', 'here.n.01', 'home.n.03', 'jungle.n.01', 'line.n.11', 'north.n.04', 'northeast.n.04', 'northwest.n.04', 'outer_space.n.01', 'pass.n.04', 'point.n.02', 'region.n.01', 'seat.n.06', 'sodom.n.01', 'somewhere.n.01', 'south.n.04', 'southeast.n.04', 'southwest.n.04', 'space.n.02', 'there.n.01', 'west.n.08', 'whereabouts.n.01']","['https://upload.wikimedia.org/wikipedia/commons/thumb/7/7d/Mediterranian_Sea_Carthago_location.JPG/800px-Mediterranian_Sea_Carthago_location.JPG?20080514160656', 'https://upload.wikimedia.org/wikipedia/commons/a/aa/AnatolieLimits.jpg?20181123232738', 'https://upload.wikimedia.org/wikipedia/commons/thumb/3/32/Regions_of_Vancouver_Island%2C_BC.png/800px-Regions_of_Vancouver_Island%2C_BC.png?20181019150132', 'https://upload.wikimedia.org/wikipedia/commons/6/61/Location-Asia-UNsubregions.png?20231210164208', 'https://upload.wikimedia.org/wikipedia/commons/thumb/f/fb/Blank_map_of_Batken_Region_%28with_districts%29.svg/800px-Blank_map_of_Batken_Region_%28with_districts%29.svg.png?20240618170401']",Mediterranian Sea Carthago location.JPG,a large indefinite location on the surface of the Earth,PixArt-alpha_PixArt-Sigma-XL-2-512-MS,black-forest-labs_FLUX.1-dev
1489,predict_hypernym,85408051,trope.n.01,trope,['rhetorical_device.n.01'],"['anacoluthia.n.01', 'anastrophe.n.01', 'antinomasia.n.01', 'antiphrasis.n.01', 'antithesis.n.02', 'apophasis.n.01', 'aposiopesis.n.01', 'apostrophe.n.01', 'asyndeton.n.01', 'catachresis.n.01', 'chiasmus.n.01', 'climax.n.05', 'conversion.n.07', 'ecphonesis.n.01', 'emphasis.n.03', 'enallage.n.01', 'epanorthosis.n.01', 'epiplexis.n.01', 'hendiadys.n.01', 'hypallage.n.01', 'hyperbaton.n.01', 'hypozeugma.n.01', 'hypozeuxis.n.01', 'hysteron_proteron.n.01', 'litotes.n.01', 'onomatopoeia.n.01', 'paralepsis.n.01', 'paregmenon.n.01', 'polysyndeton.n.01', 'prolepsis.n.01', 'repetition.n.03', 'wellerism.n.01']","['https://upload.wikimedia.org/wikipedia/commons/thumb/f/f5/Winchester_troper%2C_alleluia_tropes.jpg/405px-Winchester_troper%2C_alleluia_tropes.jpg?20190701161648', 'https://upload.wikimedia.org/wikipedia/commons/thumb/1/12/The_Ring_Of_Periodic_Elements_%28TROPE%29.png/450px-The_Ring_Of_Periodic_Elements_%28TROPE%29.png?20170109031016', 'https://upload.wikimedia.org/wikipedia/commons/thumb/7/7e/Henri_trope_%28trape%29.jpg/710px-Henri_trope_%28trape%29.jpg?20231116031846', 'https://upload.wikimedia.org/wikipedia/commons/thumb/e/e3/TROPE.svg/600px-TROPE.svg.png?20170109035104', 'https://upload.wikimedia.org/wikipedia/commons/thumb/2/24/Trope_for_the_Patron_Saint_Martial_of_Limoges.jpg/800px-Trope_for_the_Patron_Saint_Martial_of_Limoges.jpg?20230824074025']","Winchester troper, alleluia tropes.jpg",language used in a figurative or nonliteral sense,playgroundai_playground-v2.5-1024px-aesthetic,black-forest-labs_FLUX.1-dev
1493,simple_triplet_2parent,647270,quantitative_analysis.n.01,quantitative_analysis,"['chemical_analysis.n.01', 'measurement.n.01']","['dating.n.01', 'dialysis.n.01', 'polarography.n.01', 'scatology.n.02', 'spectroscopy.n.01', 'thermogravimetry.n.01', 'urinalysis.n.01', 'actinometry.n.01', 'algometry.n.01', 'anemography.n.01', 'anemometry.n.01', 'angulation.n.01', 'anthropometry.n.01', 'arterial_blood_gases.n.01', 'audiometry.n.02', 'bathymetry.n.01', 'calorimetry.n.01', 'cephalometry.n.01', 'densitometry.n.01', 'dosimetry.n.01', 'fetometry.n.01', 'hydrometry.n.01', 'hypsometry.n.01', 'mental_measurement.n.01', 'micrometry.n.01', 'observation.n.01', 'pelvimetry.n.01', 'photometry.n.01', 'quantification.n.02', 'quantitative_analysis.n.01', 'radioactive_dating.n.01', 'reading.n.08', 'sampling.n.03', 'scaling.n.02', 'seismography.n.01', 'sound_ranging.n.01', 'sounding.n.02', 'spirometry.n.01', 'surveying.n.01', 'telemetry.n.01', 'thermogravimetry.n.01', 'thermometry.n.01', 'tonometry.n.01', 'viscometry.n.01']","['https://upload.wikimedia.org/wikipedia/commons/thumb/4/4e/Quantitative_SWOT_analysis.png/789px-Quantitative_SWOT_analysis.png?20170121164407', 'https://upload.wikimedia.org/wikipedia/commons/b/b0/Clinical_decision_support_system_for_quantitative_analysis_of_whole-slide_images.jpg?20240502204144', 'https://upload.wikimedia.org/wikipedia/commons/9/99/Pedigree_Analysis.jpg?20140908113523', 'https://upload.wikimedia.org/wikipedia/commons/c/c0/Monazite_quantitative_analysis.jpg?20161222172512', 'https://upload.wikimedia.org/wikipedia/commons/thumb/e/ee/Quantitative_automata.svg/512px-Quantitative_automata.svg.png?20240208170940']",Quantitative SWOT analysis.png,chemical analysis to determine the amounts of each element in the substance,black-forest-labs_FLUX.1-dev,kandinsky-community_kandinsky-3
1504,predict_hypernym,95633809,accommodation.n.04,accommodation,['living_quarters.n.01'],"['diggings.n.02', 'dormitory.n.01', 'forecastle.n.01', 'harem.n.01', 'military_quarters.n.01']","['https://upload.wikimedia.org/wikipedia/commons/c/c2/Accommodation_myopie.png?20120830064012', 'https://upload.wikimedia.org/wikipedia/commons/1/1c/Accommodation_hyperm%C3%A9tropie.png?20120830064012', 'https://upload.wikimedia.org/wikipedia/commons/thumb/c/c6/Accommodation_%28PSF%29_PT.png/631px-Accommodation_%28PSF%29_PT.png?20160205065041', 'https://upload.wikimedia.org/wikipedia/commons/thumb/a/a1/Accommodation-far-point-near-point.svg/789px-Accommodation-far-point-near-point.svg.png?20191023114633', 'https://upload.wikimedia.org/wikipedia/commons/4/45/Accommodation.png?20120830064012']",Accommodation myopie.png,living quarters provided for public convenience,black-forest-labs_FLUX.1-dev,prompthero_openjourney
1507,predict_hypernym,18355283,pot.n.01,pot,"['cooking_utensil.n.01', 'vessel.n.03']","['baster.n.03', 'chafing_dish.n.01', 'cooker.n.01', 'cookie_sheet.n.01', 'enamelware.n.01', 'grid.n.05', 'griddle.n.01', 'pan.n.01', 'poacher.n.02', 'skimmer.n.02', 'steamer.n.02', 'turner.n.08', 'autoclave.n.01', 'barrel.n.02', 'basin.n.01', 'bath.n.01', 'bathtub.n.01', 'bedpan.n.01', 'boiler.n.01', 'bone-ash_cup.n.01', 'bottle.n.01', 'bottle.n.03', 'bowl.n.01', 'bucket.n.01', 'censer.n.01', 'churn.n.01', 'crucible.n.01', 'drinking_vessel.n.01', 'drum.n.04', 'eyecup.n.01', 'flagon.n.01', 'jar.n.01', 'ladle.n.01', 'monstrance.n.02', 'mortar.n.03', 'muller.n.09', 'pitcher.n.02', 'poacher.n.02', 'pot.n.01', 'retort.n.02', 'steeper.n.01', 'tank.n.02', 'tin.n.02', 'tub.n.02', 'urceole.n.01', 'water_jacket.n.01', 'well.n.02']","['https://upload.wikimedia.org/wikipedia/commons/thumb/d/dd/Cannabis_sativa_plant_%284%29.JPG/800px-Cannabis_sativa_plant_%284%29.JPG?20100910114659', 'https://upload.wikimedia.org/wikipedia/commons/thumb/e/eb/Plastic_nursery_plant_pot_2022.jpg/337px-Plastic_nursery_plant_pot_2022.jpg?20220116002108', 'https://upload.wikimedia.org/wikipedia/commons/thumb/5/5a/Cannabis_sativa_%28wild%29.jpg/450px-Cannabis_sativa_%28wild%29.jpg?20240731044400', 'https://upload.wikimedia.org/wikipedia/commons/thumb/5/57/Flower_pot_2.jpg/600px-Flower_pot_2.jpg?20220608170118', 'https://upload.wikimedia.org/wikipedia/commons/thumb/a/a1/Cannabis_sativa_kz05.jpg/800px-Cannabis_sativa_kz05.jpg?20210129192805']",Cannabis sativa plant (4).JPG,metal or earthenware cooking vessel that is usually round and deep; often has a handle and lid,stabilityai_stable-diffusion-xl-base-1.0,black-forest-labs_FLUX.1-dev
1514,leafs_and_no_leafs,7408086,airburst.n.01,airburst,['explosion.n.01'],"['backfire.n.02', 'big_bang.n.01', 'blast.n.04', 'blowback.n.01', 'fragmentation.n.04', 'inflation.n.02']","['https://upload.wikimedia.org/wikipedia/commons/thumb/2/28/UGM-109_hits_RA-5C_on_San_Clemente_Island_1986.JPEG/480px-UGM-109_hits_RA-5C_on_San_Clemente_Island_1986.JPEG?20110714220624', 'https://upload.wikimedia.org/wikipedia/commons/thumb/4/45/EOD_techs_demonstrate_capabilities_at_Airburst_Range_130712-Z-PV255-058.jpg/800px-EOD_techs_demonstrate_capabilities_at_Airburst_Range_130712-Z-PV255-058.jpg?20150326013403', 'https://upload.wikimedia.org/wikipedia/commons/thumb/a/a6/EOD_techs_demonstrate_capabilities_at_Airburst_Range_130712-Z-PV255-016.jpg/800px-EOD_techs_demonstrate_capabilities_at_Airburst_Range_130712-Z-PV255-016.jpg?20150326013223', 'https://upload.wikimedia.org/wikipedia/commons/thumb/7/7c/EOD_techs_demonstrate_capabilities_at_Airburst_Range_130712-Z-PV255-010.jpg/800px-EOD_techs_demonstrate_capabilities_at_Airburst_Range_130712-Z-PV255-010.jpg?20150324022734', 'https://upload.wikimedia.org/wikipedia/commons/thumb/a/a4/Airburst%2C_explosion_over_the_fireworks_factory_at_Darsham_-_geograph.org.uk_-_6364119.jpg/800px-Airburst%2C_explosion_over_the_fireworks_factory_at_Darsham_-_geograph.org.uk_-_6364119.jpg?20240520102931']",UGM-109 hits RA-5C on San Clemente Island 1986.JPEG,an explosion in the atmosphere,Tencent-Hunyuan_HunyuanDiT-v1.2-Diffusers,black-forest-labs_FLUX.1-dev
1517,predict_hypernym,41161074,nonsense.n.01,nonsense,['message.n.02'],"['acknowledgment.n.03', 'approval.n.04', 'body.n.08', 'commitment.n.04', 'corker.n.01', 'digression.n.01', 'direction.n.06', 'disapproval.n.02', 'disrespect.n.01', 'drivel.n.01', 'guidance.n.01', 'information.n.01', 'interpolation.n.01', 'latent_content.n.01', 'meaning.n.01', 'memorial.n.02', 'narrative.n.01', 'offer.n.02', 'opinion.n.02', 'promotion.n.01', 'proposal.n.01', 'refusal.n.02', 'reminder.n.01', 'request.n.01', 'respects.n.01', 'sensationalism.n.01', 'shocker.n.02', 'statement.n.01', 'statement.n.04', 'subject.n.01', 'submission.n.01', 'wit.n.01']","['https://upload.wikimedia.org/wikipedia/commons/4/41/Hugo_ball_karawane.png?20060803191215', 'https://upload.wikimedia.org/wikipedia/commons/thumb/6/60/No_nonsense_vision.jpg/600px-No_nonsense_vision.jpg?20231104123858', 'https://upload.wikimedia.org/wikipedia/commons/thumb/f/f9/Edward_Lear_A_Book_of_Nonsense_54.jpg/800px-Edward_Lear_A_Book_of_Nonsense_54.jpg?20190227204321', 'https://upload.wikimedia.org/wikipedia/commons/d/d7/Nonsense_Songs%2C_Stories%2C_Botany%2C_and_Alphabets_-_initial_T.png?20230429210025', 'https://upload.wikimedia.org/wikipedia/commons/b/b2/A_Book_of_Nonsense_no.89.png?20140804171856']",Hugo ball karawane.png,a message that seems to convey no meaning,prompthero_openjourney,black-forest-labs_FLUX.1-dev
1518,predict_hypernym,98319500,heat.v.01,heat,['change.v.01'],"['accelerate.v.02', 'acerbate.v.02', 'acetylate.v.02', 'achromatize.v.01', 'activate.v.02', 'activate.v.03', 'activate.v.04', 'activate.v.05', 'adjust.v.01', 'affect.v.01', 'affect.v.02', 'age.v.03', 'alchemize.v.01', 'alcoholize.v.03', 'alkalinize.v.02', 'allegorize.v.02', 'alter.v.03', 'americanize.v.01', 'angulate.v.01', 'animize.v.01', 'antiquate.v.01', 'antique.v.02', 'archaize.v.01', 'arterialize.v.01', 'ash.v.01', 'assimilate.v.03', 'automatize.v.01', 'automatize.v.02', 'awaken.v.01', 'barb.v.01', 'barbarize.v.02', 'bestialize.v.01', 'better.v.02', 'blind.v.02', 'blister.v.03', 'blunt.v.04', 'blur.v.02', 'blur.v.05', 'boil.v.03', 'break.v.39', 'break_down.v.01', 'brighten.v.01', 'bring.v.02', 'bring.v.05', 'brutalize.v.02', 'bubble.v.04', 'calcify.v.04', 'camp.v.03', 'capture.v.04', 'cause_to_sleep.v.01', 'centralize.v.01', 'change_intensity.v.01', 'change_taste.v.01', 'charge.v.08', 'charge.v.23', 'chasten.v.02', 'check.v.07', 'circularize.v.05', 'civilize.v.02', 'clarify.v.02', 'classicize.v.01', 'clean.v.01', 'clear.v.20', 'clot.v.02', 'cloud.v.06', 'coarsen.v.01', 'coarsen.v.02', 'cohere.v.02', 'color.v.01', 'commercialize.v.02', 'communize.v.01', 'commute.v.04', 'complicate.v.01', 'complicate.v.02', 'condense.v.07', 'confuse.v.05', 'constitutionalize.v.03', 'contaminate.v.02', 'conventionalize.v.01', 'convert.v.01', 'convert.v.02', 'convert.v.05', 'cook.v.05', 'cool.v.01', 'corrupt.v.01', 'counterchange.v.01', 'crack.v.11', 'cry.v.07', 'customize.v.02', 'damage.v.01', 'darken.v.03', 'de-emphasize.v.01', 'deaden.v.03', 'deaden.v.06', 'deaminate.v.01', 'decarboxylate.v.02', 'decelerate.v.02', 'decentralize.v.01', 'decimalize.v.01', 'decorate.v.01', 'decrease.v.02', 'decrepitate.v.02', 'deflate.v.04', 'deform.v.01', 'dehydrogenate.v.01', 'demagnetize.v.02', 'demist.v.01', 'democratize.v.02', 'demonize.v.01', 'demulsify.v.01', 'demythologize.v.01', 'denationalize.v.01', 'denaturalize.v.01', 'denaturalize.v.02', 'denature.v.01', 'denature.v.02', 'denature.v.03', 'deodorize.v.01', 'depersonalize.v.01', 'depolarize.v.01', 'desensitize.v.01', 'desensitize.v.02', 'destabilize.v.02', 'detransitivize.v.01', 'devalue.v.02', 'develop.v.12', 'develop.v.15', 'devilize.v.01', 'digitize.v.01', 'dinge.v.02', 'dirty.v.01', 'disable.v.01', 'discolor.v.02', 'disharmonize.v.01', 'disintegrate.v.02', 'disorder.v.02', 'disqualify.v.01', 'dissimilate.v.02', 'dissolve.v.07', 'dissolve.v.11', 'diversify.v.01', 'dizzy.v.01', 'domesticate.v.02', 'dope.v.02', 'draw.v.16', 'dry.v.01', 'dull.v.01', 'dull.v.05', 'dynamize.v.01', 'dynamize.v.02', 'ease_up.v.03', 'edit.v.01', 'edit.v.03', 'embrittle.v.01', 'empty.v.01', 'emulsify.v.01', 'enable.v.01', 'end.v.02', 'equal.v.03', 'eroticize.v.01', 'estrange.v.02', 'etherealize.v.01', 'etiolate.v.02', 'etiolate.v.03', 'europeanize.v.01', 'europeanize.v.02', 'evaporate.v.02', 'even.v.02', 'excite.v.07', 'excite.v.08', 'extend.v.09', 'exteriorize.v.02', 'fatten.v.01', 'feminize.v.02', 'fertilize.v.02', 'fill.v.01', 'fix.v.12', 'flatten.v.03', 'flocculate.v.02', 'freeze.v.04', 'frenchify.v.01', 'full.v.02', 'gelatinize.v.03', 'glamorize.v.02', 'glorify.v.02', 'habituate.v.02', 'harmonize.v.06', 'harshen.v.01', 'hue.v.01', 'humanize.v.01', 'humble.v.01', 'hydrogenate.v.01', 'immaterialize.v.01', 'immortalize.v.02', 'inactivate.v.02', 'incandesce.v.01', 'increase.v.02', 'indispose.v.03', 'industrialize.v.01', 'inflate.v.03', 'inform.v.02', 'inseminate.v.02', 'insulate.v.01', 'intensify.v.04', 'internationalize.v.02', 'introvert.v.02', 'invalidate.v.04', 'invert.v.01', 'iodinate.v.01', 'ionate.v.01', 'islamize.v.01', 'isomerize.v.01', 'laicize.v.01', 'legitimate.v.03', 'lend.v.01', 'liberalize.v.01', 'lifehack.v.01', 'lift.v.10', 'liquefy.v.02', 'loosen.v.01', 'loosen.v.06', 'louden.v.02', 'lower.v.04', 'lubricate.v.03', 'magnetize.v.01', 'make.v.02', 'make.v.18', 'make.v.45', 'mark.v.05', 'masculinize.v.01', 'masculinize.v.02', 'mechanize.v.02', 'mechanize.v.03', 'militarize.v.01', 'militarize.v.02', 'mince.v.01', 'mix.v.05', 'morph.v.01', 'muddy.v.03', 'mythologize.v.02', 'nationalize.v.01', 'nationalize.v.02', 'naturalize.v.01', 'naturalize.v.04', 'nazify.v.01', 'neutralize.v.01', 'neutralize.v.06', 'nick.v.03', 'normalize.v.02', 'obfuscate.v.01', 'obscure.v.03', 'obscure.v.05', 'occidentalize.v.01', 'officialize.v.01', 'opacify.v.01', 'opalize.v.01', 'opsonize.v.01', 'orientalize.v.01', 'ossify.v.03', 'outmode.v.01', 'oxidize.v.02', 'oxygenize.v.01', 'paganize.v.01', 'pall.v.05', 'parallel.v.02', 'patent.v.03', 'personalize.v.01', 'piggyback.v.05', 'plasticize.v.02', 'poison.v.03', 'polarize.v.01', 'politicize.v.01', 'port.v.08', 'professionalize.v.02', 'proof.v.04', 'prostrate.v.02', 'purify.v.02', 'put.v.02', 'radicalize.v.01', 'rarefy.v.01', 'rarefy.v.02', 'rationalize.v.05', 'recombine.v.02', 'recommend.v.03', 'reconstruct.v.03', 'refine.v.06', 'reflate.v.02', 'reform.v.02', 'refresh.v.04', 'relax.v.06', 'remodel.v.01', 'restore.v.05', 'revolutionize.v.01', 'right.v.01', 'right.v.02', 'ripen.v.01', 'romanticize.v.02', 'round_off.v.03', 'rusticate.v.05', 'sanitize.v.02', 'saponify.v.02', 'saturate.v.01', 'sauce.v.03', 'schematize.v.02', 'scramble.v.05', 'sensitize.v.01', 'sensitize.v.03', 'sensitize.v.04', 'sentimentalize.v.02', 'set.v.05', 'sexualize.v.01', 'shade.v.04', 'shake.v.08', 'shallow.v.01', 'shape.v.03', 'sharpen.v.01', 'sharpen.v.06', 'shift.v.05', 'shorten.v.03', 'simplify.v.01', 'slenderize.v.01', 'smut.v.01', 'sober.v.01', 'socialize.v.04', 'soften.v.06', 'solemnize.v.03', 'solvate.v.01', 'spice.v.01', 'spike.v.05', 'sputter.v.02', 'stabilize.v.01', 'stain.v.02', 'steepen.v.02', 'stiffen.v.02', 'still.v.04', 'straighten.v.02', 'strengthen.v.01', 'string.v.07', 'substitute.v.01', 'suburbanize.v.02', 'supercharge.v.02', 'supple.v.01', 'suspend.v.02', 'suspend.v.05', 'sweeten.v.02', 'switch.v.04', 'symmetrize.v.01', 'synchronize.v.03', 'tame.v.01', 'tender.v.04', 'tense.v.02', 'territorialize.v.02', 'thicken.v.01', 'think.v.13', 'tighten.v.01', 'tone_down.v.02', 'touch.v.11', 'transaminate.v.01', 'transfigure.v.01', 'transform.v.01', 'transform.v.02', 'transform.v.05', 'transform.v.06', 'transform.v.07', 'transitivize.v.01', 'translate.v.02', 'transmute.v.03', 'transpose.v.07', 'turn.v.16', 'turn_back.v.05', 'uglify.v.01', 'unclutter.v.01', 'uniformize.v.01', 'unite.v.05', 'unite.v.06', 'unsanctify.v.01', 'unscramble.v.01', 'unsex.v.02', 'untie.v.02', 'untune.v.02', 'urbanize.v.01', 'urbanize.v.02', 'validate.v.04', 'variegate.v.01', 'vascularize.v.02', 'ventilate.v.05', 'verbify.v.01', 'vesiculate.v.02', 'visualize.v.04', 'vitalize.v.01', 'vitrify.v.01', 'vivify.v.02', 'volatilize.v.01', 'vulgarise.v.02', 'warm.v.02', 'weaken.v.01', 'weaponize.v.01', 'wet.v.01', 'widen.v.03', 'worsen.v.02']","['https://upload.wikimedia.org/wikipedia/commons/thumb/d/da/171879main_LimbFlareJan12_lg.jpg/800px-171879main_LimbFlareJan12_lg.jpg?20221111181019', 'https://upload.wikimedia.org/wikipedia/commons/thumb/2/2d/Dragon_2_hover_test_%2824159153709%29.jpg/800px-Dragon_2_hover_test_%2824159153709%29.jpg?20160121231232', 'https://upload.wikimedia.org/wikipedia/commons/4/4c/EB1911_-_Heat_-_Fig._4_Carnot%E2%80%99s_Cylinder.jpg?20191214030831', 'https://upload.wikimedia.org/wikipedia/commons/thumb/a/a9/Hot_metalwork.jpg/800px-Hot_metalwork.jpg?20050510064630', 'https://upload.wikimedia.org/wikipedia/commons/3/39/EB1911_-_Heat_-_Fig._6%2C_Tyndall%E2%80%99s_Apparatus.jpg?20191214030831']",171879main LimbFlareJan12 lg.jpg,make hot or hotter,black-forest-labs_FLUX.1-dev,stabilityai_stable-diffusion-xl-base-1.0
1525,leafs_and_no_leafs,45272674,electric_shock.n.01,electric_shock,['corporal_punishment.n.01'],"['beating.n.02', 'execution.n.01', 'gauntlet.n.04', 'kick_in_the_butt.n.01', 'stoning.n.01', 'bastinado.n.02', 'boot.n.06', 'burning.n.06', 'crucifixion.n.03', 'dismemberment.n.01', 'electric_shock.n.01', 'genital_torture.n.01', 'judicial_torture.n.01', 'kia_quen.n.01', 'kittee.n.01', 'nail_pulling.n.01', 'picket.n.06', 'prolonged_interrogation.n.01', 'rack.n.06', 'sensory_deprivation.n.01', 'sleep_deprivation.n.01', 'strappado.n.01']","['https://upload.wikimedia.org/wikipedia/commons/thumb/c/cf/John_Feeks_Western_Union_lineman_killed_by_AC_October_11_1889.png/414px-John_Feeks_Western_Union_lineman_killed_by_AC_October_11_1889.png?20150715025037', 'https://upload.wikimedia.org/wikipedia/commons/thumb/c/c5/Perfil_2_Shock.jpg/600px-Perfil_2_Shock.jpg?20190308163234', 'https://upload.wikimedia.org/wikipedia/commons/thumb/7/7c/Electric_shock_%2Cchildren_finger_and_receptacle_%2Canime_summary_%2C%E0%B9%84%E0%B8%9F%E0%B8%94%E0%B8%B9%E0%B8%94_%E0%B8%99%E0%B8%B4%E0%B9%89%E0%B8%A7%E0%B9%80%E0%B8%94%E0%B9%87%E0%B8%81_%E0%B8%9B%E0%B8%A5%E0%B8%B1%E0%B9%8A%E0%B8%81_%E0%B9%80%E0%B8%95%E0%B9%89%E0%B8%B2%E0%B8%A3%E0%B8%B1%E0%B8%9A_%E0%B8%AD%E0%B8%B0%E0%B8%99%E0%B8%B4%E0%B9%80%E0%B8%A1%E0%B8%B0_01.jpg/800px-thumbnail.jpg?20150905133922', 'https://upload.wikimedia.org/wikipedia/commons/thumb/6/6d/Electric_shock_%2Cchildren_finger_and_receptacle_%2Canime_summary_%2C%E0%B9%84%E0%B8%9F%E0%B8%94%E0%B8%B9%E0%B8%94_%E0%B8%99%E0%B8%B4%E0%B9%89%E0%B8%A7%E0%B9%80%E0%B8%94%E0%B9%87%E0%B8%81_%E0%B8%9B%E0%B8%A5%E0%B8%B1%E0%B9%8A%E0%B8%81_%E0%B9%80%E0%B8%95%E0%B9%89%E0%B8%B2%E0%B8%A3%E0%B8%B1%E0%B8%9A_%E0%B8%AD%E0%B8%B0%E0%B8%99%E0%B8%B4%E0%B9%80%E0%B8%A1%E0%B8%B0_02.png/800px-thumbnail.png?20150905133923', 'https://upload.wikimedia.org/wikipedia/commons/thumb/1/10/Perfil_3_Shock.jpg/600px-Perfil_3_Shock.jpg?20190308163234']",John Feeks Western Union lineman killed by AC October 11 1889.png,the use of electricity to administer punishment or torture,Tencent-Hunyuan_HunyuanDiT-v1.2-Diffusers,black-forest-labs_FLUX.1-dev
1530,simple_triplet_2parent,1711965,film.v.02,film,"['record.v.01', 'make.v.03']","['arouse.v.01', 'assemble.v.01', 'bear.v.05', 'beat.v.18', 'beget.v.01', 'blast.v.05', 'bring.v.03', 'build.v.03', 'cause.v.01', 'chop.v.03', 'choreograph.v.01', 'clear.v.02', 'cleave.v.02', 'compose.v.02', 'construct.v.01', 'copy.v.04', 'create.v.05', 'create_by_mental_act.v.01', 'create_from_raw_material.v.01', 'create_verbally.v.01', 'cut.v.06', 'cut.v.22', 'derive.v.04', 'direct.v.03', 'distill.v.03', 'establish.v.05', 'film-make.v.01', 'form.v.01', 'froth.v.02', 'generate.v.01', 'give.v.09', 'grind.v.06', 'incorporate.v.03', 'institute.v.02', 'lay_down.v.01', 'manufacture.v.04', 'offset.v.04', 'originate.v.02', 'prepare.v.03', 'press.v.07', 'produce.v.01', 'produce.v.03', 'puncture.v.02', 'put_on.v.04', 'raise.v.07', 'raise.v.11', 're-create.v.01', 'realize.v.03', 'recreate.v.04', 'regenerate.v.07', 'reproduce.v.02', 'scrape.v.02', 'short-circuit.v.02', 'strike.v.13', 'style.v.02', 'track.v.05', 'twine.v.03', 'accession.v.01', 'book.v.03', 'chronicle.v.01', 'clock_in.v.01', 'document.v.01', 'file.v.05', 'film.v.01', 'film.v.02', 'inscribe.v.04', 'keep.v.08', 'log.v.01', 'log_up.v.01', 'manifest.v.02', 'notch.v.02', 'photograph.v.01', 'post.v.05', 'record.v.02', 'register.v.01', 'ring_up.v.01', 'score.v.03', 'tally.v.03', 'videotape.v.01']","['https://upload.wikimedia.org/wikipedia/commons/d/dd/Muybridge_race_horse_animated.gif?20060930131405', 'https://upload.wikimedia.org/wikipedia/commons/d/d7/Muybridge_horse_gallop_animated_2.gif?20150507043925', 'https://upload.wikimedia.org/wikipedia/commons/thumb/e/ea/Chaplin_The_Kid_edit.jpg/443px-Chaplin_The_Kid_edit.jpg?20140110154020', 'https://upload.wikimedia.org/wikipedia/commons/e/e5/%C5%9Alizgawka_film_Pleograf.jpg?20140320105208', 'https://upload.wikimedia.org/wikipedia/commons/thumb/0/0e/MovieFilming.jpg/800px-MovieFilming.jpg?20180625121549']",Muybridge race horse animated.gif,record in film,stabilityai_stable-diffusion-xl-base-1.0,black-forest-labs_FLUX.1-dev
1531,simple_triplet_2parent,4502197,turtleneck.n.01,turtleneck,"['jersey.n.03', 'sweater.n.01']","['cardigan.n.01', 'pullover.n.01', 'turtleneck.n.01']","['https://upload.wikimedia.org/wikipedia/commons/a/a7/Col_roul%C3%A9%2C_port%C3%A9_pli%C3%A9.jpg?20081015143626', 'https://upload.wikimedia.org/wikipedia/commons/thumb/3/38/Portrait_of_a_Yuma_Indian_man_wearing_a_turtleneck_sweater%2C_ca.1900_%28CHS-3450%29.jpg/453px-Portrait_of_a_Yuma_Indian_man_wearing_a_turtleneck_sweater%2C_ca.1900_%28CHS-3450%29.jpg?20140127174645', 'https://upload.wikimedia.org/wikipedia/commons/thumb/4/47/A_man_wearing_a_polo_neck_jumper_Wellcome_L0052336.jpg/443px-A_man_wearing_a_polo_neck_jumper_Wellcome_L0052336.jpg?20141015134825', 'https://upload.wikimedia.org/wikipedia/commons/thumb/e/e5/Woman%2C_black_hair%2C_white_turtleneck%2C_dark_lipstick.png/501px-Woman%2C_black_hair%2C_white_turtleneck%2C_dark_lipstick.png?20221222020008', 'https://upload.wikimedia.org/wikipedia/commons/thumb/f/f8/Kindertrui%2C_koltrui_gebreid_van_donkergroene_wol_in_reli%C3%ABfpatroon%2C_objectnr_75631.JPG/800px-Kindertrui%2C_koltrui_gebreid_van_donkergroene_wol_in_reli%C3%ABfpatroon%2C_objectnr_75631.JPG?20230704202820']","Col roulé, porté plié.jpg",a sweater or jersey with a high close-fitting collar,stabilityai_stable-diffusion-3-medium-diffusers,black-forest-labs_FLUX.1-dev
1534,predict_hypernym,82282590,negotiation.n.01,negotiation,['discussion.n.02'],"['argument.n.03', 'conference.n.03', 'deliberation.n.01', 'panel_discussion.n.01', 'postmortem.n.01', 'public_discussion.n.01']","['https://upload.wikimedia.org/wikipedia/commons/2/2b/TNC-Logo.png?20220406160510', 'https://upload.wikimedia.org/wikipedia/commons/thumb/3/31/Agreement-between-TCO-and-SACO-352106734844.jpg/800px-Agreement-between-TCO-and-SACO-352106734844.jpg?20181205145124', 'https://upload.wikimedia.org/wikipedia/commons/thumb/e/ef/Miehet_neuvottelevat_p%C3%B6yd%C3%A4n_%C3%A4%C3%A4ress%C3%A4.jpg/800px-Miehet_neuvottelevat_p%C3%B6yd%C3%A4n_%C3%A4%C3%A4ress%C3%A4.jpg?20240218095857', 'https://upload.wikimedia.org/wikipedia/commons/thumb/9/9f/Negotiations_about_Iranian_Nuclear_Program_-_Foreign_Ministers_and_other_Officials_of_P5%2B1_Iran_and_EU_in_Lausanne.jpg/800px-Negotiations_about_Iranian_Nuclear_Program_-_Foreign_Ministers_and_other_Officials_of_P5%2B1_Iran_and_EU_in_Lausanne.jpg?20150331231048', 'https://upload.wikimedia.org/wikipedia/commons/a/af/%D9%85%D9%81%D8%A7%D9%88%D8%B6%D8%A7%D8%AA_%D8%A7%D9%84%D9%88%D8%B6%D8%B9_%D8%A7%D9%84%D9%86%D9%87%D8%A7%D8%A6%D9%8A_%D8%A7%D9%84%D8%AA%D8%B9%D8%A7%D9%88%D9%86_%D8%A7%D9%84%D8%A7%D9%82%D8%AA%D8%B5%D8%A7%D8%AF%D9%8A_%D9%88%D8%A7%D9%84%D8%AA%D8%AC%D8%A7%D8%B1%D9%8A.jpg?20210203170833']",TNC-Logo.png,a discussion intended to produce an agreement,retrieval,black-forest-labs_FLUX.1-dev
1535,predict_hypernym,32149858,actor.n.01,actor,['performer.n.01'],"['artiste.n.01', 'baton_twirler.n.01', 'comedian.n.01', 'cowboy.n.02', 'dancer.n.01', 'executant.n.01', 'fire-eater.n.03', 'fire_walker.n.01', 'geek.n.01', 'headliner.n.01', 'juggler.n.01', 'magician.n.01', 'minstrel.n.02', 'monologist.n.01', 'musician.n.01', 'puppeteer.n.01', 'savoyard.n.01', 'sightreader.n.01', 'snake_charmer.n.01', 'straight_man.n.01', 'stripper.n.03', 'strongman.n.01', 'vaudevillian.n.01', 'ventriloquist.n.01']","['https://upload.wikimedia.org/wikipedia/commons/thumb/e/ea/Chaplin_The_Kid_edit.jpg/443px-Chaplin_The_Kid_edit.jpg?20140110154020', 'https://upload.wikimedia.org/wikipedia/commons/thumb/9/97/India_-_Actors_-_0258.jpg/800px-India_-_Actors_-_0258.jpg?20130316151237', 'https://upload.wikimedia.org/wikipedia/commons/thumb/b/b5/ActorsOffSetLaughing.jpg/450px-ActorsOffSetLaughing.jpg?20050513001335', 'https://upload.wikimedia.org/wikipedia/commons/thumb/8/86/The_Ghost_Train_Patricia_Mantuano.JPG/800px-The_Ghost_Train_Patricia_Mantuano.JPG?20150504073330', 'https://upload.wikimedia.org/wikipedia/commons/thumb/a/ab/Antoine_Watteau_-_Actors_from_the_Com%C3%A9die_Fran%C3%A7aise_-_WGA25475.jpg/770px-Antoine_Watteau_-_Actors_from_the_Com%C3%A9die_Fran%C3%A7aise_-_WGA25475.jpg?20110606085642']",Chaplin The Kid edit.jpg,a theatrical performer,Tencent-Hunyuan_HunyuanDiT-v1.2-Diffusers,black-forest-labs_FLUX.1-dev
1543,simple_triplet_2parent,4534520,videotape.n.01,videotape,"['tape.n.02', 'video_recording.n.01']","['audiotape.n.01', 'videocassette.n.01', 'videotape.n.01']","['https://upload.wikimedia.org/wikipedia/commons/thumb/f/f7/Assorted_video_tapes.JPG/800px-Assorted_video_tapes.JPG?20100907141846', 'https://upload.wikimedia.org/wikipedia/commons/thumb/5/5e/VHS-Kassette.jpg/799px-VHS-Kassette.jpg?20100907014701', 'https://upload.wikimedia.org/wikipedia/commons/thumb/3/3b/VHS_-_Kassette.jpg/800px-VHS_-_Kassette.jpg?20081101180226', 'https://upload.wikimedia.org/wikipedia/commons/thumb/5/5b/EMTEC_Betacam_SP_Master_5M.jpg/800px-EMTEC_Betacam_SP_Master_5M.jpg?20230428083233', 'https://upload.wikimedia.org/wikipedia/commons/thumb/e/e2/Maxwell_DVCPRO_DVP-126L.jpg/800px-Maxwell_DVCPRO_DVP-126L.jpg?20230428083233']",Assorted video tapes.JPG,a video recording made on magnetic tape,black-forest-labs_FLUX.1-dev,runwayml_stable-diffusion-v1-5
1545,predict_hypernym,10547145,saint.n.01,saint,['deity.n.01'],"['anglo-saxon_deity.n.01', 'celtic_deity.n.01', 'chinese_deity.n.01', 'daemon.n.02', 'demiurge.n.01', 'earth-god.n.01', 'egyptian_deity.n.01', 'goddess.n.01', 'greco-roman_deity.n.01', 'greek_deity.n.01', 'hindu_deity.n.01', 'japanese_deity.n.01', 'norse_deity.n.01', 'persian_deity.n.01', 'phrygian_deity.n.01', 'roman_deity.n.01', 'sea_god.n.01', 'semitic_deity.n.01', 'sun_god.n.01', 'teutonic_deity.n.01', 'war_god.n.01', 'zombi.n.02']","['https://upload.wikimedia.org/wikipedia/commons/thumb/5/51/Albrecht_D%C3%BCrer_003.jpg/545px-Albrecht_D%C3%BCrer_003.jpg?20121116230226', 'https://upload.wikimedia.org/wikipedia/commons/e/e0/All-Saints.jpg?20071031170700', 'https://upload.wikimedia.org/wikipedia/commons/thumb/9/9c/St._Bridget_of_Sweden_on_a_church_window.jpg/450px-St._Bridget_of_Sweden_on_a_church_window.jpg?20220815190245', 'https://upload.wikimedia.org/wikipedia/commons/thumb/0/09/%D0%A1%D0%B2%D1%8F%D1%82%D0%BE%D0%B9%2C_%D1%84%D1%80%D0%B5%D1%81%D0%BA%D0%B0_12_%D0%B2%D0%B5%D0%BA%D0%B0_%D0%B8%D0%B7_%D1%86%D0%B5%D1%80%D0%BA%D0%B2%D0%B8_%D1%81%D0%B2._%D0%93%D0%B5%D0%BE%D1%80%D0%B3%D0%B8%D1%8F_%D0%B2_%D0%A1%D1%82%D0%B0%D1%80%D0%BE%D0%B9_%D0%9B%D0%B0%D0%B4%D0%BE%D0%B3%D0%B5.jpg/521px-%D0%A1%D0%B2%D1%8F%D1%82%D0%BE%D0%B9%2C_%D1%84%D1%80%D0%B5%D1%81%D0%BA%D0%B0_12_%D0%B2%D0%B5%D0%BA%D0%B0_%D0%B8%D0%B7_%D1%86%D0%B5%D1%80%D0%BA%D0%B2%D0%B8_%D1%81%D0%B2._%D0%93%D0%B5%D0%BE%D1%80%D0%B3%D0%B8%D1%8F_%D0%B2_%D0%A1%D1%82%D0%B0%D1%80%D0%BE%D0%B9_%D0%9B%D0%B0%D0%B4%D0%BE%D0%B3%D0%B5.jpg?20230909144446', 'https://upload.wikimedia.org/wikipedia/commons/thumb/5/59/Europe_Patron_saints_Mosaic.jpg/800px-Europe_Patron_saints_Mosaic.jpg?20140406151125']",Albrecht Dürer 003.jpg,a person who has died and has been declared a saint by canonization,black-forest-labs_FLUX.1-dev,stabilityai_stable-diffusion-3-medium-diffusers
1548,predict_hypernym,13018167,object.n.01,object,['physical_entity.n.01'],"['causal_agent.n.01', 'matter.n.03', 'process.n.06', 'substance.n.04', 'thing.n.12']","['https://upload.wikimedia.org/wikipedia/commons/thumb/2/21/Merak_tarung.jpg/800px-Merak_tarung.jpg?20170614152211', 'https://upload.wikimedia.org/wikipedia/commons/thumb/f/f1/Collage%2C_Objects%2C_Rostov-on-Don%2C_Russia.jpg/800px-Collage%2C_Objects%2C_Rostov-on-Don%2C_Russia.jpg?20230403152626', 'https://upload.wikimedia.org/wikipedia/commons/thumb/c/ca/S%C3%A8vres_-_Magot_-_Pajou%2C_buste_de_Madame_du_Barry_08.jpg/800px-S%C3%A8vres_-_Magot_-_Pajou%2C_buste_de_Madame_du_Barry_08.jpg?20140326131412', 'https://upload.wikimedia.org/wikipedia/commons/thumb/f/fa/Natuurgebied_Petgatten_De_Feanhoop._19-10-2020._%28actm.%29_51.jpg/382px-Natuurgebied_Petgatten_De_Feanhoop._19-10-2020._%28actm.%29_51.jpg?20201205065026', 'https://upload.wikimedia.org/wikipedia/commons/thumb/6/63/Harlingen._Bediening_voor_Kleine_Sluis._12-07-2021._%28d.j.b%29.jpg/800px-Harlingen._Bediening_voor_Kleine_Sluis._12-07-2021._%28d.j.b%29.jpg?20210720173158']",Merak tarung.jpg,a tangible and visible entity; an entity that can cast a shadow,black-forest-labs_FLUX.1-dev,Tencent-Hunyuan_HunyuanDiT-v1.2-Diffusers
1549,leafs_and_no_leafs,232765,attainder.n.01,attainder,['cancellation.n.01'],"['abrogation.n.01', 'recission.n.01', 'write-off.n.02']","['https://upload.wikimedia.org/wikipedia/commons/thumb/9/9e/A_discourse_concerning_treasons%2C_and_bills_of_attainder_Fleuron_T031939-3.png/800px-A_discourse_concerning_treasons%2C_and_bills_of_attainder_Fleuron_T031939-3.png?20170511125704', 'https://upload.wikimedia.org/wikipedia/commons/thumb/2/27/A_discourse_concerning_treasons%2C_and_bills_of_attainder_Fleuron_T031939-1.png/800px-A_discourse_concerning_treasons%2C_and_bills_of_attainder_Fleuron_T031939-1.png?20170511125643', 'https://upload.wikimedia.org/wikipedia/commons/thumb/9/96/A_discourse_concerning_treasons%2C_and_bills_of_attainder._Fleuron_T031938-3.png/800px-A_discourse_concerning_treasons%2C_and_bills_of_attainder._Fleuron_T031938-3.png?20170511125622', 'https://upload.wikimedia.org/wikipedia/commons/1/15/An_Act_for_the_attainder_of_George_earl_of_Marischall_Fleuron_N053703-1.png?20170515035958', 'https://upload.wikimedia.org/wikipedia/commons/thumb/9/9b/A_discourse_concerning_treasons%2C_and_bills_of_attainder._Fleuron_T031938-1.png/800px-A_discourse_concerning_treasons%2C_and_bills_of_attainder._Fleuron_T031938-1.png?20170511125602']","A discourse concerning treasons, and bills of attainder Fleuron T031939-3.png",cancellation of civil rights,black-forest-labs_FLUX.1-dev,stabilityai_sdxl-turbo
1561,predict_hypernym,14162275,autosomal_recessive_disease.n.01,autosomal_recessive_disease,['genetic_disease.n.01'],"['abetalipoproteinemia.n.01', 'achondroplasia.n.01', 'autosomal_dominant_disease.n.01', 'congenital_afibrinogenemia.n.01', 'dwarfism.n.01', ""fanconi's_anemia.n.01"", 'hepatolenticular_degeneration.n.01', ""hirschsprung's_disease.n.01"", 'hyperbetalipoproteinemia.n.01', 'ichthyosis.n.01', 'inborn_error_of_metabolism.n.01', 'lactose_intolerance.n.01', 'maple_syrup_urine_disease.n.01', ""mcardle's_disease.n.01"", 'monogenic_disorder.n.01', 'mucopolysaccharidosis.n.01', 'muscular_dystrophy.n.01', 'nevoid_elephantiasis.n.01', 'oligodactyly.n.01', 'oligodontia.n.01', 'osteopetrosis.n.01', 'otosclerosis.n.01', 'polygenic_disorder.n.01', 'porphyria.n.01', 'spielmeyer-vogt_disease.n.01']","['https://upload.wikimedia.org/wikipedia/commons/thumb/3/3e/Autorecessive.svg/512px-Autorecessive.svg.png?20230918180601', 'https://upload.wikimedia.org/wikipedia/commons/thumb/a/ab/Autosomal_recessive_inheritance_%28HY%29.svg/512px-Autosomal_recessive_inheritance_%28HY%29.svg.png?20220609090751', 'https://upload.wikimedia.org/wikipedia/commons/thumb/f/f1/Autosomal_recessive_-_en.svg/345px-Autosomal_recessive_-_en.svg.png?20231005223854', 'https://upload.wikimedia.org/wikipedia/commons/thumb/4/47/Autosomal_Recessive_Polycystic_Kidney_Disease.jpg/443px-Autosomal_Recessive_Polycystic_Kidney_Disease.jpg?20210124035308', 'https://upload.wikimedia.org/wikipedia/commons/1/11/A_boy_with_Down_syndrome_using_cordless_drill_to_assemble_a_book_case.jpg?20060827174519']",Autorecessive.svg,a disease caused by the presence of two recessive mutant genes on an autosome,black-forest-labs_FLUX.1-dev,stabilityai_stable-diffusion-xl-base-1.0
1570,predict_hypernym,5752544,learning.n.01,learning,['basic_cognitive_process.n.01'],"['apperception.n.01', 'attention.n.01', 'believing.n.01', 'classification.n.03', 'discrimination.n.02', 'inattention.n.01', 'intuition.n.01', 'memory.n.02', 'perception.n.03', 'representational_process.n.01']","['https://upload.wikimedia.org/wikipedia/commons/thumb/9/9b/10th_students_Crescent_camp_of_University_of_Nishapur_09.jpg/800px-10th_students_Crescent_camp_of_University_of_Nishapur_09.jpg?20130816212757', 'https://upload.wikimedia.org/wikipedia/commons/thumb/5/59/Four_Types_of_Learning_Styles.jpg/800px-Four_Types_of_Learning_Styles.jpg?20211110095059', 'https://upload.wikimedia.org/wikipedia/commons/c/cb/Panic_Learning_and_Comfort_Zones.png?20190727190802', 'https://upload.wikimedia.org/wikipedia/commons/thumb/3/39/Children%27s_number_blocks_being_used_for_learning_to_count_-_51069936953.jpg/800px-Children%27s_number_blocks_being_used_for_learning_to_count_-_51069936953.jpg?20210331095745', 'https://upload.wikimedia.org/wikipedia/commons/thumb/d/df/Learning_to_Code.jpg/800px-Learning_to_Code.jpg?20211110095105']",10th students Crescent camp of University of Nishapur 09.jpg,the cognitive process of acquiring skill or knowledge,DeepFloyd_IF-I-XL-v1.0,black-forest-labs_FLUX.1-dev
1583,simple_triplet_2parent,14859622,gallamine.n.01,gallamine,"['muscle_relaxant.n.01', 'neuromuscular_blocking_agent.n.01']","['benzodiazepine.n.01', 'cyclobenzaprine.n.01', 'methocarbamol.n.01', 'orphenadrine.n.01', 'papaverine.n.01', 'procyclidine.n.01', 'succinylcholine.n.01', 'gallamine.n.01', 'tubocurarine.n.01']","['https://upload.wikimedia.org/wikipedia/commons/thumb/a/a8/Gallamine_triethiodide.svg/204px-Gallamine_triethiodide.svg.png?20220108072121', 'https://upload.wikimedia.org/wikipedia/commons/thumb/5/59/Gallamine_triethiodide_synthesis.svg/512px-Gallamine_triethiodide_synthesis.svg.png?20160328015603', 'https://upload.wikimedia.org/wikipedia/commons/thumb/5/5a/Gallamine.svg/800px-Gallamine.svg.png?20070107012343']",Gallamine triethiodide.svg,neuromuscular blocking agent (trade name Flaxedil) used as a muscle relaxant in the administration of anesthesia,black-forest-labs_FLUX.1-dev,retrieval
1585,predict_hypernym,32902730,religious_person.n.01,religious_person,['person.n.01'],"['abator.n.01', 'abjurer.n.01', 'abomination.n.01', 'abstainer.n.02', 'achiever.n.01', 'acquaintance.n.03', 'acquirer.n.01', 'active.n.03', 'actor.n.02', 'adjudicator.n.01', 'admirer.n.02', 'adoptee.n.01', 'adult.n.01', 'adventurer.n.01', 'adversary.n.01', 'advisee.n.01', 'advocate.n.01', 'affiant.n.01', 'african.n.01', 'agnostic.n.01', 'amateur.n.01', 'amerindian.n.01', 'ancient.n.02', 'anomaly.n.02', 'anti-american.n.01', 'anti.n.01', 'applicant.n.01', 'appointee.n.02', 'appreciator.n.01', 'apprehender.n.02', 'aquarius.n.01', 'archaist.n.01', 'aries.n.01', 'arrogator.n.01', 'assessee.n.01', 'asthmatic.n.01', 'authority.n.02', 'autodidact.n.01', 'baby_boomer.n.01', 'baby_buster.n.01', 'bad_guy.n.01', 'bad_person.n.01', 'baldhead.n.01', 'balker.n.01', 'bather.n.02', 'beard.n.03', 'bedfellow.n.02', 'bereaved.n.01', 'best.n.02', 'birth.n.05', 'biter.n.01', 'black.n.05', 'blogger.n.01', 'blond.n.01', 'bluecoat.n.01', 'bodybuilder.n.01', 'bomber.n.02', 'brunet.n.01', 'bullfighter.n.01', 'buster.n.04', 'cancer.n.02', 'candidate.n.02', 'capitalist.n.02', 'capricorn.n.01', 'captor.n.01', 'case.n.06', 'cashier.n.02', 'celebrant.n.01', 'censor.n.01', 'chameleon.n.01', 'changer.n.01', 'charmer.n.02', 'child.n.03', 'chutzpanik.n.01', 'closer.n.01', 'clumsy_person.n.01', 'collector.n.01', 'color-blind_person.n.01', 'combatant.n.01', 'commoner.n.01', 'communicator.n.01', 'complexifier.n.01', 'compulsive.n.01', 'computer_user.n.01', 'contemplative.n.01', 'contestant.n.01', 'convert.n.01', 'copycat.n.01', 'counter.n.05', 'counterterrorist.n.01', 'coward.n.01', 'crawler.n.02', 'creator.n.02', 'creature.n.02', 'creditor.n.01', 'cripple.n.01', 'dancer.n.02', 'dead_person.n.01', 'deaf_person.n.01', 'debaser.n.01', 'debtor.n.01', 'defecator.n.01', 'delayer.n.01', 'deliverer.n.04', 'demander.n.01', 'dieter.n.01', 'differentiator.n.01', 'disentangler.n.01', 'disputant.n.01', 'dissenter.n.01', 'divider.n.02', 'domestic_partner.n.01', 'double.n.03', 'dresser.n.02', 'dribbler.n.02', 'drug_user.n.01', 'dyslectic.n.01', 'ectomorph.n.01', 'effecter.n.01', 'elizabethan.n.01', 'emotional_person.n.01', 'endomorph.n.01', 'engineer.n.01', 'enjoyer.n.01', 'enrollee.n.01', 'entertainer.n.01', 'ethnic.n.01', 'experimenter.n.02', 'expert.n.01', 'explorer.n.01', 'extrovert.n.01', 'face.n.05', 'faddist.n.01', 'faller.n.02', 'fastener.n.01', 'female.n.02', 'fiduciary.n.01', 'first-rater.n.01', 'follower.n.01', 'free_agent.n.02', 'friend.n.01', 'fugitive.n.01', 'gainer.n.01', 'gainer.n.02', 'gambler.n.01', 'gatekeeper.n.01', 'gatherer.n.01', 'gemini.n.01', 'gentile.n.02', 'good_guy.n.01', 'good_person.n.01', 'granter.n.01', 'greeter.n.01', 'grinner.n.01', 'groaner.n.01', 'grunter.n.01', 'guesser.n.01', 'handicapped_person.n.01', 'hater.n.01', 'heterosexual.n.01', 'homosexual.n.01', 'homunculus.n.02', 'hope.n.04', 'hoper.n.01', 'huddler.n.02', 'hugger.n.01', 'immune.n.01', 'individualist.n.01', 'inhabitant.n.01', 'innocent.n.01', 'insured.n.01', 'intellectual.n.01', 'interpreter.n.02', 'introvert.n.01', 'jat.n.01', 'jew.n.01', 'jewel.n.02', 'jumper.n.01', 'junior.n.03', 'juvenile.n.01', 'killer.n.01', 'kink.n.03', 'kneeler.n.01', 'knocker.n.02', 'knower.n.01', 'large_person.n.01', 'latin.n.03', 'laugher.n.01', 'leader.n.01', 'learner.n.01', 'left-hander.n.02', 'leo.n.01', 'libra.n.01', 'life.n.08', 'lightning_rod.n.01', 'linguist.n.02', 'literate.n.01', 'liver.n.03', 'longer.n.01', 'loose_cannon.n.01', 'loved_one.n.01', 'lover.n.01', 'machine.n.02', 'mailer.n.02', 'malcontent.n.01', 'male.n.02', 'man.n.03', 'man_jack.n.01', 'manipulator.n.02', 'married.n.01', 'masturbator.n.01', 'measurer.n.01', 'mesomorph.n.01', 'mestizo.n.01', 'middlebrow.n.01', 'miracle_man.n.01', 'misogamist.n.01', 'mixed-blood.n.01', 'modern.n.01', 'money_handler.n.01', 'monolingual.n.01', 'mother_hen.n.01', 'mouse.n.03', 'mutilator.n.01', 'namer.n.01', 'namesake.n.01', 'national.n.01', 'native.n.01', 'native.n.02', 'neglecter.n.01', 'neighbor.n.01', 'neutral.n.01', 'nondescript.n.01', 'nonmember.n.01', 'nonparticipant.n.01', 'nonpartisan.n.01', 'nonperson.n.01', 'nonreligious_person.n.01', 'nonresident.n.01', 'nonsmoker.n.01', 'nonworker.n.01', 'nude.n.03', 'nurser.n.01', 'occultist.n.01', 'optimist.n.01', 'orphan.n.02', 'ostrich.n.01', 'ouster.n.01', 'outcaste.n.01', 'outdoorsman.n.01', 'owner.n.02', 'pamperer.n.01', 'pansexual.n.01', 'pardoner.n.01', 'partner.n.03', 'party.n.05', 'passer.n.02', 'peer.n.01', 'perceiver.n.01', 'percher.n.01', 'person_of_color.n.01', 'personage.n.01', 'personification.n.01', 'perspirer.n.01', 'philosopher.n.02', 'picker.n.01', 'pisces.n.02', 'pisser.n.01', 'planner.n.01', 'player.n.04', 'posturer.n.01', 'powderer.n.01', 'precursor.n.02', 'preserver.n.03', 'primitive.n.01', 'propositus.n.01', 'public_relations_person.n.01', 'pursuer.n.02', 'pussycat.n.01', 'quarter.n.11', 'quitter.n.01', 'radical.n.03', 'realist.n.02', 'rectifier.n.02', 'redhead.n.01', 'registrant.n.01', 'relative.n.01', 'reliever.n.02', 'repeater.n.01', 'rescuer.n.02', 'rester.n.01', 'restrainer.n.02', 'revenant.n.01', 'rich_person.n.01', 'right-hander.n.02', 'riser.n.01', 'romper.n.01', 'roundhead.n.01', 'ruler.n.01', 'rusher.n.03', 'sagittarius.n.01', 'scientist.n.01', 'scorpio.n.01', 'scratcher.n.02', 'second-rater.n.01', 'seeder.n.01', 'seeker.n.01', 'segregate.n.01', 'self.n.02', 'sensualist.n.01', 'sentimentalist.n.01', 'sex_object.n.01', 'sex_symbol.n.01', 'shaker.n.01', 'showman.n.01', 'signer.n.02', 'simpleton.n.01', 'six-footer.n.01', 'skidder.n.01', 'slav.n.01', 'slave.n.01', 'slave.n.03', 'sleepyhead.n.01', 'sloucher.n.01', 'small_person.n.01', 'smasher.n.01', 'smiler.n.01', 'sneezer.n.01', 'sniffer.n.01', 'sniffler.n.01', 'snuffer.n.02', 'snuffler.n.01', 'socializer.n.01', 'sort.n.03', 'sounding_board.n.01', 'sphinx.n.01', 'spitter.n.01', 'sport.n.04', 'sprawler.n.01', 'spurner.n.01', 'squinter.n.01', 'stifler.n.01', 'stigmatic.n.01', 'stooper.n.02', 'stranger.n.02', 'struggler.n.01', 'subject.n.06', 'supernumerary.n.01', 'surrenderer.n.01', 'survivalist.n.01', 'survivor.n.02', 'suspect.n.01', 'tagger.n.01', 'tagger.n.02', 'tapper.n.02', 'taurus.n.02', 'tempter.n.01', 'termer.n.01', 'terror.n.02', 'testator.n.01', 'thin_person.n.01', 'third-rater.n.01', 'thrower.n.02', 'tiger.n.01', 'totemist.n.01', 'toucher.n.01', 'transfer.n.02', 'transsexual.n.02', 'transvestite.n.01', 'traveler.n.01', 'trier.n.02', 'turner.n.07', 'tyrant.n.03', 'undoer.n.02', 'unfortunate.n.01', 'unskilled_person.n.01', 'unwelcome_person.n.01', 'user.n.01', 'vanisher.n.01', 'victim.n.02', 'victorian.n.01', 'virgo.n.01', 'visionary.n.01', 'visually_impaired_person.n.01', 'waiter.n.02', 'waker.n.02', 'walk-in.n.01', 'wanter.n.01', 'ward.n.01', 'warrior.n.01', 'watcher.n.03', 'weakling.n.01', 'weasel.n.01', 'white.n.01', 'wiggler.n.01', 'winker.n.01', 'withholder.n.01', 'witness.n.05', 'worker.n.01', 'worldling.n.01', 'yawner.n.01']","['https://upload.wikimedia.org/wikipedia/commons/thumb/6/6e/Religious_fresco_in_Rila_Monastery.jpg/800px-Religious_fresco_in_Rila_Monastery.jpg?20230706112610', 'https://upload.wikimedia.org/wikipedia/commons/thumb/4/41/Swayambhunath_temple_-_an_ancient_religious_architecture_of_Nepal.jpg/800px-Swayambhunath_temple_-_an_ancient_religious_architecture_of_Nepal.jpg?20200908051640', 'https://upload.wikimedia.org/wikipedia/commons/thumb/e/ec/480Institute_of_Formation_and_Religious_Studies.jpg/800px-480Institute_of_Formation_and_Religious_Studies.jpg?20190816025946', 'https://upload.wikimedia.org/wikipedia/commons/thumb/6/6e/Religious_candles%2C_Aachen%2C_Germany.jpg/800px-Religious_candles%2C_Aachen%2C_Germany.jpg?20131229174235', 'https://upload.wikimedia.org/wikipedia/commons/thumb/d/d4/Sulpitius_the_Pious_church_in_Buxeuil_01.jpg/800px-Sulpitius_the_Pious_church_in_Buxeuil_01.jpg?20180705211051']",Religious fresco in Rila Monastery.jpg,a person who manifests devotion to a deity,black-forest-labs_FLUX.1-dev,prompthero_openjourney
1589,predict_hypernym,839834,overstate.v.01,overstate,['misinform.v.01'],"['beat_around_the_bush.v.01', 'deceive.v.02', 'lie.v.05', 'sandbag.v.04']","['https://upload.wikimedia.org/wikipedia/commons/thumb/b/bb/Celery_in_Our_State_-_Exaggeration_Postcard_%284244274738%29.jpg/800px-Celery_in_Our_State_-_Exaggeration_Postcard_%284244274738%29.jpg?20221207221533', 'https://upload.wikimedia.org/wikipedia/commons/thumb/5/50/Digging_for_Geoducks_-_Exaggeration_Postcard_%284306490720%29.jpg/800px-Digging_for_Geoducks_-_Exaggeration_Postcard_%284306490720%29.jpg?20221207143330', 'https://upload.wikimedia.org/wikipedia/commons/thumb/a/a0/Geoduck_Hunting_-_Exaggeration_Postcard_%284306493556%29.jpg/402px-Geoduck_Hunting_-_Exaggeration_Postcard_%284306493556%29.jpg?20221207221440', 'https://upload.wikimedia.org/wikipedia/commons/thumb/6/61/Stock_Sale%2C_1910_-_Exaggeration_Postcard_%2851933113826%29.jpg/800px-Stock_Sale%2C_1910_-_Exaggeration_Postcard_%2851933113826%29.jpg?20221204200901', 'https://upload.wikimedia.org/wikipedia/commons/thumb/0/0b/Carload_of_Mammoth_Naval_Oranges_-_Exaggeration_Postcard_%284243506793%29.jpg/800px-Carload_of_Mammoth_Naval_Oranges_-_Exaggeration_Postcard_%284243506793%29.jpg?20221207221720']",Celery in Our State - Exaggeration Postcard (4244274738).jpg,to enlarge beyond bounds or the truth,DeepFloyd_IF-I-XL-v1.0,black-forest-labs_FLUX.1-dev
1594,simple_triplet_2parent,5722208,kinesthesia.n.01,kinesthesia,"['somatosense.n.01', 'somesthesia.n.02']","['touch.n.02', 'kinesthesia.n.01', 'tactual_sensation.n.02']","['https://upload.wikimedia.org/wikipedia/commons/thumb/b/b1/Proprioception_image-01.jpg/394px-Proprioception_image-01.jpg?20190319212154', 'https://upload.wikimedia.org/wikipedia/commons/thumb/2/22/Proprioception_signals.jpg/800px-Proprioception_signals.jpg?20190829164407', 'https://upload.wikimedia.org/wikipedia/commons/thumb/8/8e/Proprioception_overview-01.jpg/394px-Proprioception_overview-01.jpg?20190319181340', 'https://upload.wikimedia.org/wikipedia/commons/thumb/3/35/Proprioception_signals.svg/701px-Proprioception_signals.svg.png?20190829162943', 'https://upload.wikimedia.org/wikipedia/commons/thumb/6/67/Skin_proprioception_no_text.svg/512px-Skin_proprioception_no_text.svg.png?20220526160212']",Proprioception image-01.jpg,the perception of body position and movement and muscular tensions etc,runwayml_stable-diffusion-v1-5,black-forest-labs_FLUX.1-dev
